6280_i,8c4c6e83-5aad-4f88-aa28-1e2b5d8acc75
6289_i,ab09beb6-fa8a-4422-b8b0-44d10e7f5731
6294_i,0911a866-e30b-45ff-81b9-13dff27a9407
6295_i,24198107-8f46-4dcb-857b-5bd44d6b4545
6299_i,bef53388-adb9-4330-a660-c5fc3bff474b
6301_i,4a6f7a67-1822-42f5-87a2-a829d9e355a9
6305_i,ee36d7e9-1868-4c82-aa89-ef476307ba01
6307_i,d24f25d5-efd7-42d4-9ad9-98da5cf1dff2
6316_i,ad41ffc2-bf6e-46ba-867f-7f84280d12a9
6332_i,633b15c6-ae4a-4fcb-91cf-05143a4ef4bf
6337_i,a53dfab0-8a26-4117-8d3c-b3ab108f55f8
6344_i,8e82c2eb-4702-49f2-a308-fb6e92276a1f
6375_i,5e1e8ad4-244b-4795-a5ef-af504366e964
6378_i,66045dad-14e3-4553-83ac-a18ce97f92ae
6379_i,3ef366cb-7d92-4283-a4eb-2c2fd4a29b80
6388_i,8cf25985-93a7-4ba5-8c11-635f119b3830
6398_i,a3995870-129d-4d94-ab23-9b4bf2e6aa81
6409_i,6796c1b6-6f16-44af-8785-1297a5bfbd9a
6410_i,7f56dd12-cb35-4d3f-9fc3-bcaa6d57b722
6411_i,be121015-fc8c-45e4-977a-cd93bd8e8320
6414_i,122676fa-1743-42e1-ad07-bc3413a09cb3
6416_i,4a22a042-fd3f-4316-94f7-aa0bba99a336
6417_i,21a4ae32-9975-4a13-8e4b-fd3cd059725c
6418_i,56be8e54-62dc-485c-8889-50a74a645037
6421_i,a42ed1fc-6d65-438f-811b-99cc29908e32
6431_i,425b1875-a6e2-42f9-aacb-6a7647e7f2b4
6434_i,db33ffa8-0db3-4b6b-bdae-2eb048de5e16
6435_i,7061ad12-22b9-4138-9a13-71a91e969672
6456_i,277165c4-0d8c-42bb-acb9-34cb7b6dd1ef
6459_i,155d0b30-9f78-4798-8569-8428651a21be
6464_i,7d5c25c5-67d8-47e2-976f-d05b210f7d92
6466_i,2365a67d-df73-4be0-858f-15ea9a542a45
6481_i,c4cd90bc-84ba-4eb1-8ea8-41c79cacde93
6499_i,e46e9366-a169-41d6-ad17-5d50dd5fb55a
6500_i,d6b67c3e-bae7-4c0e-80b7-9882fce73d35
6503_i,251424e0-d32e-4fb0-b51d-4859f9d5d7c8
6522_i,2c6aaab7-ee00-471f-b69e-c774ea6ba711
6531_i,db5e0b8f-47b1-44e3-b6bc-3c787f8f5697
6538_i,694a861c-66f5-4e10-b6e8-5e6052b4d737
6548_i,41a9a728-1afa-4f09-a18f-6cb7b5091831
6552_i,a0c1a011-1d92-4393-a372-57dc5aa04da5
6557_i,d14bb591-0b88-46c6-bcd7-7173250b7085
6573_i,2f20bf67-74a6-4818-ab99-305bee875f56
6580_i,0a3c64a4-2942-4b78-b7d9-f47120a6f7cb
6614_i,7fbf1ffe-d4cb-4143-9a97-9cb4d556d665
6639_i,a0dc15f0-b177-41f9-ba22-77d1af675723
6645_i,3f3fc4b0-5f84-4642-ad0f-81107576204a
6659_i,7e627f1a-0734-421a-85c8-a92698f7c096
6660_i,b94dd91b-432c-42cc-a21d-dbafa0b71097
6662_i,21e7eb96-5e22-4e87-ab62-0119414ae8f6
6712_i,69552997-84c0-4ebb-bf0b-652b7d1d2080
6736_i,e1d44366-5f52-4fb6-b469-4ec642379265
6759_i,1e31ac45-3843-47fe-922c-7d3910eaf2f0
6762_i,880e3936-0919-4377-9c13-26db55cd7a87
6769_i,2b999943-00bc-462d-82a5-d504498ffa96
6784_i,8901b8e3-7013-4275-886a-b4ff7811ef27
6791_i,20175962-78ac-46c9-8a3b-c52fc74b034b
6807_i,3adb99bf-5e78-4dfc-af48-2f4e2244f3f9
6814_i,054a59a6-8a34-4d7c-8724-605a12ea95f5
6819_i,ccc3ab31-f486-4ae6-8f81-8b78cc844a56
6821_i,3ddbebf4-f809-4339-ba6b-6998c7ac3ad0
6834_i,8d2a3cff-6f10-4a42-a103-d81238ab08db
6839_i,4dedace7-b117-4bc8-b74a-2f2c25fab4f9
6856_i,d696ee8a-8915-4b20-b921-14f84b1948f5
6869_i,bb53ff18-310f-4702-aa5d-be39838699d8
6871_i,1aea3cb4-569b-458b-b601-afaccc6ec311
6885_i,3ee2475d-ef78-4011-8d42-8d93a90a9f09
6887_i,eb22ace5-261b-4630-a3fd-a6e493be0028
6904_i,5e307f7d-16c8-4c88-a1e8-7befe9b16322
6906_i,06a29ef8-5824-4802-ba12-b14d85022968
6933_i,63f1a3dd-9663-44e5-9ca2-9323b57c509a
6941_i,a5c23b0b-9d68-4083-bd56-81df844f6091
6942_i,d99ff321-2e48-4fa5-9a8c-16a6e0d17b77
6948_i,6572419c-d462-452e-895a-f4e116a71814
6979_i,db384a43-0b08-420c-a09e-892d583c24d2
6981_i,0a12de77-bb33-4b08-a92e-4caffec63597
6988_i,408b59f4-e99c-4150-8131-c11572d5c8f8
6991_i,5916adc7-41f2-4378-9ca5-2c106847d328
7017_i,b205b5f0-6abd-4a19-bf22-0a87e90be12f
7023_i,a3f7e0b2-6db1-43d5-a43c-86abb39eb4be
7027_i,bae0c7c9-8e1e-473c-a595-163dd098a8dc
7035_i,76a728fc-c3cd-4440-8cfd-51666e501785
7059_i,cfc79615-262b-4976-a7bd-f829b8e19585
7073_i,07004d07-c9f0-4bd3-8c76-5a80d14eed15
7080_i,ceca24a4-60a7-4e2f-bd40-a9577a7359cb
7137_i,48a972e9-f6e9-4c35-9b9b-127d9cd1aa7d
7141_i,465093f3-7430-42a2-947e-23a60b5ac6df
7152_i,da952b11-5b76-439d-b997-acac2062c863
7157_i,3e6dab55-fd25-4273-b8ed-ee247364dc13
7165_i,6be59e66-55f0-4739-bd76-357c6780ba8d
7175_i,e6186327-c326-4c79-9331-6f4d7ee1b3c8
7185_i,337c0827-d6cf-49dd-ad9d-077ec5f3d80e
7188_i,5b82d10c-ffe0-4f89-bdff-06b2e85fef69
7193_i,3a0501cf-0a7e-48a9-a9be-e08b5bb587e2
7254_i,3cbd4dcf-0944-43dc-a68e-09e62c4be8ce
7261_i,2b140a7f-994a-42fe-92db-3fcb8cf57b4a
7273_i,9e4c932d-f0ad-4857-8d17-64f432d519d2
7319_i,50d0b93e-8004-4c68-b3b7-6e1d65c7d2dc
7338_i,968d38e1-6f1c-4137-aa09-06715c7bce08
7377_i,83bfb31f-e826-4958-88fa-56c29425f596
7381_i,922d1c88-2efc-4b28-9e9e-14c2201980d1
7402_i,23c878fb-bfb7-4f29-b5ed-eed894808166
7412_i,af399f95-df87-4427-9081-087388f4fe7e
7441_i,1f5e292b-7fad-4235-9854-fac78ce388ce
7460_i,19a85d4d-0798-45ee-a242-ec1aa04fb9cf
7473_i,6f74cedc-767d-46b1-b030-d206fd526521
7502_i,d1d3a3d1-f3ac-4d47-b662-018bece33ba5
7515_i,0ed4318e-9490-4760-bec7-220ee13b143d
7516_i,566d2df8-554d-4d01-9337-c9966e8a693b
7563_i,a84007b9-2664-4393-aa25-a1b55bb806d4
7572_i,5066738a-f566-4580-9880-2c8bfc0ac3eb
7593_i,310bbf4e-d614-4652-998d-f963c91df9e1
7599_i,fe05eb83-c6d6-4873-8daa-887573646d73
7612_i,d54f1c77-28b2-460b-8992-3364b92dff53
7630_i,e57191f9-3f26-4beb-a6c3-598644df213a
7724_i,0667c328-0afb-4c98-9abf-f5f2725e8fd2
7731_i,3cb6e330-7bc9-4090-b90e-892eec007115
7944_0,af367c30-e741-45b2-a9e0-f5cced4a7381
7767_0,d6e56f5a-b7e2-4f6c-b36a-67068ba16df4
8449_0,135c017b-98ab-4c39-904a-08c5ac17d6a8
7960_0,54b8cada-e20e-4801-bae6-da453ccb551d
7812_0,b47094c7-4b0e-4522-8543-c6044d237f71
8027_0,f2c14815-6591-4ea7-b812-29c34bd5cf07
11178_0,671e23c6-7697-4d3b-a74e-2abe0a1b0590
8129_0,23e099c2-cfe3-4bc2-86c3-d2ceb65cafa1
7768_i,53214491-2245-47c1-b5ff-b12683f87113
7769_i,296a9945-b164-41fb-8756-602923b7f4da
8395_0,efee4659-953a-48d4-9112-7f6861de73f5
7783_i,6ba21a70-3a63-4108-bb6e-1332a9943803
8236_0,14907bb5-89b4-45b6-bb49-68214e62cc68
8295_0,7b19ad98-1fd4-4a11-b1d9-7e82bd2a8c2e
8407_0,a0711580-1ab4-4016-bc83-ee24bdad4eae
7760_0,a11b5fb0-6343-4973-9429-af33c13aed6c
8657_0,202bd011-8fe6-4f01-be3f-eebf06111bb8
7961_0,ca0ec8ea-8d59-4eef-a6ce-991b9b738ea8
7838_i,6f966407-4671-4d39-af29-260bb1017ef9
7652_0,196379c4-9cf6-4b26-839a-7476683037bd
8303_0,3c2dd786-65be-4a46-85b6-6e231adb753f
7889_0,6cbd7dd2-bc1a-49ea-9f2c-ad021e9556a4
9182_0,9466139e-3ab1-4493-a507-beedafed40de
13056_0,c8d7090a-beb7-4ff7-95d7-cc66be5f4a57
7104_0,4e9d099f-4092-46d7-8a96-329c235b8a28
7853_i,f57c92a4-98dd-4990-ac17-45fec009e937
8174_0,ba3f4e98-1b70-4883-8791-d5e476530c98
7857_0,d86a67d0-10d2-4ce2-87ae-a2b6fe76a727
8065_0,4630b4d2-c270-4c4b-84a9-b3d1abb6d61a
7898_i,f18e5a1f-f3cb-4ce7-9e2d-3965472b3526
7971_0,019b8c3a-f34d-4ac0-9f39-bf1372ed777a
7895_0,6a8361b2-d60d-41d8-8807-3e2095ce3da7
8229_0,15ff4c4c-99e3-4025-88db-f5735825c085
9644_0,a80546d1-c19e-4058-a699-7461d484c613
7915_i,d9320cb7-b8ac-482d-8cbd-8730d40f7896
8244_0,666057eb-f6c7-4a23-82ea-439ac1147f93
7967_0,9845c33f-1f20-4a32-86c9-a8cf778598c3
7921_0,d05f5dcb-7a14-4dec-bacd-cc8a10be6143
7808_0,1da1f707-10cb-425b-8ddf-a3c247454b66
8069_0,c1e75e9a-f19f-48f7-a2aa-2ed750576154
7103_0,99b6fa40-2657-47b1-9357-afba7af36c2b
8948_0,db7f8d2d-4b6a-4840-9773-91d944e089f8
8173_0,a2aa287f-31f2-4ef7-94e8-fbab9e3c9bc2
8436_0,fa76c0e9-9b8f-49d0-b2f1-4f096a9f0d6a
8012_i,ef3ad5c6-0057-417c-b401-6e8ef75e06ad
8385_0,6f76e7ab-c236-4f23-b474-34fff5fde040
8703_0,0c042d38-0213-4b6a-9c2e-6510664a9c74
8009_0,e27a55a4-1382-46c7-9a43-06bd96c8d5fc
8056_i,461c7533-74c2-42ed-b3f0-0932bd537fb3
8172_0,f9205d71-9c3a-44b2-b56d-d0e52ed13283
8159_0,0200ad95-1909-43d7-8a50-c464fad38fac
8073_i,5c491740-b85a-4326-a2b8-d03a1b60521f
8089_i,67c7fd5e-c4dd-4ee4-bcb9-149425f50ab0
8101_i,a6b0aacf-267c-4917-89c5-7826e3da3100
8337_0,88f851e6-bc9e-4d97-935e-31ca611cd4e7
8130_i,54f7927a-462a-436a-abcf-444b249483f6
8135_i,890db142-8264-4bb1-aa99-455a7955d44b
8897_0,5adfa0ed-55bc-4a56-aa93-79fd6151c573
8169_i,95699f98-f102-4914-aa93-c36c4f518892
8422_0,b7c6fd05-dce5-4e00-8f49-00968336f534
8322_0,eeaaf17a-003a-4a6a-be6a-fc350240404a
8205_0,4e946e84-66f9-4070-b3f7-379a19ab8bab
8192_i,5b28599c-3e75-4d75-bd90-356c2b4009c8
11134_0,a8127836-2383-4654-9c0b-35bfe66d5d2d
8195_0,8b38dc76-9101-4e8a-9a1b-703f85b42177
8211_i,0a0ee4e4-053e-493f-b80d-69365975f40d
8356_0,aa4d5bc3-0d91-439a-8fad-f4431eb33773
8832_0,2416a00c-de96-4c5d-a640-da71f8b0c9c0
8185_0,00490302-e410-445f-ac17-238f61d0dd65
9724_0,b23f8a7d-0b92-43b0-9094-33ad1b25edf0
7755_0,8d2a3cff-6f10-4a42-a103-d81238ab08db
8667_0,ec9aa0dc-470b-4626-ab32-1a94e21958db
8658_0,8c0e4325-587e-4f34-8ce0-0f6debe3d23a
8247_0,bb53ff18-310f-4702-aa5d-be39838699d8
9103_0,716504cc-14c3-4b33-b3cf-83c9c1d31be1
8710_0,3e4f45ac-7f77-45b2-a6db-d44518c62707
8317_0,07d82c27-bb79-45d9-96e5-96377d183910
8789_0,24a4d2ad-6fe2-4a24-97af-f3075ae986e3
9207_0,e9cf9009-07e0-4bb2-a833-46ba34d601b0
9081_0,b39b2b00-0540-4c84-a5c8-a627225ede31
9385_0,4846ce67-4324-44a0-88da-b4d9c05cd802
9085_0,277cd67d-a309-4090-8739-db1e9a4b6dff
8740_0,5021d780-1f95-4fd6-a39e-71f03ca6d398
7787_0,0a12de77-bb33-4b08-a92e-4caffec63597
8224_0,7c046ffc-9944-4655-bc27-663c3b4c0790
8245_0,adea1d43-5504-4e25-9971-fe42d4eaf34c
10401_0,61c95a3e-c279-48ae-9c84-4a1cb37e5418
9197_0,ed8d0427-a2e2-4d67-bcb4-ed178d7b9032
8804_0,e823adfc-0a8e-457b-ad24-35a4993391be
8270_0,0ae1116f-98af-429a-8d47-e80a31664b0a
8313_0,b1cd47ec-4174-4e0e-8a03-5ee2a7bd3985
8297_0,71046e92-8fde-43e8-b360-d8397dae418c
8243_0,9bba9e66-44a0-4b4f-a479-60bdaf897514
8558_0,3ae56b92-3623-4e98-9112-deec9b50a4ca
7152_0,da952b11-5b76-439d-b997-acac2062c863
8645_0,dac114a5-e8fb-45f9-9156-77ef5f79bb5b
8643_0,17bffe0d-160b-466b-a293-075e40291c90
8096_0,92bdb9f3-7605-4b1a-9a0f-24f73c291289
8370_0,6303cee1-9905-427f-bba5-000f9f96faaa
8711_0,6c6302ea-bf02-42fa-9405-b63dd11a4eb5
8933_0,5e2902ea-a466-4d88-86f3-e7fa3809cb73
8745_0,f8e69726-33ba-4725-89a0-1968f71bb7c7
8314_0,919258b4-101a-4f58-b88b-b9e0b8839a27
8221_0,978f2b6d-388e-49a7-a5ab-d902eb605ece
8339_0,ffc6bb7a-fdcb-49c7-b6a8-80a0aff4a40a
9422_0,d58c7a40-1848-416c-8c4b-e9eb34c7cc67
8516_0,ee8d13ec-3e65-4194-932b-365ef44cbf90
8294_i,d3be2abf-a547-457e-a610-588eafe20e6a
8304_i,fbfedb18-8073-4540-b30b-db32b187019d
8622_0,138fe383-27f3-4098-880c-f64a10263b66
9405_0,ffbed87e-f42c-4ded-bad7-555d74bdc700
8346_i,03fb2b60-1a8a-4f90-bfac-8dbef33e672c
8368_i,463fa623-a4ca-4ddf-9d2d-33cf9d738f8b
9098_0,4496a7ea-6a34-40dd-a99c-0b205a9a06df
8390_i,fca99d94-460f-471f-9da2-d6764c52a37b
8400_i,d365d089-14c4-42fa-ac4a-ff713df1c810
8486_0,d76e0431-4248-4d95-9a0a-054dc5b50e8a
8426_i,1caf5a5f-8917-44bb-bad7-6779bc622800
8664_0,b73e78cf-2d74-41ff-9856-7fbd6e165ef3
8445_i,eac49379-5c17-4e0d-b251-9418cf495bb6
8321_0,a8dc09c3-8b16-4ab7-bdc4-91ff7a118606
8525_0,1237bdb5-c16f-4122-914a-2c961b15aa64
8478_i,5eafc558-1cf7-4a7a-840b-20734ba84249
8500_0,f2b86a07-3e57-4090-aebb-25169f074912
8504_i,1e98249c-7ed5-4b25-8249-c8a11fe24534
8587_0,8ccc75f4-5d78-4f6d-84fa-568bb6b5c386
8410_0,a7457d15-511c-4e00-aa1c-3f71c89817a8
13091_0,2199f9dd-5746-4d01-8433-5602c94faf5e
8927_0,515c25eb-ed46-4bfa-9086-b3c8dba7fc29
8579_i,ca1c4135-0bfe-480e-8d92-ee4c76ca364b
8594_i,f60fb4d5-92b4-4e43-822c-35a769e65340
10032_0,d72e67be-cac6-453a-90cb-473448a1739d
8698_0,647db660-fdaf-48f9-82e2-2dd488a16af6
9400_0,c39b438f-610a-4523-9625-88f8a7be202e
8709_0,47cc0268-d85a-4b81-9858-543b2e1ca05a
9930_0,dc51ee50-1e90-4ac4-bcf2-484f40ab7afc
8097_0,b47094c7-4b0e-4522-8543-c6044d237f71
10405_0,a4ff33d3-7406-49c6-8892-8edeec42b079
11178_1,671e23c6-7697-4d3b-a74e-2abe0a1b0590
8129_1,23e099c2-cfe3-4bc2-86c3-d2ceb65cafa1
10752_0,e86025a4-c511-4bd9-950d-8804c5a5923e
8967_0,4eb90b0b-9be8-494c-a7b1-4b13021c19d0
8395_1,efee4659-953a-48d4-9112-7f6861de73f5
8610_0,3e587f1f-7a5b-4c99-95e7-bde075a087b9
8431_0,05df64e7-de0e-459b-81e1-1671e050bf58
8694_0,2f47dd91-e293-4448-9ddb-c560ddc70d64
8604_0,3410a1d6-3044-420d-8982-bdb74f0846e5
8323_0,065cc096-c144-45b1-a06c-9bd1d1625c93
8657_1,202bd011-8fe6-4f01-be3f-eebf06111bb8
7961_1,ca0ec8ea-8d59-4eef-a6ce-991b9b738ea8
11440_0,8b1677ad-a88a-4255-af3a-a55517009ca0
8765_0,f9629e3d-498d-462a-9fbc-a1b2e8940ad9
8406_0,0af43b04-0f7b-4d5e-ba71-1f7fd4a0d929
8498_0,2128177f-2812-4795-8b4c-dc85c8fad5e0
9182_1,9466139e-3ab1-4493-a507-beedafed40de
13056_1,c8d7090a-beb7-4ff7-95d7-cc66be5f4a57
8428_0,4e9d099f-4092-46d7-8a96-329c235b8a28
9787_0,2f649034-61a3-4738-aa1a-c1940a166141
8416_0,46ab77c9-d553-4ff1-a85d-918ff21aad79
10005_0,4f68ebbd-18e1-4860-b355-bd5d50109c8e
8663_0,b2622b25-a166-4d02-b52f-aa50bdfc2c97
8818_0,dd2a54fa-7f49-488e-98ad-825fec909983
8397_0,155d0b30-9f78-4798-8569-8428651a21be
8741_0,af098825-f736-4186-8550-58f1eebeb8a8
9644_1,a80546d1-c19e-4058-a699-7461d484c613
8766_0,31a36996-c3e8-4482-bade-242358f57d28
8905_0,0d248164-2422-45f0-97f9-496f37ac04ff
8618_0,e6d46fcd-cb3c-48c1-b775-f3192b90c5e3
8599_0,cdb344af-bccb-48dc-a606-d9e8c1b19def
8879_0,42ec6abb-ddcd-4690-86b3-282b73bb6ff7
8613_0,a55a6bb3-f505-4770-a604-09b495bbdf6c
8351_0,39673f54-1612-4a6d-9ca5-ada531046e8c
8948_1,db7f8d2d-4b6a-4840-9773-91d944e089f8
8394_0,2b18ec49-fa57-4ad0-8b6c-5fe676576777
8436_1,fa76c0e9-9b8f-49d0-b2f1-4f096a9f0d6a
8631_0,84d4a011-59be-478d-9a2d-ec9925a0d012
8870_0,667b7b88-61c9-460f-9511-c5d04319e6a1
8703_1,0c042d38-0213-4b6a-9c2e-6510664a9c74
8534_0,9b5c87ac-938e-444b-8dd1-d010a32186a1
8345_0,5ec1eb9c-a9dc-48a4-aef0-33841d74fb84
8609_0,f9205d71-9c3a-44b2-b56d-d0e52ed13283
9748_0,0200ad95-1909-43d7-8a50-c464fad38fac
8647_0,4027b394-c53c-48e6-95d2-eb2d518a3c0b
8337_1,88f851e6-bc9e-4d97-935e-31ca611cd4e7
10029_0,46231411-84de-4aad-8e09-a31ea7a6ec80
9747_0,ceda9b90-bf54-435f-9e9c-8d551cf75713
8897_1,5adfa0ed-55bc-4a56-aa93-79fd6151c573
8584_0,053343bb-cb93-4571-b2fa-886ffcc54c22
8422_1,b7c6fd05-dce5-4e00-8f49-00968336f534
8719_0,25e1b84c-416a-40c6-afba-f602f993621e
9026_0,33f4a6e1-3d2d-448e-9e99-acbf9881fb40
11134_1,a8127836-2383-4654-9c0b-35bfe66d5d2d
8585_0,bfbfaf3b-c1c9-4761-9e08-7dd6d6bf97f3
9127_0,e77f06c0-e170-4709-9ecc-ae72ab762df1
8697_0,05b70fc9-015d-4662-be31-e5bc668dde32
8832_1,2416a00c-de96-4c5d-a640-da71f8b0c9c0
8185_1,00490302-e410-445f-ac17-238f61d0dd65
9724_1,b23f8a7d-0b92-43b0-9094-33ad1b25edf0
7755_1,8d2a3cff-6f10-4a42-a103-d81238ab08db
8667_1,ec9aa0dc-470b-4626-ab32-1a94e21958db
8658_1,8c0e4325-587e-4f34-8ce0-0f6debe3d23a
8718_0,2322720f-1c0d-4ec9-b6e0-1bb719d3c1e5
9103_1,716504cc-14c3-4b33-b3cf-83c9c1d31be1
8710_1,3e4f45ac-7f77-45b2-a6db-d44518c62707
8620_0,fb4a84de-54c2-408a-9849-891444ab5409
8789_1,24a4d2ad-6fe2-4a24-97af-f3075ae986e3
9207_1,e9cf9009-07e0-4bb2-a833-46ba34d601b0
9081_1,b39b2b00-0540-4c84-a5c8-a627225ede31
9385_1,4846ce67-4324-44a0-88da-b4d9c05cd802
9085_1,277cd67d-a309-4090-8739-db1e9a4b6dff
8740_1,5021d780-1f95-4fd6-a39e-71f03ca6d398
7787_1,0a12de77-bb33-4b08-a92e-4caffec63597
8224_1,7c046ffc-9944-4655-bc27-663c3b4c0790
8245_1,adea1d43-5504-4e25-9971-fe42d4eaf34c
10401_1,61c95a3e-c279-48ae-9c84-4a1cb37e5418
9197_1,ed8d0427-a2e2-4d67-bcb4-ed178d7b9032
8804_1,e823adfc-0a8e-457b-ad24-35a4993391be
9136_0,f510da07-de66-4f0c-afb3-589d5f2dfc11
8297_1,71046e92-8fde-43e8-b360-d8397dae418c
9245_0,0b18a4b6-604d-446e-92f3-6b4ee64e97be
8654_0,daf6cb97-e5af-48ec-9631-7154f54e53b6
7152_1,da952b11-5b76-439d-b997-acac2062c863
8645_1,dac114a5-e8fb-45f9-9156-77ef5f79bb5b
8643_1,17bffe0d-160b-466b-a293-075e40291c90
8738_0,54793328-5686-4e96-a8a7-f15681d7d220
8869_0,a96d2587-5e74-47e9-b911-198375247324
8711_1,6c6302ea-bf02-42fa-9405-b63dd11a4eb5
8933_1,5e2902ea-a466-4d88-86f3-e7fa3809cb73
8745_1,f8e69726-33ba-4725-89a0-1968f71bb7c7
8314_1,919258b4-101a-4f58-b88b-b9e0b8839a27
8857_0,978f2b6d-388e-49a7-a5ab-d902eb605ece
8560_0,ffc6bb7a-fdcb-49c7-b6a8-80a0aff4a40a
9422_1,d58c7a40-1848-416c-8c4b-e9eb34c7cc67
8616_i,f9f7d435-18a6-4f9d-a0d4-f726d8da2bbc
10146_0,017b4c55-3b69-4771-86af-b7c3270f7222
8625_0,48b38a0e-4dc5-4551-b133-26e2875fb11d
8304_0,fbfedb18-8073-4540-b30b-db32b187019d
8668_i,80f5d663-5a55-4656-b0b8-6a8162615257
8622_1,138fe383-27f3-4098-880c-f64a10263b66
9405_1,ffbed87e-f42c-4ded-bad7-555d74bdc700
8946_0,b0fb2549-0452-44c2-a2da-a35bbeaa948e
8693_i,ccde9048-be69-4d78-aa74-7aa50db9661b
9008_0,1e674bb5-6bba-4a54-8125-6d19ecec06d1
8704_i,e2286de4-90d3-4ee8-ac8a-5d0fdcb8d271
9098_1,4496a7ea-6a34-40dd-a99c-0b205a9a06df
8714_i,273e47d2-c812-4a18-bccc-c8ebbf1a9a20
9086_0,8f8f0cd7-9a47-42eb-a8f8-4fd5696f28e6
8686_0,12d0d40f-4b2e-4c4a-9fd9-441d15194bb2
8486_1,d76e0431-4248-4d95-9a0a-054dc5b50e8a
9659_0,c9e9362d-55be-49aa-a15f-b30f7df9436d
8664_1,b73e78cf-2d74-41ff-9856-7fbd6e165ef3
8445_0,eac49379-5c17-4e0d-b251-9418cf495bb6
8802_0,6fd5723d-7f07-4a21-9721-d07b9c2dbd7c
8764_0,e765be8e-36fa-45f5-8eee-461587f431d5
8478_0,5eafc558-1cf7-4a7a-840b-20734ba84249
8886_0,f858ebfe-3f03-40d5-936d-58c2be1d8d2b
8504_0,1e98249c-7ed5-4b25-8249-c8a11fe24534
8823_i,c1417c7b-128e-4e45-bc66-59c1515e47d1
8934_0,6d715dba-592f-4df8-a8c3-7f1ae848623f
10324_0,d5833507-85d4-43d5-8317-8a65e91fb406
13091_1,2199f9dd-5746-4d01-8433-5602c94faf5e
8927_1,515c25eb-ed46-4bfa-9086-b3c8dba7fc29
8872_i,61c92857-752f-446f-90ab-97cfca390e68
8986_0,2eef7b2c-5773-4309-97fa-e5e1ae80ed8d
9100_0,de6d8a2f-1c0c-4926-b634-70b0e7f3363b
8901_i,0aed7637-f899-4496-8154-08345a1f1675
8912_i,551ecc4a-9ee3-4f3e-869e-37301e786e34
10032_1,d72e67be-cac6-453a-90cb-473448a1739d
11796_0,c4e881f9-6d57-4294-b21a-385e4fefea42
9400_1,c39b438f-610a-4523-9625-88f8a7be202e
9024_0,71aee7e4-c900-4356-9381-32e19e6b2788
9930_1,dc51ee50-1e90-4ac4-bcf2-484f40ab7afc
9997_0,40f60966-2348-4f2f-acb6-09abb3b4d220
10405_1,a4ff33d3-7406-49c6-8892-8edeec42b079
11178_2,671e23c6-7697-4d3b-a74e-2abe0a1b0590
8801_0,f33e0417-e906-49e4-ba82-2042bc24f32b
10752_1,e86025a4-c511-4bd9-950d-8804c5a5923e
9122_0,64da501f-3288-4328-861f-234e56fb1f3f
8395_2,efee4659-953a-48d4-9112-7f6861de73f5
9587_0,6632cb8c-3228-490f-9ce9-b6c20fe4abc5
9151_0,275e255f-4a17-402c-b8e7-498618d3689e
9001_i,505e5f8a-b762-4c56-a8dd-b743256c674a
8966_0,cfd5087f-58df-4a84-be8f-ebcf8fb7d4b4
9144_0,065cc096-c144-45b1-a06c-9bd1d1625c93
10041_0,e3122724-2e51-4ce5-a0fd-b45f49d4bf67
8932_0,a5b655aa-dfd2-45c5-b525-b53ea270a6f4
11440_1,8b1677ad-a88a-4255-af3a-a55517009ca0
9093_0,04b28ddb-ed98-4a65-8e7c-53de47d848fb
9058_0,2f9531f2-74da-41f2-bbe5-de523cb2cdbb
8980_0,85c6ac2c-564e-4f51-a9e0-54f3350643d3
9182_2,9466139e-3ab1-4493-a507-beedafed40de
13056_2,c8d7090a-beb7-4ff7-95d7-cc66be5f4a57
8881_0,bb3781f6-6388-4607-944f-30780abd4a4f
9787_1,2f649034-61a3-4738-aa1a-c1940a166141
9443_0,ac434d57-0751-4eeb-a477-b6e18393687a
10005_1,4f68ebbd-18e1-4860-b355-bd5d50109c8e
8939_0,f46a8bc8-8a59-4269-9428-955b52aa649f
9031_0,8b74f55f-2d8d-42e7-991d-2740dd8a3662
9102_0,6a8361b2-d60d-41d8-8807-3e2095ce3da7
8974_0,f2f2d673-3756-43a5-844e-2a2a79f46475
9644_2,a80546d1-c19e-4058-a699-7461d484c613
9387_0,90ea41c9-76d5-4ca0-bcc9-c2992bef8488
9756_0,5ad99cb9-aef5-4ca3-a112-fa3005eeccf9
9072_i,0bdb5280-2a97-4100-8e2d-01f122633cc2
9208_0,c282725d-bbcd-43e2-9ac5-9fce69f3b1e8
9234_0,c147beca-aed5-4381-9427-928fb323cd9a
9157_0,324480ef-5058-40c8-ad43-e7eec15397e6
8613_1,a55a6bb3-f505-4770-a604-09b495bbdf6c
9392_0,35a7850b-f5e2-49ab-8c5f-f07f71f1961d
9594_0,db7f8d2d-4b6a-4840-9773-91d944e089f8
9204_0,52c8451f-97b7-4c41-803f-d065f936d272
8619_0,c3192a8a-67f9-49aa-a43d-98d1cb600c9d
10281_0,8d844619-a2a2-4cf5-b0d4-a9b075055314
10058_0,11188eb0-fe7f-486a-9fd6-9ac623f015f3
10364_0,be0d50ad-039a-4362-b034-96f921eefdce
9498_0,0a641fc7-a03a-49aa-ba47-3b1e06a9ac74
8951_0,60e1fb2a-a8fd-4363-af8e-3da87931e307
9310_0,742df582-c4ec-4821-b304-e04b28b3d296
9748_1,0200ad95-1909-43d7-8a50-c464fad38fac
9188_i,72d4a64e-9b01-4e8f-b0f8-d04d0f829eb3
9196_i,7b509db2-089e-42b8-8e2f-d47d2de5185b
9726_0,cd41c3ed-d629-4829-93b0-75fc0e534e39
9375_0,730801f8-1b19-49c2-93f1-c3800647ab21
10029_1,46231411-84de-4aad-8e09-a31ea7a6ec80
9747_1,ceda9b90-bf54-435f-9e9c-8d551cf75713
9240_i,102858ec-0b83-4101-abe7-74f253164556
10819_0,83327989-7483-4ed4-a434-2bb9699565c8
9327_0,ed0a9c44-031e-4438-a7c3-c8930fd89cb9
9259_i,215c9220-61ee-4c35-a118-3464c698187c
9477_0,00c2d9bd-3325-4150-bc0a-a169d0efcaf3
9228_0,f5d292cc-18f9-4145-9999-8772cb82076a
9026_1,33f4a6e1-3d2d-448e-9e99-acbf9881fb40
11134_2,a8127836-2383-4654-9c0b-35bfe66d5d2d
9508_0,e77f06c0-e170-4709-9ecc-ae72ab762df1
9790_0,7e79e3fe-d4a9-468a-84ba-ef486dafd759
10431_0,37da0485-90a5-43f3-8c81-d981643429f1
8712_0,4f1fd6e6-5548-4c5d-b65d-e144486342d5
9724_2,b23f8a7d-0b92-43b0-9094-33ad1b25edf0
9291_i,b954a953-bbb9-4e1b-9e7b-03693c07b142
9295_i,a25dc812-26c3-415e-b97e-21b7ccd12b75
9300_0,8cafecf1-296f-45d2-9102-80cc2ee9af94
8667_2,ec9aa0dc-470b-4626-ab32-1a94e21958db
8658_2,8c0e4325-587e-4f34-8ce0-0f6debe3d23a
9469_0,2322720f-1c0d-4ec9-b6e0-1bb719d3c1e5
9103_2,716504cc-14c3-4b33-b3cf-83c9c1d31be1
9432_0,fb4a84de-54c2-408a-9849-891444ab5409
9633_0,09b86de7-c21c-4335-aadc-9f4348252c61
9207_2,e9cf9009-07e0-4bb2-a833-46ba34d601b0
9433_0,6a46fd83-c5b7-435e-bfb5-dfb96482e7eb
9385_2,4846ce67-4324-44a0-88da-b4d9c05cd802
10379_0,7c5eeb15-7be1-4a3b-aa6b-a6ff412328f5
8916_0,f3c5a5d0-905b-44bd-a07f-277d620d61cd
9861_0,4158a344-aed4-4501-8bce-243c70d1bd38
9044_0,e81f308e-2a73-409b-8158-c55cdfacb97e
9076_0,23d39fd7-d8ad-4ca7-bd1e-a338976dc606
10401_2,61c95a3e-c279-48ae-9c84-4a1cb37e5418
11280_0,914d1b48-a4ab-4f30-ac97-e64e291bef84
9990_0,5eb445d1-c7d1-4096-9a0f-c81f900ade9e
9205_0,e505ea82-9b19-4092-b0a1-61a41eb003b1
9397_i,c5dfcd7e-6fe3-4a74-8bff-f3ce3ff81300
9401_i,025d784e-70c5-4702-85c1-9d172925ba13
9847_0,71046e92-8fde-43e8-b360-d8397dae418c
9245_1,0b18a4b6-604d-446e-92f3-6b4ee64e97be
9420_i,361a324c-d0e6-4a1b-968b-b2573022650f
9459_0,6e4ad35e-e668-4359-a6cf-b23713c8ae32
9453_i,7d0be432-7c7c-4aa4-ac6e-91073d43dbc4
9036_0,60c1d6fa-604b-4946-b312-acb7df030eef
9758_0,91604b7f-0622-44cb-adb8-e1264385e9b5
11060_0,34531e45-aa49-4d34-a6a8-b58462ef4383
9665_0,6908820c-6491-4179-9d46-67bad9508cad
9491_i,1d270d8e-1129-4347-9c34-2fdf98daed0b
9683_0,05ee12e0-8ae5-4962-96d1-aa3a50375a9b
9501_i,979e13da-e2b5-4e15-a87c-c8e9f325467d
9504_i,16673815-9a75-4663-b442-9fe3b87f49dd
9591_0,a117bc46-1139-4f94-b02f-4ecb0600f48c
10142_0,2005894f-a85f-4f7d-b314-0ec253e514ee
9574_i,505de07c-8e5f-453d-8878-b6c487986e3c
9536_0,388c77dd-1984-4da2-bc76-6dee1bd392c9
8560_1,ffc6bb7a-fdcb-49c7-b6a8-80a0aff4a40a
9624_i,28e22aae-a0b1-4be7-bce2-498df126b541
9627_i,d13375b7-1653-44aa-b983-769ab0d36d02
9634_i,b3f30043-4a5b-490a-8e6f-6ee02b56ba1b
9638_i,f92db86c-ae87-4008-9492-2cf10ef1c939
10065_0,6b00aca1-3031-427d-a006-235346aea61a
10146_1,017b4c55-3b69-4771-86af-b7c3270f7222
9658_i,9d78ed17-eb67-40dc-aef8-aa27f696e3ee
9436_0,c1f31c14-ee86-4f22-a381-e80ff9f64a2e
9742_0,8bdf3bce-1a2a-4860-b7e8-8e99dae5ff17
9405_2,ffbed87e-f42c-4ded-bad7-555d74bdc700
9962_0,b5639e7f-5ba2-471e-8432-b7668973180f
9676_i,eace605e-c47a-41ff-82a7-f27969823ce5
13229_0,35396362-76b7-482d-acd8-b4e8ef493870
10420_0,d73d1eea-db36-4aee-9267-f1740f2a84e9
9581_0,06cefd42-97be-4ba4-9d11-998317e4e4e4
10167_0,0e04f5aa-adc2-4d72-b1df-9ce76ad84125
9693_0,8f8f0cd7-9a47-42eb-a8f8-4fd5696f28e6
9256_0,644def52-3e59-475f-a068-119c54823cac
10341_0,621b98c6-cb21-40d4-b7c2-51d82dfe9e6a
9659_1,c9e9362d-55be-49aa-a15f-b30f7df9436d
9823_0,83b7b583-ab13-4e84-be95-95289b201355
9551_0,12b349c0-04b2-4356-aaee-4d1893938895
9785_0,abd27680-abd5-4215-b24c-4dac7f99e755
9849_0,5c7ede6e-9c75-49aa-8f88-355cbc0c02e9
9983_0,b8fe5101-ed70-4996-92cf-9b0aae84065c
9460_0,5710070a-19f7-4b47-a348-99d58e4e577e
8504_1,1e98249c-7ed5-4b25-8249-c8a11fe24534
9784_0,1b51d703-994a-4385-b09d-039243498519
10224_0,e90680d5-d12f-4c37-acde-04f878373224
10324_1,d5833507-85d4-43d5-8317-8a65e91fb406
13091_2,2199f9dd-5746-4d01-8433-5602c94faf5e
9968_0,b6fe8370-a066-41f8-b154-8673be260192
9833_0,06307030-6818-4982-8227-1521fcf3f86c
9781_i,fa7d7512-77ca-4696-be23-a89c705846d8
9732_0,fd584471-7046-4141-ba3b-280695235db8
9771_0,9b501e06-2cd8-4f67-9b7f-94742783255f
10032_2,d72e67be-cac6-453a-90cb-473448a1739d
11796_1,c4e881f9-6d57-4294-b21a-385e4fefea42
9853_0,10aee22c-218b-4569-9013-3f285e3a34f4
9697_0,5a327817-4fab-456f-ac55-cf1bcfa14af6
9930_2,dc51ee50-1e90-4ac4-bcf2-484f40ab7afc
9997_1,40f60966-2348-4f2f-acb6-09abb3b4d220
10405_2,a4ff33d3-7406-49c6-8892-8edeec42b079
9870_i,aa454a62-fd0f-4952-9823-a98bdb8c99eb
11178_3,671e23c6-7697-4d3b-a74e-2abe0a1b0590
9769_0,f33e0417-e906-49e4-ba82-2042bc24f32b
10752_2,e86025a4-c511-4bd9-950d-8804c5a5923e
10134_0,62ca2165-a877-4168-a114-be28909d2267
10204_0,69dab7f3-1496-464e-9c53-3d22ef4f2efb
9657_0,57c34cfe-b5fd-4986-90a9-2a397fd6f63c
9908_0,e766d4bb-4b1f-4674-954e-2a8fca072f24
9915_0,8b3e1c76-3f4e-4135-b0e1-1c47530489e5
9918_0,4e8d0f5e-9127-4203-961f-95dc87c0c0b4
9976_0,a187e29f-9435-45d9-a333-48bc30f368f3
10041_1,e3122724-2e51-4ce5-a0fd-b45f49d4bf67
12098_0,7e219a75-c399-45a2-81a0-9d75fe0c2b1c
11440_2,8b1677ad-a88a-4255-af3a-a55517009ca0
10125_0,c5d7f611-fd7d-4e70-b3a2-52328717751f
10550_0,548ae309-e6fb-4790-af82-165df6f0a000
9942_i,ac71bd5f-3b4b-4680-a3ae-242f94fbce6c
13056_3,c8d7090a-beb7-4ff7-95d7-cc66be5f4a57
9981_0,7d9e0772-6159-4aae-8ba6-f9588f4c602e
9787_2,2f649034-61a3-4738-aa1a-c1940a166141
12697_0,6af56cfe-84ad-480a-ba8e-8f3550b8ee0a
10005_2,4f68ebbd-18e1-4860-b355-bd5d50109c8e
9954_0,c0cec689-9782-4558-8fd5-ccdae76ae970
9960_i,58e5790b-bc0f-43fb-9fe6-d84b13847ad7
9961_i,0b6374b5-3be5-4cf0-b465-50860d8f872f
10106_0,d72170ce-6bba-40c7-983c-45ecd72ac3c5
10332_0,6a8361b2-d60d-41d8-8807-3e2095ce3da7
9816_0,a5a82d13-258d-471f-a07c-f39012694011
9668_0,551c07f6-27b5-4b7c-a8b6-e3614e52e62b
9901_0,6705c6f7-e2fa-40a4-b483-e52ca9ba01bf
9998_i,72edf1e3-57ba-4987-a372-e6b62c4d1962
10110_0,ad1a8b53-6a25-40ba-aefb-6253caac0c45
9953_0,902a5f5b-f80f-4579-b926-8117ffd8421f
10350_0,703770ba-2e37-4d1b-a808-31b5b50bcfb7
10183_0,c064cadd-d2b6-486f-ac6c-d659e67b8ac1
10016_0,187b4523-56f7-4ca9-b301-817286af7c0a
10267_0,35a7850b-f5e2-49ab-8c5f-f07f71f1961d
10088_0,f97c4e1f-6364-45b3-bb23-afea9bc2d030
10851_0,fd4d0978-c1b0-476d-8cbc-4fdedb040831
10281_1,8d844619-a2a2-4cf5-b0d4-a9b075055314
10051_i,817c4d68-0a65-46a5-a7ba-78a8c17cba21
10058_1,11188eb0-fe7f-486a-9fd6-9ac623f015f3
10364_1,be0d50ad-039a-4362-b034-96f921eefdce
10398_0,a4e46c3c-d448-41bb-96a5-d576d44b1b32
10314_0,989163ad-a11f-485b-ac60-6ca53f847ca7
10068_i,b3565f19-bc6d-4f8d-83ce-1cc6b02abdcc
10148_0,0200ad95-1909-43d7-8a50-c464fad38fac
10218_0,3895b155-f215-4f35-b2d5-bd2951d8b286
10318_0,8877fc54-8bbe-46b8-9dcd-2a0b2188c766
11769_0,aad1f779-acdf-4ba4-8ba5-eef9fbf2749d
10091_i,e13e02c3-5740-4369-810d-1665fca1fd44
10059_0,730801f8-1b19-49c2-93f1-c3800647ab21
10107_i,4bd1dcbb-8abf-4ea6-b123-d3665b53f145
10029_2,46231411-84de-4aad-8e09-a31ea7a6ec80
12142_0,6d5305c3-7cc8-46ed-8333-e6f4d0a358fe
10969_0,ef22b73e-07ae-4c7f-8bd2-936365914089
10819_1,83327989-7483-4ed4-a434-2bb9699565c8
10126_0,ed0a9c44-031e-4438-a7c3-c8930fd89cb9
10383_0,41a617e5-19b5-4a13-b0dd-f3cd0b443532
10363_0,4f7a99c2-2a07-4f21-956e-b51e75910785
10100_0,9bce5be7-711f-4b10-9b92-3b31daab347e
9615_0,4d710eb3-f1c9-4191-9f3e-53da633b4c23
11134_3,a8127836-2383-4654-9c0b-35bfe66d5d2d
10228_0,3c1d0bee-259d-47f6-b06a-ad325667bfa4
10048_0,01e66177-d57f-48d0-a6df-8e77d3baffdd
10431_1,37da0485-90a5-43f3-8c81-d981643429f1
10206_0,e27515a8-51c1-4902-a605-cd029b5ca6dd
10177_0,154621a5-e193-446d-b37a-edc64cda0b0c
10198_0,449efd71-647e-49dc-918b-28974104d473
11109_0,ab451ca9-32ca-478c-b19b-855473f5019f
10244_0,8ac45e44-bdc4-403e-9129-1e906cfe2d69
10111_0,411b9caa-1187-495f-b2fc-aa5873c98ffc
10316_0,abe784fa-910b-409f-8ab0-1ba1d9b34349
10214_i,0b29da09-e71a-42da-b78b-d224ffeb2be4
10237_0,18e25276-16ba-4538-ae91-9dacfcb1d31d
9633_1,09b86de7-c21c-4335-aadc-9f4348252c61
11054_0,9816eab8-73b6-4c44-9188-448acd9d4246
10017_0,8a2592db-ede4-4d04-bd08-e3fb33a6d4ae
10379_1,7c5eeb15-7be1-4a3b-aa6b-a6ff412328f5
10623_0,6a736d4e-17c2-466d-aa79-12b9c634adc1
10197_0,10659551-4bde-4b4e-b0df-435b6ef51d1e
10401_3,61c95a3e-c279-48ae-9c84-4a1cb37e5418
11280_1,914d1b48-a4ab-4f30-ac97-e64e291bef84
12083_0,cca296d5-d674-4778-b5a8-583fafd89cf8
10280_0,331961d1-ca43-4b39-a9c8-21879f15195b
10591_0,4f89972a-712f-401a-a9a2-6a96ed014800
11984_0,5a17580a-1366-4ca0-8ca4-a4c1a69b26d2
10291_0,21daab0d-e4c3-460e-8792-c00e21550626
10359_i,fedb8d0a-d9e9-4bbc-9831-81030f790900
10428_0,72c53055-2c87-4ff9-90f1-2ce5445c8bc7
10475_0,35bc6e1a-6c7e-40eb-8fa0-4d4ed48c6184
10271_0,9a0688df-fd9e-4430-9af5-76dacf8a5de3
11238_0,2946ddc8-80bc-4d07-90de-a4a190349aaf
11060_1,34531e45-aa49-4d34-a6a8-b58462ef4383
10658_0,6ef9db65-acbd-4bb7-af63-06982bd3d411
9999_0,c87ff9f4-7a24-4a0b-b36a-f6ba340fd943
10665_0,6a47fa57-4038-4420-bacb-11c3b8aeff32
10544_0,7b63ed82-3f94-4c2c-a4d5-82d402fdbf41
10006_0,bf145526-82f3-4613-9544-294944a35ef5
11093_0,6a9362d7-3ebb-4176-a655-7e2ac25fcdd8
11382_0,c870625c-0d56-454d-991f-e71f7bb4e014
10185_0,af73ef5d-b4cc-473d-b803-35a6e2f273fc
10501_i,7161ed8e-5e47-43df-aa97-a53bc2594340
8560_2,ffc6bb7a-fdcb-49c7-b6a8-80a0aff4a40a
10795_0,d0b96895-c66f-48ac-9e2e-964f0422aaf1
10535_i,55b3481d-fb2c-46dd-b8b7-3e5688642ccb
10911_0,8729ccc0-cb64-4055-b6c8-15c0a25fb019
12592_0,1cc547f5-c2fd-4320-a289-1957a9468786
10442_0,8d03996c-c1c0-438c-a3b1-5e1693354c60
10624_0,b2a49dc5-71cc-428c-bd38-41b9e6f3a173
11248_0,3121747d-9e5e-48b0-9ee5-a249344f7b59
10556_i,cd511ea2-b44e-441c-b747-4f95dc3f6578
9436_1,c1f31c14-ee86-4f22-a381-e80ff9f64a2e
10639_0,1225992e-61ed-432a-a6b1-7b550566dfca
9405_3,ffbed87e-f42c-4ded-bad7-555d74bdc700
10922_0,b798e50c-0d3e-4671-b6d2-e338085dd775
10768_0,c78fb0c1-836f-42f3-ad5e-8a46c5d140ee
13229_1,35396362-76b7-482d-acd8-b4e8ef493870
11064_0,7a778897-a43c-481c-a338-9a56518ce169
10536_0,ad7165cd-09bf-409c-956b-ad2463d8560e
10664_0,6c394489-36ef-45b6-9dbe-7073d3188c86
10791_0,1d2a8dc6-f4cd-425a-b7e5-5ada23596ad5
11113_0,6b82d8a6-0cb7-4b0f-bc01-d3c114f0c58a
12122_0,8279dcde-bf51-4d62-b853-c86db3953d4f
10988_0,5075f9e2-455b-424b-b771-5f1961b7be94
11453_0,ea16dfca-1d8c-4e8f-9222-1084b9fafe8d
10686_i,c18bdc15-003c-4aa3-a49f-a8d2e397b71a
10744_0,ba8813a7-9631-4099-a4a8-491ef2a5ce75
11100_0,e6f8805f-c849-4ce0-9bb4-5dbd68e9f04d
10279_0,ab5221f0-f866-43de-8e64-da4da772442d
10879_0,77e9e9fb-571c-46a8-9b7e-0b613544e930
13091_3,2199f9dd-5746-4d01-8433-5602c94faf5e
10754_0,6580d777-7334-45aa-bf46-4835b08875b4
11754_0,eed91928-ae33-474e-84a9-9906d1e31657
11011_0,a38a4be3-234a-46db-9ce7-209961aece1e
10629_0,2bfac9c3-e85f-4743-b503-4e491146d430
11730_0,9547e4a7-b07a-42b4-a9e2-7d3fae4784dc
11796_2,c4e881f9-6d57-4294-b21a-385e4fefea42
11321_0,e35d5e25-19d0-40d9-837b-634e99209efd
10901_0,727598ae-4adb-4897-9efb-dd7c7f58dddc
10986_0,70f95a01-fffb-47c5-9822-dfe0aefa1a29
11237_0,8fc06d40-47de-44fe-bafb-5bde6f0ea31d
10830_0,b27bee8b-901b-4edd-b0c0-1b3b71974ed7
10863_0,4a279841-689c-4ce3-969b-d40af3b5b562
10916_i,809dad2f-ecb9-4ecc-ba82-d65d6597bc41
11178_4,671e23c6-7697-4d3b-a74e-2abe0a1b0590
10965_0,347e7561-0d26-49b3-b1ff-c68dde905776
10931_0,aabf2a6d-a0d9-4e20-9289-1f2f9101a7a5
10204_1,69dab7f3-1496-464e-9c53-3d22ef4f2efb
11721_0,0f459d2b-c37d-4cc2-8920-f1398d317351
10989_0,5fc147c2-b491-4460-be55-0a9575d7f0d5
10961_0,6877b954-355f-4466-b7fd-e89d7b1e5e84
10979_0,25422f96-ec1e-4dc7-adc8-de5f8a2cfb92
11023_0,f91d865d-b08b-47c1-a117-95cc5597fab1
11098_0,d2bceedd-f45c-406b-bbf2-4c27cfffc879
10973_i,418f5a4d-ca34-4144-a61c-6e8dbcf9741f
12098_1,7e219a75-c399-45a2-81a0-9d75fe0c2b1c
11440_3,8b1677ad-a88a-4255-af3a-a55517009ca0
11095_0,06b0e452-a375-43ff-af87-2b6b07f9a786
10983_0,35db5d84-ca8e-4d27-a4cb-181c7aaf1ab6
10994_0,b361ca60-68ac-4220-a96c-b90ab1174b62
13056_4,c8d7090a-beb7-4ff7-95d7-cc66be5f4a57
10964_0,048b2023-83cd-4533-904b-0b16117e68e5
12697_1,6af56cfe-84ad-480a-ba8e-8f3550b8ee0a
11345_0,51142079-8100-461a-8ce2-cb0305786f35
12653_0,edc2ed60-ee0a-40df-a112-b91422bdf11c
11739_0,d798b70f-389b-4705-a003-561ffb7edfe8
11034_0,5b4e3c33-a555-4a39-9c99-6324f677a16d
10810_0,131f531f-e32a-4c91-9ac7-ca79b3971c96
10974_0,a94dc1a0-87ce-4c92-ad9b-98de975bd8d6
10971_0,a5a82d13-258d-471f-a07c-f39012694011
12130_0,76c3ab26-380f-4160-92b2-49045c9a6eb2
11135_0,96a10795-8739-4ed8-b1a1-8ad9e5a05820
10776_0,2e65d5c2-026c-4561-9ed5-88ba0aee18ff
11506_0,aa2b6e8c-af94-4953-b3ab-804867629ebb
11049_0,0274ffe9-f07b-4da0-956c-1561eed84192
12149_0,34bad334-9615-4848-b883-948a492f4b90
11079_0,24614698-69c0-44d2-bb5c-6fed69b5312b
11376_0,95b330c4-694d-4605-a95e-2567b0817a02
11397_0,caebcebd-af05-4228-88fc-6d68d64d6c87
10851_1,fd4d0978-c1b0-476d-8cbc-4fdedb040831
12103_0,632933ff-035d-43b0-9194-809c2570aff3
11201_0,844d1c98-209a-414c-9d0b-91d2c83f8a96
11071_0,4892b488-56ca-45fd-9599-05dbfb8b8396
11173_0,d48fbdb1-abf3-4748-b449-42ab6a40d2b8
11527_0,e010d06d-89ce-42a0-a149-47d782b6ab68
10868_0,0200ad95-1909-43d7-8a50-c464fad38fac
10886_0,8db6fee9-5146-4c48-8dbe-154272ef004c
10866_0,09b4204e-97ad-4041-8ee2-da1120515371
11769_1,aad1f779-acdf-4ba4-8ba5-eef9fbf2749d
11645_0,1f60a4a3-efdf-4676-861c-950eb2ae2751
10511_0,42f97ca8-7f06-4da9-98c8-6ea51d9e1f87
12142_1,6d5305c3-7cc8-46ed-8333-e6f4d0a358fe
12198_0,ef22b73e-07ae-4c7f-8bd2-936365914089
11209_0,7ff7feab-4b4e-4630-8147-2a0d7a69647f
11574_0,f8f42397-618b-47b6-b2a1-a3936659552a
11324_0,db04fee6-3aab-458c-987b-1f5c6b29849e
11134_4,a8127836-2383-4654-9c0b-35bfe66d5d2d
11051_0,31480c35-d26f-4fee-a46d-cf7ec37acf2f
11985_0,64908d41-88da-4fc2-9f22-0abde6292a7c
11625_0,7bd31331-fe63-4e0a-a2b6-30cde690e3f1
11273_0,d917fce3-1575-4f68-b35b-ed6e9267fc23
11493_0,a6024919-bd29-45de-9dbe-0f44eec8395d
12620_0,8039c98f-d9d7-4cff-8e4d-33c946b63cdf
11165_0,ab451ca9-32ca-478c-b19b-855473f5019f
11920_0,8b83aa24-4c20-48cb-b3de-6e68a1200583
11202_0,827d239b-9dac-41a7-b4dc-3320bf837354
11013_0,d1c365b0-9757-4a38-b30b-ce1c246c0d38
11260_0,188a7c07-1a93-4b1f-b28e-36b06270f8d4
11284_i,4a1df886-22a1-47f0-bdfe-5b1a7b4b35cd
11054_1,9816eab8-73b6-4c44-9188-448acd9d4246
11535_0,ab8fc3a6-490a-48c2-86ef-2610827d7fac
11426_0,6f8c9d2a-f7fd-467a-936e-03a1d931049c
11344_0,3d894596-9758-4825-a392-f54ab7c7db42
11822_0,ed9167d9-cf1f-4bbf-87d0-38760e0544f2
11732_0,728134ce-f7b1-4690-bf8f-3e08261045c3
12855_0,68e02863-a8c2-4e64-90d7-f513c845bc81
12083_1,cca296d5-d674-4778-b5a8-583fafd89cf8
10793_0,7115dbca-de85-47a5-9a86-e9ec1ce8e1bb
11373_i,2fe8b190-1a31-48e2-a2f8-2293118c3f30
11303_0,e920594e-a728-4aeb-978c-0117db74ebc9
11984_1,5a17580a-1366-4ca0-8ca4-a4c1a69b26d2
11452_0,361a324c-d0e6-4a1b-968b-b2573022650f
12286_0,46c8686e-a95a-4fbc-bd9c-82549553f276
11412_i,aca70ad7-bfa5-48ec-86ba-b3a3a7e5e0e8
11465_0,bc01bd01-b850-4bd6-9a8c-25878d99f9aa
12880_0,5985c72e-14ba-45a5-a732-ecb6ee3cf867
11353_0,64a21e14-d2a8-4c2f-8eab-19e2fad4f242
11421_0,ae4308d3-e73f-42a8-8641-4fa25214756a
11447_i,02756fd8-e254-417a-abf9-39b4040fde7f
11930_0,34531e45-aa49-4d34-a6a8-b58462ef4383
11515_0,fa074553-2c3a-4af3-b7cb-55778abcda8d
12479_0,5405bd60-4094-4fbc-9657-466e65c382e2
11462_0,425719a2-5565-46b0-bfc4-895f3b8a5e7d
11710_0,16673815-9a75-4663-b442-9fe3b87f49dd
11840_0,3003c8a6-5386-4069-9321-f86aad629f2b
11508_i,9b90422a-782f-45ea-9ef6-2bd34c9af923
11816_0,2b1526f4-db52-427a-87a9-aed26f809166
11497_0,4ef321c2-9388-422f-9eb3-62d299af4528
11860_0,8ccd9afe-1e72-4404-afe3-c8582bd2864f
12328_0,0639db27-043b-4eca-bd31-5b8cf1c60218
11035_0,54d0fba4-cbfd-4738-a0ef-1beecdc061cd
11902_0,8729ccc0-cb64-4055-b6c8-15c0a25fb019
12592_1,1cc547f5-c2fd-4320-a289-1957a9468786
12588_0,8738bf89-0a0e-4a0b-a844-9ef63b6c1daa
12540_0,7b4c329c-07da-4986-8c4f-dee9a7d7ae1e
11261_0,b1dacaf0-1ccc-44df-b512-fa99dd0b42a9
11878_0,8f956c54-2136-4a4d-a888-d9742cf2371a
11037_0,c8e7bc9e-0bef-4753-8e76-c141f26f3b18
11572_0,c53256de-bb8b-4897-921d-53fce58d9a7b
12226_0,1b5f27b2-32e5-4e2f-81cc-464911d5d5f1
11647_0,4ca7c88a-dde3-43a7-8c69-241c85554a7a
13229_2,35396362-76b7-482d-acd8-b4e8ef493870
12677_0,2230f45a-3f26-45ce-bfc7-c50d78addd5e
11614_0,4bdde5de-78ba-4d47-ad8c-6ab440682945
11993_0,7e71c418-c014-4c63-b3d0-a7829aabd0d9
11664_i,199be6f9-e454-4168-852a-fc505acf11fa
12122_1,8279dcde-bf51-4d62-b853-c86db3953d4f
12230_0,5dd31387-13f1-4c0a-b017-6509fcbfb0f5
11970_0,1c52872a-9f93-49b5-ad62-84050c456b84
11744_0,172f8a52-c34e-4951-aa3e-4d4693864972
12377_0,d3c82c30-e91f-41d4-8f82-9aaaf7b32a20
11938_0,81dae17c-652e-42c0-857f-13443b00e006
12055_0,c68e8424-5de3-4ef7-86da-e226bd81af9d
13091_4,2199f9dd-5746-4d01-8433-5602c94faf5e
11334_0,33e13a18-eebf-41d8-a1fa-4f5f24bdfde1
12137_0,22422812-8272-456f-a053-876e39b6f435
11595_0,1e5253f8-a81f-4da1-9c07-1feac37cc650
12942_0,ea680bee-aac6-467d-b847-8c9335f0a57b
11796_3,c4e881f9-6d57-4294-b21a-385e4fefea42
14441_0,1649d60a-2c03-404f-9161-168b6935b6ff
11468_0,0e6c6b0e-fd17-4553-aabd-da18dbe374f0
12139_0,2b31c035-3146-4e71-81a7-984062cfbdaa
12136_0,3bb1b9a9-234c-49ff-b00c-152c32ab69cb
11727_0,809dad2f-ecb9-4ecc-ba82-d65d6597bc41
12074_0,347e7561-0d26-49b3-b1ff-c68dde905776
12674_0,eaa5b51a-ec56-4686-977a-bcf2efcf38c4
11446_0,f91bdef0-42cd-4128-964b-9a0148974695
11721_1,0f459d2b-c37d-4cc2-8920-f1398d317351
12222_0,34a2a989-6c76-46a5-a9a8-8dd89834734b
11912_0,785da102-4526-44c6-98cd-e2805ba375e0
12760_0,d2bceedd-f45c-406b-bbf2-4c27cfffc879
12091_0,2c22d81f-761a-43b9-990d-ec87e4241c14
12098_2,7e219a75-c399-45a2-81a0-9d75fe0c2b1c
11440_4,8b1677ad-a88a-4255-af3a-a55517009ca0
12084_0,b94e54b0-d64e-4da4-a735-ee4260ed0827
12272_0,0f42fa5a-c612-4d81-92ac-06c6bf4f0701
11915_0,b361ca60-68ac-4220-a96c-b90ab1174b62
13056_5,c8d7090a-beb7-4ff7-95d7-cc66be5f4a57
12138_0,2596bec2-f77b-4970-bcb7-9ff36249692e
12697_2,6af56cfe-84ad-480a-ba8e-8f3550b8ee0a
13905_0,fa3f7375-f54b-4443-bde1-0f03b2b1ef57
12653_1,edc2ed60-ee0a-40df-a112-b91422bdf11c
11961_0,ae097626-e5ee-4017-8d37-e35f7762a13d
11844_0,c329f0a8-13f0-465e-9eb1-6442d87b77f4
11668_0,a94dc1a0-87ce-4c92-ad9b-98de975bd8d6
12199_0,6b4c866c-a2c3-49e8-baba-d4776bbfce38
12130_1,76c3ab26-380f-4160-92b2-49045c9a6eb2
12106_0,a2986f31-616c-4892-b145-783257e561a3
12533_0,6de974bb-d58e-4b31-9cad-040efe8b1a7d
11855_0,71e172b4-8a44-480b-b61d-c292e4bf958b
12149_1,34bad334-9615-4848-b883-948a492f4b90
12068_0,24614698-69c0-44d2-bb5c-6fed69b5312b
11962_0,95b330c4-694d-4605-a95e-2567b0817a02
12767_0,eaebde92-4bd0-412b-be8e-63970de91706
11978_0,5fb4b404-df32-4f92-95da-b70e56c2f49d
12103_1,632933ff-035d-43b0-9194-809c2570aff3
12044_i,39e99c5b-f3e6-4044-909e-378d2f4e9a49
12293_0,844d1c98-209a-414c-9d0b-91d2c83f8a96
13199_0,10891965-39cc-44e1-b329-85ed97b705a7
11950_0,b621c812-c84e-4701-b5e6-afbdf01a55a9
12078_i,083a04c9-5ef0-4f35-a91d-a48c1feb4314
12205_0,2a259245-caf6-4ff6-bee4-354dd1a034c6
12441_0,7b011ce3-4246-4f27-9b82-e1c39cbb1e83
12454_0,bf23d497-8483-446f-a76c-694012695371
12208_0,020dcd50-e739-40f5-9a0f-e80f55d8afb3
12380_0,4fda8500-5be0-445a-80cc-68d560c993ef
12142_2,6d5305c3-7cc8-46ed-8333-e6f4d0a358fe
12198_1,ef22b73e-07ae-4c7f-8bd2-936365914089
12188_0,5a39faa0-78af-4bbb-be81-9776890d5980
12206_0,974a0e5a-3c8a-479f-ae87-e3de2d1e11d6
12127_0,210671a4-10bc-4e22-929f-25c9b9a223c9
13630_0,2767bf78-fcbd-4051-afaa-4fb72bbc9541
12202_0,1e80f7e7-9c87-4553-a35a-63b1c7991dce
11985_1,64908d41-88da-4fc2-9f22-0abde6292a7c
14003_0,20951d18-264e-4631-9f65-604eedf74170
11286_0,f72e59ce-3543-4491-b9c6-8a36eec49e90
12791_0,698e948b-d3e7-468e-adb4-11785ddd832b
12620_1,8039c98f-d9d7-4cff-8e4d-33c946b63cdf
12276_0,81de015e-c6d7-4f11-a348-f4a4a2a4a572
12237_i,8b77094e-945d-47fe-8539-1da466cf3585
12913_0,e4cce06c-0e60-4130-a39d-ef9a545d83fe
12504_0,d1c365b0-9757-4a38-b30b-ce1c246c0d38
12744_0,b8bc0497-0921-49b5-9def-1b34bacff6ca
12598_0,5f5014e3-efe2-443c-91d9-f284a69aa09c
12929_0,f23e75fc-dcd0-4e75-aec3-5ee5a6f61e8d
12346_i,1ee24430-52e9-415a-a059-66b7138327ac
13881_0,402717b6-325e-4743-8d08-291cb7daa86c
12855_1,68e02863-a8c2-4e64-90d7-f513c845bc81
12147_0,cca296d5-d674-4778-b5a8-583fafd89cf8
12162_0,21feff51-1a33-4dbf-aaa3-b4cd44bc5ab4
12425_0,1ea6d455-604d-43d4-8851-dc815ee14a48
12433_0,e920594e-a728-4aeb-978c-0117db74ebc9
11984_2,5a17580a-1366-4ca0-8ca4-a4c1a69b26d2
12456_0,f844bd86-9025-49ec-9ac1-aeef2f4b7750
12286_1,46c8686e-a95a-4fbc-bd9c-82549553f276
12417_0,9b69d38e-4927-4f7e-a28c-efdcdf7e0f9c
12371_0,1f4203f4-f838-4dc6-a7ec-2377bf56d5e5
12880_1,5985c72e-14ba-45a5-a732-ecb6ee3cf867
12619_0,91cc87f2-ea48-419c-8059-bfe6fa0aad7f
12439_0,ae4308d3-e73f-42a8-8641-4fa25214756a
12508_0,b3d1ce76-3442-4197-93d8-481b039e383c
11930_1,34531e45-aa49-4d34-a6a8-b58462ef4383
12490_0,e5d02f26-c5dd-43e5-b7d9-235fbe588cf0
12479_1,5405bd60-4094-4fbc-9657-466e65c382e2
12478_0,7b63ed82-3f94-4c2c-a4d5-82d402fdbf41
11840_1,3003c8a6-5386-4069-9321-f86aad629f2b
11626_0,47ac8ba4-df4f-4b91-b64c-0bd4eb6a295b
11816_1,2b1526f4-db52-427a-87a9-aed26f809166
12881_0,d5c49880-e2de-4aa4-903a-d991e7fbc32b
12340_0,23e7acb3-944b-4a80-94b9-1c27f4726fb5
12575_0,bf65c06f-bc5e-41bb-b842-13d3bbc1c356
12581_0,ab9f26dd-cbd5-43d5-a5df-f35d540e2ce0
12940_0,ab4789af-6066-4c4a-941c-26c388e66343
12592_2,1cc547f5-c2fd-4320-a289-1957a9468786
12588_1,8738bf89-0a0e-4a0b-a844-9ef63b6c1daa
12738_0,7b4c329c-07da-4986-8c4f-dee9a7d7ae1e
12610_0,f08737f4-e9e9-46fc-a042-3aec6707956d
12605_0,40838cc7-90aa-4889-bb33-66bc7d620b85
11037_1,c8e7bc9e-0bef-4753-8e76-c141f26f3b18
13160_0,69d95685-cb2f-4924-9eff-f253442b14df
12933_0,246c8498-fc95-4fd4-94ad-b748207cfa85
13229_3,35396362-76b7-482d-acd8-b4e8ef493870
12677_1,2230f45a-3f26-45ce-bfc7-c50d78addd5e
13859_0,98f8f910-5dd6-4093-872a-cd8e3176c66c
13263_0,939b587f-945f-4c85-a67b-a7d33a50aa6d
12790_0,3814b4aa-c67a-468b-a860-1cc5327e7afb
12659_0,8279dcde-bf51-4d62-b853-c86db3953d4f
13002_0,ff339955-87e5-4a93-ae5c-4820684b2bba
11905_0,48a2795e-6b67-473a-b4cc-d619adc02c6b
12998_0,9197a4f7-377d-4ecb-a4e0-f49d86d56150
13087_0,7cccc1c5-797c-4825-b6a8-6a27ce2252c9
13091_5,2199f9dd-5746-4d01-8433-5602c94faf5e
13504_0,48e610b1-a8a8-49cf-b248-e2c7fc5dd430
12915_0,22422812-8272-456f-a053-876e39b6f435
12942_1,ea680bee-aac6-467d-b847-8c9335f0a57b
12861_i,77b430cb-4c47-4159-936d-3c39bdc89430
14441_1,1649d60a-2c03-404f-9161-168b6935b6ff
12923_0,14e1ab3b-98e8-440f-9d67-99b898870fd0
12873_0,d2292da4-0fdf-4ee9-8ecb-7c742e82ed7f
13675_0,61028004-eba9-4476-9231-a6c419a78108
14119_0,ab51ba52-fddb-4539-bb57-297a665f48f4
12897_i,d1e6b3e5-d1fa-4109-98f6-08ce9a07f99d
12674_1,eaa5b51a-ec56-4686-977a-bcf2efcf38c4
12901_i,041fba01-ea38-4c99-813a-f268287d1c39
12753_0,33dc0e8c-f643-4167-b2d8-473ba26d3e8e
13529_0,9fdfe69d-9cfa-45aa-9b92-f4bf41b27bdc
13220_0,581de15f-b8db-4c4e-ba7e-2516d273687a
14227_0,6740c231-a9c6-4c78-adc3-7b57d7f8b580
12820_0,a66ef15d-a0c3-4b45-aca9-f3b325577759
13658_0,46d2eac6-00ca-41c0-82ca-3d3696f82a4b
13681_0,79c8f64d-b9b2-430f-8b17-14d3466204fe
13056_6,c8d7090a-beb7-4ff7-95d7-cc66be5f4a57
12138_1,2596bec2-f77b-4970-bcb7-9ff36249692e
13905_1,fa3f7375-f54b-4443-bde1-0f03b2b1ef57
12967_0,5573cc1c-a612-44ac-a1a8-237a0b9a3451
13054_0,8ec990f4-8ba8-49d3-8bf7-0c4b7c89e32c
13375_0,cb2c468c-b924-4847-b217-be5909f0fd4f
13200_0,54fbb336-b7aa-4ebd-b22f-edaca02afda6
14585_0,29b8fa39-d4b0-4f8d-b5ef-05a563c1cf28
12932_0,2df5f06d-044b-4335-bd1d-ad3ad9ea04a0
13577_0,ce46c14b-c004-4a87-b150-fa1b8f3f597b
13162_0,9459973a-459f-4395-900e-c25dfe069a0d
13354_0,287e875a-39ca-4f95-8d3d-d9835970e87f
13301_0,24f05eb1-6a2c-471a-9ada-83795f02dda5
13221_0,eaebde92-4bd0-412b-be8e-63970de91706
13742_0,c0ef102d-b422-4f17-abc4-22b20ec8448a
13100_0,3be95dc4-6e52-4784-8cdf-bf06a81e6db6
13238_0,de48bb04-2771-4112-bc99-0da8b9f4b8df
13387_0,67be7153-3753-4bfd-b581-959e87d9c51d
13199_1,10891965-39cc-44e1-b329-85ed97b705a7
13343_0,748770db-2d90-43ed-9ff6-0f1bc2dd6e0d
13256_0,7bed6246-5d94-4a7f-9d3e-120fdf61ddc4
13281_0,21e7eb96-5e22-4e87-ab62-0119414ae8f6
13234_0,a2f9b85b-aaf5-4405-9dd4-91820f6edc62
13816_0,273a2ac1-fd2d-41e4-9baa-8cc383cec545
13872_0,ac17358e-cb2b-4d47-9573-cab04da077d5
12978_0,c2a5f8f8-23ac-4ca4-96fd-fe830db5587c
13630_1,2767bf78-fcbd-4051-afaa-4fb72bbc9541
13550_0,df4c57b7-592f-472f-9e56-c8e13d94bb19
14003_1,20951d18-264e-4631-9f65-604eedf74170
13280_0,d917fce3-1575-4f68-b35b-ed6e9267fc23
12791_1,698e948b-d3e7-468e-adb4-11785ddd832b
13689_0,48f705a8-7c1b-49fb-a9c5-862143fa52db
13230_0,e8a261ab-a4db-43a3-8169-3a4d4b0cde98
13827_0,03ca9cfe-e84c-46b9-9a88-0d4fc4204af6
13585_0,baf30eea-ebbf-449c-b796-798947050d31
13735_0,c397c5de-4cf4-49c8-92e3-1f32787956ab
13686_0,0bc758a9-2a19-426b-88c4-c1e317fab72e
13392_0,1ee24430-52e9-415a-a059-66b7138327ac
13881_1,402717b6-325e-4743-8d08-291cb7daa86c
13344_0,d96cf95a-e079-4329-81a6-aae554238311
13077_0,1ea6d455-604d-43d4-8851-dc815ee14a48
13747_0,4987aaac-0583-4db6-9b38-0d08559df1e0
13809_0,4d580e73-2a3d-4363-871a-3f4af9b6c1ca
12678_0,60da3613-7627-4fe0-b789-5f97caba41f2
14042_0,852aa88a-48de-4f93-a985-fd8f2f67aba5
13695_0,42a26041-3511-40df-9698-a64dd465c4e8
13728_0,f9be55a5-ede2-44b4-a67b-9b282ac109c9
13621_0,a131fe85-45a3-4fb7-b165-18f2b3003255
13593_0,4abb6647-2745-4599-866e-b23905571092
13562_0,5fc99622-a9f4-4f77-8f38-e4e9abb50682
13696_0,495507bb-f216-4151-986b-aea56094eced
13552_0,1e0b2bb0-799b-4d58-86ed-9f365f6a3f43
12505_0,16673815-9a75-4663-b442-9fe3b87f49dd
13666_0,c9808faf-7d69-44e1-bcb4-0b8fa739868b
11816_2,2b1526f4-db52-427a-87a9-aed26f809166
13867_0,ee14180d-1f9a-4a1b-a5b0-8bb264022dbe
13417_0,25335cbc-8d65-4444-a37d-617f20ee7e28
13993_0,d17b7419-135a-4ae4-bf99-c1940caedf69
13638_0,c8e7bc9e-0bef-4753-8e76-c141f26f3b18
14044_0,3b1bc3fb-4da9-4e4c-b334-59b25129dfb8
14023_0,79396f58-7a83-4090-96a0-32b09b506369
13229_4,35396362-76b7-482d-acd8-b4e8ef493870
13859_1,98f8f910-5dd6-4093-872a-cd8e3176c66c
13722_0,6cad02ea-ff48-4fcf-a2c1-04590ee9b481
13830_0,371c43fd-84e2-4e8b-bb70-18de23b0d4f4
14148_0,46413807-2562-4c34-8477-26264038c626
13656_0,7b90129b-265d-4d6c-9907-dbc5c954b33a
13453_0,999364dd-16bf-4832-81af-7b91f7542f3e
13714_0,3de2c274-4d17-459d-a85f-9ca8386bb468
13730_i,660f3945-ed37-40a3-a120-b6314951af56
14587_0,e5fc8e84-1939-41ef-b1f6-4fc280483633
14306_0,22422812-8272-456f-a053-876e39b6f435
14006_0,e175e94a-561f-4566-a202-5c85c40bf189
14441_2,1649d60a-2c03-404f-9161-168b6935b6ff
13870_0,61028004-eba9-4476-9231-a6c419a78108
14119_1,ab51ba52-fddb-4539-bb57-297a665f48f4
14240_0,04e34775-85f9-4fed-9cf5-3a42b2c4ebc9
13768_0,dd4076a1-3714-49c0-910c-c93c35308c38
13906_0,59eaceac-deaa-4cf5-bba4-f8a5fc2cb291
14227_1,6740c231-a9c6-4c78-adc3-7b57d7f8b580
14133_0,060e31aa-1343-4f52-bc8c-085b0d2556a2
13905_2,fa3f7375-f54b-4443-bde1-0f03b2b1ef57
14265_0,79a91ee6-bdf4-4d7f-ad05-f4b55881f491
13965_0,7c63aa38-779b-43df-9938-890b00f8a3be
13855_0,97dde9d8-998b-46ff-a99e-36a931d4f971
14084_0,33654793-f5a5-47a2-a43e-06005557071d
14585_1,29b8fa39-d4b0-4f8d-b5ef-05a563c1cf28
13890_0,9b18e833-ac29-4b52-8b5d-1004d0926333
14640_0,9d9eb76b-3d42-4f5a-bf63-68b648725a7e
14106_0,470eddc3-eb95-43ce-811b-61500636adc1
13927_0,d8168f95-bce1-4375-984e-b53f76444162
13719_0,8b474881-c578-491d-9bbf-f8176b98a2e5
14011_0,747d180a-dff6-4071-84aa-9ea5cb85ac2f
13966_0,9f97eb19-6c09-49c7-a695-ddb97ff1b6a4
14145_0,2b96ad2f-7882-46f7-bd3b-b59dfdd76ae0
14190_0,748770db-2d90-43ed-9ff6-0f1bc2dd6e0d
13775_0,7d226aa0-85f9-4a26-9ce7-ae45f1990dca
14105_i,ada01ea8-65ad-4002-8f2f-6db32d90158f
14163_0,273a2ac1-fd2d-41e4-9baa-8cc383cec545
13872_1,ac17358e-cb2b-4d47-9573-cab04da077d5
14768_0,bdc55bdc-19b4-4043-bf9d-3be3e7063ffa
14214_0,0a1fa3b9-0e08-4ba5-80e8-153debc7a0d0
14311_0,f0a17826-c3b8-42a7-9d71-072340f1b8fe
14481_0,2b1e0eb5-3bde-4031-b6f5-91e74208449c
14497_0,c397c5de-4cf4-49c8-92e3-1f32787956ab
14518_0,1ee24430-52e9-415a-a059-66b7138327ac
13077_1,1ea6d455-604d-43d4-8851-dc815ee14a48
14470_0,0f0287db-8e09-4aaf-8ce7-cbf9fdfc236c
14438_i,7b5ba929-19df-49b5-8c9b-f2c858453046
14451_0,bf84518d-ee1d-440e-b350-42ee5b78c1d7
14578_0,6ab54ac6-93c5-45a3-8aa1-9c6be12f18da
14850_0,8ad1cfa8-a3d7-447f-98de-a03fea06c6b5
14521_0,495507bb-f216-4151-986b-aea56094eced
14338_0,c6987607-3df0-48ca-95b2-38ac08078c6e
14838_0,10c2737b-af61-49aa-9bcc-20644669e5a7
14685_0,9b78a42a-8a79-48a0-b9d0-3f81bec32120
14023_1,79396f58-7a83-4090-96a0-32b09b506369
