assigned_id,nb_assigned_ids,nb_fingerprints,ownership,id_ownership
ba09f96b-7798-490c-9f30-926ea6ac2c20,1,1,1.000000,1d39f953-a08e-494e-acf6-e594832b010a
bbc4cc49-e1b5-4ef0-86e1-6493b530bded,1,1,1.000000,e99b3521-4e62-4230-b899-85c9dbed1921
ddff65a5-08cd-46c9-b821-59814d888817,1,1,1.000000,2c383b80-2256-4ece-81d4-c81290a10a14
68cf5028-a960-4e69-a488-606b44d0b3fd,1,1,1.000000,c33e02f8-4665-4d6c-8781-4a5c991889da
8f1db3c6-88d9-4a24-b5fe-76de89cce090,1,1,1.000000,d7969eaf-cd67-4ac5-b060-393d864f8525
262cb4f8-157f-4149-a225-af647bd769c2,1,1,1.000000,9a750eec-46c2-4720-b481-a0d6f03af47b
b805ca80-f790-4c59-af4e-424d92399136,1,1,1.000000,1a2a7fa6-a936-4e87-a513-50ea19f0483e
ccd9e798-53cd-49cd-9e57-2a301ef0adfa,1,1,1.000000,2657b615-04b0-4c11-8343-1245c9c07676
1f724820-0166-47a2-a236-b6581dba3b75,1,1,1.000000,3284e414-8b55-431b-996f-5e5cf9e96ed9
3bfea386-3b54-48eb-9935-879f4b997d02,1,1,1.000000,2bef0281-b2d9-41ac-967c-45835e5ba8c0
dc9358b2-c3d4-4035-a5a2-8116889596c7,1,1,1.000000,7ce6f4e7-3343-4519-8d80-7b97f0fa9e57
88815fe2-e810-4902-9d6f-b1fcf196bdad,1,1,1.000000,ad30762b-ff39-441d-a0f7-d388fcb65c5d
c5bafc4d-23bf-4d0e-8a8a-7f594feaf104,1,1,1.000000,5ac34c91-a3b4-4a11-a940-a4babf02057f
cb0bbf3d-ae27-4c9e-a16a-c1cb0b6c8fd9,1,1,1.000000,6703acf0-f2c1-4b80-a158-fbbe091d3948
9f4eb6e1-9822-41d9-aa84-792ab9d6aeb1,1,1,1.000000,a3f79161-ce4f-4ec0-9c53-67b5d89375d4
84f0575f-e483-4dfe-8439-da069db01b37,1,1,1.000000,bb86048e-c4fd-4bc1-8fda-a4fb5b391a14
c3644ac5-a007-4d9a-b713-74af411ad5fd,1,1,1.000000,1729815c-0eca-4350-ab5c-5ce2c530fcd4
41db84ba-7a66-4c74-8b7e-ccf8e8ea0903,1,1,1.000000,595525a1-8ff1-493d-bdef-74ecb74d182b
42d336d9-947e-4cd4-b318-3ddd8c6dbc58,1,1,1.000000,8e7f3b7f-2631-4b94-a2ae-31e8f02f07cd
e05a05aa-b277-4fc1-a831-e24363a476c3,1,1,1.000000,f4f25187-82c7-4265-9bf9-71bc8ed1701f
b27a4285-27f5-4f47-a24c-af396f31c8c9,1,1,1.000000,be62454c-9208-4099-9ed2-02aa2de09509
77c2db37-a8f4-4efb-b688-60e2a3198f42,1,1,1.000000,b31c10f0-ddb3-4d3f-b6b1-6ac865523ec8
42e0bea9-d906-4a97-bec5-988c6b377ee5,1,1,1.000000,30f64336-9100-4dbf-b67b-4a2096a38da9
cf40777e-3840-4eae-9182-65858686d7a5,1,1,1.000000,5e3d6bde-1451-4103-89a6-c67d81f63ed6
18151913-6bd9-4f8d-b58a-cbbf1b9dc8bc,1,1,1.000000,8e72a8bd-ae9b-460b-9573-aba4b21efb12
655c0004-1e17-46c2-b947-06bfe4000685,1,1,1.000000,17b99863-8bfd-492d-8451-374fd7cde36c
ef4db588-9bcb-4198-a800-8bd33d283df6,1,2,1.000000,628a06f1-ca1e-4e6e-9b38-5e23da554b53
6849dc42-a3b4-4dc9-8373-df9f572ca052,1,1,1.000000,15f3a523-0299-4249-8ccc-fee0b320040f
a8bc7726-d390-4a5e-b444-929cd81ab03c,1,1,1.000000,8a0fe7de-deff-4ffa-acbf-192cb2d37b39
2d8285b0-b60a-41af-9aba-45a24b6883a6,1,5,1.000000,f61809d2-a428-4a2c-81e4-461ea9908687
49a758d5-dbea-4e93-b88b-cecd417f189b,1,1,1.000000,68942969-0475-4a26-931b-d1d8043a659c
aba74b84-491d-4d40-a28a-66f8d6059dcd,1,1,1.000000,1bc74fba-d84b-4bcc-9386-cb329e96d9e3
0e841a49-5a84-40c2-9c66-594bdae2aeeb,1,1,1.000000,c17f5405-360e-43d7-9b50-bccf6faf2207
6589ceda-7a69-4419-99f8-bc5421093079,1,1,1.000000,29cc433b-5fc2-46f5-9183-c76d4be7a356
80563181-5014-49a5-ac5d-d750a7e9059a,1,1,1.000000,3080614b-46eb-4c0d-b1ff-b9dc13bbc44b
fc1ed4f6-b01b-4875-88b8-92014483b3f6,1,1,1.000000,d4be492d-c9ee-46a0-b1ab-076386b61b85
a56edf4e-487d-4c95-9dd9-64e55c2be813,1,1,1.000000,4f84b332-20fa-45e8-b9e0-e9fd0839492a
2194d58c-4bd4-48b6-b566-98c53080a7f8,1,1,1.000000,efca79c2-0b12-4ce7-a28f-68ad9193990d
2e456cd8-a088-4ff5-8906-cea42a581acd,1,1,1.000000,5e1920ed-d676-4151-a8ff-1153e7b7561f
59ac1bb0-c375-4814-b37b-dc5d67b0fcf5,1,1,1.000000,68e7ae29-15ff-402c-adc1-76d5a932c984
8cc57237-df0c-43bb-882e-97032a8a3e98,1,1,1.000000,b34a8c1a-f43f-4635-9799-9891ed21239a
4184ae2e-71e6-4bc6-add2-4a3e8359682e,1,1,1.000000,142269c1-304f-434d-be4c-cbe566ba1379
fa8fae46-823b-4e88-b1ba-e2329cfd7fb3,1,1,1.000000,b8f4eb79-baaf-442b-ada2-5bcd5cf89df4
9514b099-c9b4-4dc7-9934-a6eeca28b140,1,1,1.000000,8537fdf9-7619-499b-b288-a3cfa1ee546f
7718e391-0d3a-4367-a2ab-9b6955045377,1,1,1.000000,5e5bd954-ae5a-4f7d-a16b-85bc7f3203e5
a4d4e4c5-b19d-43da-908e-e5edd2d24579,1,1,1.000000,adf5227c-74ef-49bf-b9fc-2fb8cf302732
e4937c31-8410-410f-8908-f92a39790f81,1,1,1.000000,4f2ed62c-2a18-4888-86c1-aa01ba21b64f
67839882-8fba-498e-ad27-dfa3ecfa3c14,1,1,1.000000,8b10f12f-516a-44ee-9e79-134d040d1ef4
44296403-9e56-412b-b390-0974f8751c22,1,1,1.000000,be47e9a1-0600-40bc-8360-0fc2c99c4ca2
fd8c3b0c-7a30-4319-ba10-53a517ea6364,1,1,1.000000,21cbaff6-4d5f-4083-9edf-9523563b74ae
87b8a8f0-d146-418c-8cd8-ab71729ef429,1,1,1.000000,4d49cfb2-841d-4a04-81cb-7d1b39a507b4
991ea658-aac4-452c-9076-0312033c1440,1,1,1.000000,9a8ce184-8911-4e32-be51-261497e0d919
64a1d832-e7bb-4495-9cd8-5e707babfe42,1,1,1.000000,49fcf025-22ca-4e4b-85b8-278b855e63b7
a22cb13f-5a3c-4b00-81f5-42c92a3da0a7,1,1,1.000000,0062535e-d9ab-4cb0-ae8f-79133b440129
1e58ed3d-3ec6-48a6-bbde-db57313e4f54,1,1,1.000000,7f683754-6c34-4de6-b54f-367de9daf770
a234c683-567a-467a-8b18-f9098f7eab89,1,1,1.000000,bc89da45-e92d-43b3-82e6-e4633ecdb0db
1c67d98d-9d59-43e6-abbd-e652aa437da9,1,1,1.000000,639303f6-00f5-4aec-a487-291f27972688
5fe92ac0-4aa5-4ad0-8014-2b7de11b6ed4,1,1,1.000000,b811ccd0-a9ef-40ef-8326-d8efbf85e50f
ddd9e757-32d7-4ebe-a6d0-4f8ebc94a4dd,1,1,1.000000,bc19c32d-a271-4dd7-b5e6-62d36d1a3128
64bc27e6-b174-4b95-a42b-b5c91058c4db,1,1,1.000000,2dd5f116-f355-4d81-9790-cb050463be55
1974f9ad-160c-407a-a7c4-375a5df092b8,1,2,1.000000,105b0c95-40d4-43ed-9328-6cbeb200183c
a2d16bd0-74ed-4044-bdc0-7533b03076f6,1,6,1.000000,5f118823-51ee-47bb-859f-1316523af0ed
9d860e4d-d43d-4bfa-94fe-8e1cc4b5c62b,1,1,1.000000,71c102e5-a364-450a-b233-6c5e2976b9d1
1ffb7706-b3d2-4398-8916-c7b73586a88c,1,1,1.000000,1f84d45e-8689-42bf-9ad5-0f9c8753fbde
07a7bd29-b381-4d1b-8794-0a81bcec7ab4,1,3,1.000000,31fa27b8-6c4d-47b2-8566-b4af4d9ca9e8
296aadcf-ae6d-4fb1-90e8-f0592bc17dda,1,1,1.000000,a2969fda-e1ea-4d11-8d21-b5fa826c0666
0aa6bf6b-ce9d-4822-ad1e-143ba9108bff,1,1,1.000000,a4869a14-7941-461e-89f4-ea6e19a3866b
a8c61f33-fdc1-4816-b2b5-bdf687eb121f,1,1,1.000000,8758fefb-3ed1-4d64-b75d-b9e3d628eef3
301550e2-38aa-4dce-8bf9-b4a7a16a0362,1,2,1.000000,c28aa37d-571e-4b43-bf01-aa14eeb765e7
2deb9c56-2ed3-4b9a-952d-defd5d6260f5,1,1,1.000000,5d5b6794-5e6a-45d4-a508-e6ad12155d53
cd9dc78b-8197-4977-86c3-36a3b6f97646,1,1,1.000000,4c7e79d1-ebd0-40e5-97cc-5156fe65e1ac
812c2189-cae4-4131-8e94-f18be8d75d96,1,1,1.000000,47bad423-2418-4435-83c8-08ba94003d14
1009fa89-3010-4062-8e11-d2302d71470a,1,1,1.000000,b63742da-5e1c-45af-90ad-17c4303b044e
3ee14240-7edf-4f70-8ca2-4b71e997978f,1,2,1.000000,5f993501-e331-41f8-88ef-8789acff3d7f
623618bd-8f53-4a93-a96e-5300ff58b0ee,1,1,1.000000,15c7af42-87ad-4bc8-92fa-52ae8f2040fa
0cf815ac-ebe9-4d8a-ab73-bb9958d7c47d,1,4,1.000000,7e2037cd-4943-4935-a393-43fc5c390c87
d23613cc-bc81-454e-8e95-79aeadfee81f,1,1,1.000000,9b9c8be4-8e25-413a-8928-7da271e119ca
1cfc2e4f-1d79-423d-b47a-4142d2cc4dd5,1,1,1.000000,36027d15-9fa5-4ada-bf4b-ed5b5daa5587
85a5f63e-fd21-4ffa-8868-55dd0b35fd19,1,1,1.000000,340b7157-11e5-4463-a088-59ca98df39cd
1a32420a-5d4a-4c61-bfa3-dead547d8d40,1,1,1.000000,7df7a9b0-729a-40ef-9403-c28f90d19453
2dd01d18-592f-450d-8a88-ac5c601f6a31,1,1,1.000000,0feedf09-ee01-43ea-9489-1b58a00ba227
8b33e2fb-3ae5-4d03-bf1e-b0b60d1ebb40,1,1,1.000000,5771f07a-575e-4004-a3a5-db3ee44bb1b0
4355516e-283a-4b23-8297-7c837aa972d9,1,1,1.000000,ecd9aab5-ddc6-4cf9-97f2-03e3018e6076
fcea9351-a2d5-4cbf-a331-a7990ffde0bb,1,1,1.000000,5f93621b-e9a9-451b-8d30-165dae1653c2
8e86ae47-ca79-4b20-937c-42046895578a,1,1,1.000000,935eb020-a824-4cdc-9442-727a6d9e019e
bcb295f1-ed3d-41e7-b47b-73898de0c752,1,1,1.000000,24aa014e-055c-4925-85de-d3541e3d0bef
812a289e-231f-4c91-b2fe-0944d697e747,1,1,1.000000,39107c52-98c9-4a75-b505-271294fac465
ffd70199-a3ae-4019-a2be-3f3b4aca8085,1,4,1.000000,f80e3924-ebe8-4e2b-8fc1-f8040e9b541d
b00b04d6-e570-48df-8c9b-633eb41a75e1,1,1,1.000000,75f1c4e9-4841-4159-a021-44ff5c150d37
a207de49-f435-4a80-b08d-5668deed8ddb,1,1,1.000000,6c1f708c-f3e9-4d9e-a0ae-311ba42c139a
56b7b8b4-9a8b-4425-9d7d-ee022949095a,1,1,1.000000,10c196fc-2c76-4e4b-b628-4472949c39c3
14aead89-09db-4631-9e58-49ae2bd336ef,1,1,1.000000,7413fd0f-0de7-4b60-b466-60b0bdd9a9c9
7e65a4af-b59c-4a84-b44e-dcf344098e89,1,1,1.000000,907af844-581a-4044-8ddb-8bcc91df32f9
6bfa21be-58d7-472d-b2d4-17386f7da6eb,1,1,1.000000,a1e159d8-57d0-47b8-9d45-24df63d3595a
fbed2f1f-7010-4ecb-b369-9cd925226feb,1,1,1.000000,1d39f953-a08e-494e-acf6-e594832b010a
514c4120-44bd-4f55-accc-c8adc62d73ce,1,1,1.000000,e99b3521-4e62-4230-b899-85c9dbed1921
a2fa36e3-0b6a-45c0-9f8a-2fd32d2b0276,1,3,1.000000,2c383b80-2256-4ece-81d4-c81290a10a14
67937546-669c-4230-9598-5fc5d9040ea3,1,1,1.000000,c33e02f8-4665-4d6c-8781-4a5c991889da
64595b4e-47f1-45f4-801c-3cbb576826c4,1,1,1.000000,d7969eaf-cd67-4ac5-b060-393d864f8525
dd51b01c-a936-4f84-84cb-0d685e37b7a4,1,1,1.000000,039c70da-6930-47d6-bdfd-f1d429ade760
3021462e-5cd5-4849-ac5d-6f28799970ef,1,2,1.000000,9a750eec-46c2-4720-b481-a0d6f03af47b
3ae997ec-10f9-4d51-bc03-e3dd40347745,1,2,1.000000,f812d842-42ac-4a21-8073-f483c059ca2d
a97d5129-49f2-41a2-b77b-a375f63d2401,1,1,1.000000,1a2a7fa6-a936-4e87-a513-50ea19f0483e
b15cccfc-5d7e-4a96-8b6e-b7e1a75e891e,1,4,1.000000,2657b615-04b0-4c11-8343-1245c9c07676
a7288abd-f33e-44ec-979a-cfc9878052f2,1,1,1.000000,3284e414-8b55-431b-996f-5e5cf9e96ed9
75889b5e-6658-4ade-92bc-31bfecfccae9,1,1,1.000000,34f99a24-a6bb-4995-b47c-e02f1c26a820
c6389dc5-c4c4-44a9-9fef-677c3a8f2bc8,1,1,1.000000,2bef0281-b2d9-41ac-967c-45835e5ba8c0
85fe26f8-b62c-4e73-97c1-a24e5ffe2c20,1,1,1.000000,ad30762b-ff39-441d-a0f7-d388fcb65c5d
f95a71e7-57fa-4c84-b0cc-d8020fd24b8d,1,1,1.000000,a1a87013-2cc1-4ab5-a85b-9fd21ffffe4b
8d907d0d-e4e9-4037-aaa8-5502eb02dd4e,1,1,1.000000,5ac34c91-a3b4-4a11-a940-a4babf02057f
7a315366-9731-486e-90b4-ef23632a1dac,1,1,1.000000,6703acf0-f2c1-4b80-a158-fbbe091d3948
fb8e6a3f-44f2-4596-8630-731f4e25c030,1,4,1.000000,bb86048e-c4fd-4bc1-8fda-a4fb5b391a14
3e172fdd-d924-461d-a048-a3582baf1ee8,1,4,1.000000,1729815c-0eca-4350-ab5c-5ce2c530fcd4
494086ae-ea34-40e6-989d-37168d56ea52,1,1,1.000000,595525a1-8ff1-493d-bdef-74ecb74d182b
38d26355-c880-491d-88c2-894bf09bbb2a,1,1,1.000000,f4f25187-82c7-4265-9bf9-71bc8ed1701f
bfaed485-f8d3-449a-a161-78289c9b095b,1,1,1.000000,b31c10f0-ddb3-4d3f-b6b1-6ac865523ec8
d66c24d8-140b-4780-afaa-9d97f6ff1a06,1,1,1.000000,30f64336-9100-4dbf-b67b-4a2096a38da9
7ba5056e-847b-44ab-aca2-e58e0d5cd3a5,1,1,1.000000,b598bd23-8da8-4ecf-8ed7-f22321137698
a59b7611-267f-499d-a70a-b6f46f2d255c,1,11,1.000000,5e3d6bde-1451-4103-89a6-c67d81f63ed6
afffb262-54be-4edc-ad17-76208094a14e,1,4,1.000000,8e72a8bd-ae9b-460b-9573-aba4b21efb12
3b933f06-63ad-46f8-8881-2113edd2ec09,1,2,1.000000,17b99863-8bfd-492d-8451-374fd7cde36c
e43634c5-51a9-470c-a0ec-c5252e781fce,1,1,1.000000,15f3a523-0299-4249-8ccc-fee0b320040f
5a35fdfa-74bd-4098-aa14-c4185724a3e8,1,1,1.000000,8a0fe7de-deff-4ffa-acbf-192cb2d37b39
886a72af-7c57-412f-9137-12f2f88409db,1,1,1.000000,68942969-0475-4a26-931b-d1d8043a659c
328e1b35-23e8-41e6-a99c-681053a009fd,1,5,1.000000,1bc74fba-d84b-4bcc-9386-cb329e96d9e3
93b6b324-d406-4352-9a5b-6b0c2c8f1939,1,1,1.000000,71bc06fd-068a-4dd5-8c8b-4c7b2e3ff17e
4da008fa-607c-47df-86eb-8b4e71715abc,1,1,1.000000,78d36156-f985-41f2-b808-8ffa7a87f4b9
b6dedbdf-fc32-49fe-8ae4-2a5188ba16c8,1,2,1.000000,c17f5405-360e-43d7-9b50-bccf6faf2207
4d755d60-c06b-461d-beae-e66e8ae8bc89,1,1,1.000000,2f38656b-76d5-4b46-a81d-c90b96495673
44bf9691-9051-497d-83d5-8efb218bc55e,1,2,1.000000,d4be492d-c9ee-46a0-b1ab-076386b61b85
2d922674-6799-4f70-96aa-4ebd03c3f08e,1,1,1.000000,48a3cfba-dcdc-4833-886c-5cc284e12343
cc0164bb-03ad-435d-9636-d631fc95e71c,1,2,1.000000,4f84b332-20fa-45e8-b9e0-e9fd0839492a
8e83d3ec-58f9-414d-bada-bb0d533a636d,1,1,1.000000,618b27ad-6280-4709-8245-2f34c8e13f53
1121e221-6ad9-4fb2-b03d-7a57e40172b9,1,1,1.000000,efca79c2-0b12-4ce7-a28f-68ad9193990d
e48a89f7-07e1-429a-8182-12e78e435039,1,1,1.000000,5e1920ed-d676-4151-a8ff-1153e7b7561f
03d659d9-4d16-454f-861f-1da141b81287,1,1,1.000000,028b8603-30a8-498d-97ee-f8a764ed1d88
8f3fbf98-4c15-4438-9bd7-22ea6f44f5d8,1,2,1.000000,68e7ae29-15ff-402c-adc1-76d5a932c984
52601378-3d30-4b1e-b7c7-45df68ca9f48,1,5,1.000000,142269c1-304f-434d-be4c-cbe566ba1379
b4a9a564-3a9a-4883-a038-3236025ee403,1,1,1.000000,15d97e16-a8bd-47fc-90d0-a7b1505efd0b
fe844814-074c-474e-abc0-86ea4cf4969c,1,1,1.000000,b8f4eb79-baaf-442b-ada2-5bcd5cf89df4
ab2528a5-57eb-41b3-9cfb-82c8e2e30d11,1,4,1.000000,8537fdf9-7619-499b-b288-a3cfa1ee546f
8e20b3bd-3884-4efb-b227-4f3fe708d7e5,1,1,1.000000,6691497e-e3b6-4698-a5e3-35f282f0eb8d
978b659b-cc71-4e3d-8b28-9b8f50dac96e,1,2,1.000000,5e5bd954-ae5a-4f7d-a16b-85bc7f3203e5
f08e2757-c078-4502-84da-274669b1ff20,1,1,1.000000,faede4bf-624b-414f-8bff-7f3bbfc74f7b
381dc0b6-8dc2-405a-a80d-4d82265e8d95,1,1,1.000000,f6f0f4cc-1446-4e9b-8217-0e87c459d01d
21762d9b-a984-4ad7-a215-a8967e6029a7,1,1,1.000000,adf5227c-74ef-49bf-b9fc-2fb8cf302732
deface1a-969b-4626-bf60-45f46cd46ac2,1,1,1.000000,4f2ed62c-2a18-4888-86c1-aa01ba21b64f
ae0dcd54-eae1-46bc-91b4-c084ae371167,1,4,1.000000,8b10f12f-516a-44ee-9e79-134d040d1ef4
cefecff6-e877-4ec6-a568-357c58f721d9,1,1,1.000000,be47e9a1-0600-40bc-8360-0fc2c99c4ca2
72582f78-decd-4d28-826f-f787743a4cff,1,9,1.000000,21cbaff6-4d5f-4083-9edf-9523563b74ae
dfc6f5c5-4d41-4e1e-8feb-1399e5666154,1,1,1.000000,5d6b65a6-6a87-4085-900c-575ab429c359
b30a7135-eb3b-4fa0-9af7-44ae71476d83,1,1,1.000000,06b6d1b3-dda3-4743-96f5-a45079ab6996
18915a66-ca82-41a5-bae2-b182998a25d2,1,1,1.000000,8d7e30ed-2eb2-48c9-ad99-3d0e8cf03e99
5f5b2e09-66f4-4b24-a3be-b4130edfc2cd,1,1,1.000000,c7b87666-56b8-4851-ad87-0ba40803d992
ebb3c034-605e-4c0a-bdf0-c3c4a4a838ac,1,1,1.000000,4d49cfb2-841d-4a04-81cb-7d1b39a507b4
4298cb1a-cf58-4481-8d09-3dba5a65db41,1,1,1.000000,f1f761d6-552f-4f35-be9e-b094d7b78160
94dc99b7-c8cc-416e-814b-a8df2f9984a3,1,4,1.000000,9a8ce184-8911-4e32-be51-261497e0d919
2622c4bc-274f-4c19-9041-e29258bc2ef4,1,1,1.000000,a4b7e876-b24c-4888-85f9-62bcb8a9d776
eaf490d1-93e1-416d-930c-8560de36efcc,1,3,1.000000,49fcf025-22ca-4e4b-85b8-278b855e63b7
6102abcd-79a0-4c4d-8345-19fe09845a46,1,1,1.000000,0062535e-d9ab-4cb0-ae8f-79133b440129
5ecb0f5b-7ef4-4517-943c-f0eb221d085a,1,1,1.000000,7f683754-6c34-4de6-b54f-367de9daf770
ce1cf0d9-1626-42a6-8a1f-472410a324a5,1,9,1.000000,bc89da45-e92d-43b3-82e6-e4633ecdb0db
aea9e1bb-da57-4e47-865a-e40cf74ef961,1,1,1.000000,639303f6-00f5-4aec-a487-291f27972688
6f238aec-0a79-4b25-a70a-9520ecfa5bf2,1,1,1.000000,b811ccd0-a9ef-40ef-8326-d8efbf85e50f
588780fe-1bc3-4e6c-8497-77c774f14cfb,1,4,1.000000,bc19c32d-a271-4dd7-b5e6-62d36d1a3128
ffa30210-4f88-4ce3-a661-0a67adc6f4f3,1,3,1.000000,2dd5f116-f355-4d81-9790-cb050463be55
7763c02c-34c6-4603-ad34-fffb34eabade,1,1,1.000000,71c102e5-a364-450a-b233-6c5e2976b9d1
ab0f0f0f-b0e2-4e98-ab1f-131aaa99826a,1,5,1.000000,1f84d45e-8689-42bf-9ad5-0f9c8753fbde
51aa320b-761f-4942-99e2-091675c0fcdb,1,1,1.000000,475f6ef0-4e4c-4fdc-b24f-529a349d521e
af2db6e8-d6e9-4e0f-8964-dbce78ee320d,1,1,1.000000,a2969fda-e1ea-4d11-8d21-b5fa826c0666
12424940-f4f9-4e62-8ffe-3eadc24f69b2,1,1,1.000000,a570d9cd-f8c7-4a04-acd2-701cc226b960
b28450a2-fb34-4f8c-bb76-ba90c12a2f2d,1,5,1.000000,a4869a14-7941-461e-89f4-ea6e19a3866b
1519eb0b-0d91-4529-985f-c261424aa541,1,1,1.000000,8758fefb-3ed1-4d64-b75d-b9e3d628eef3
5b353823-b4ca-4bc5-81bc-7d84d3e0b7cd,1,4,1.000000,5d5b6794-5e6a-45d4-a508-e6ad12155d53
c9186b44-f871-4a40-9d25-1eff3e7f7439,1,1,1.000000,b319c8c3-de7b-45c2-ba51-91927dd27b3b
8841e8c1-b0ed-44c7-98bc-1aa7b6d4959e,1,1,1.000000,2f843830-e489-45c6-a140-48ef168f7d3e
f3125a2e-8a21-4b7d-8436-57b7506d3a4c,1,1,1.000000,941cbc5b-b82c-4e79-98d7-87808e8819b9
5ec82892-b40a-4fc9-b966-85e23c2ec77f,1,5,1.000000,4c7e79d1-ebd0-40e5-97cc-5156fe65e1ac
6fabf713-b564-4fcd-80f1-d5ca90e5d897,1,4,1.000000,47bad423-2418-4435-83c8-08ba94003d14
6945fe20-4299-42b4-b3cf-5a0408abf1be,1,4,1.000000,b63742da-5e1c-45af-90ad-17c4303b044e
7adb309d-fbb3-4069-851d-c51186b0ad0c,1,3,1.000000,15c7af42-87ad-4bc8-92fa-52ae8f2040fa
7c225710-f63f-43c6-afe9-19ca5f165354,1,3,1.000000,9b9c8be4-8e25-413a-8928-7da271e119ca
5bf12df7-3192-4b1b-b707-71ac220e3bb8,1,3,1.000000,36027d15-9fa5-4ada-bf4b-ed5b5daa5587
df2fe636-fd8e-4ad3-8ef7-be7adad5156a,1,1,1.000000,fff9db58-c20e-4f2c-b07d-9937b70a1273
69be82a1-d210-4bfe-a890-23550b7b649c,1,1,1.000000,340b7157-11e5-4463-a088-59ca98df39cd
218abd32-0faa-40af-8387-3747c0a18cf1,1,2,1.000000,b00c8ba4-8b50-4d81-a08e-fee649ef9423
4a93a1e6-2a37-4794-89cc-92018e68b13a,1,4,1.000000,7df7a9b0-729a-40ef-9403-c28f90d19453
039fa1a2-b4f9-4cf4-b5c2-f871ad933001,1,4,1.000000,0feedf09-ee01-43ea-9489-1b58a00ba227
206dc6dc-e2f0-43d3-af7f-5d96d5d9d094,1,2,1.000000,5771f07a-575e-4004-a3a5-db3ee44bb1b0
996be6ad-c52f-4286-abaa-3053e2953877,1,1,1.000000,2847c646-a1c3-45b5-815f-46681e3db9c1
064e56d4-3a73-465a-84ed-d45f4eeb22f7,1,1,1.000000,ecd9aab5-ddc6-4cf9-97f2-03e3018e6076
8de3cec9-ae57-4449-a209-4458896c99aa,1,1,1.000000,5f93621b-e9a9-451b-8d30-165dae1653c2
78c79d8f-11af-4ed6-8264-885928744efa,1,2,1.000000,f258256f-54bc-46fc-baca-9df34d5ff3ac
48bb9c45-f092-4b50-ae95-f7c06c0f8801,1,2,1.000000,935eb020-a824-4cdc-9442-727a6d9e019e
ef5fb2c3-01e5-4b63-af9f-1e1af4bc7166,1,1,1.000000,39107c52-98c9-4a75-b505-271294fac465
f470f87e-de68-410e-8d67-cdcb72107e41,1,1,1.000000,6c1f708c-f3e9-4d9e-a0ae-311ba42c139a
565850d4-61cc-45fc-9438-c2190e05d5a8,1,1,1.000000,10c196fc-2c76-4e4b-b628-4472949c39c3
ba69751b-8844-4ab0-aa7f-001f0bdd63ba,1,1,1.000000,7413fd0f-0de7-4b60-b466-60b0bdd9a9c9
17cd8289-d186-4a3f-abd7-4d8d43986fff,1,1,1.000000,907af844-581a-4044-8ddb-8bcc91df32f9
f4752d00-a5d9-4cad-85c5-a3727ceaf29c,1,3,1.000000,a1e159d8-57d0-47b8-9d45-24df63d3595a
d9844607-3b3b-4809-833f-3ec3601b0ddb,1,1,1.000000,ee629236-d81f-4548-822a-11f979d7f013
32dd9707-0147-4b46-9e23-8ff79adedb3e,1,5,1.000000,1d39f953-a08e-494e-acf6-e594832b010a
bb5ecd5e-b743-45e3-b37d-faa42dfa4691,1,1,1.000000,c33e02f8-4665-4d6c-8781-4a5c991889da
88c7a137-82cd-41c9-b320-d95277625cdd,1,3,1.000000,d7969eaf-cd67-4ac5-b060-393d864f8525
08f85107-47b3-4f02-a5b1-5062cf1988f0,1,1,1.000000,039c70da-6930-47d6-bdfd-f1d429ade760
329d0446-7956-4f29-87ef-6b31ef59f948,1,1,1.000000,339569d2-ab4e-4f6d-9e2a-1b9f9fc083aa
149470ea-5125-42ee-bd61-f207b5c79838,1,7,1.000000,1a2a7fa6-a936-4e87-a513-50ea19f0483e
a4f5dc83-3e02-47eb-ae3d-d4cd1f67aa88,1,4,1.000000,3284e414-8b55-431b-996f-5e5cf9e96ed9
da7d61e1-6e06-4088-b1c0-72bd39a80e94,1,3,1.000000,34f99a24-a6bb-4995-b47c-e02f1c26a820
99356a85-ffac-49c9-a4ec-9b24d99052a2,1,1,1.000000,6da10582-c8f5-41e2-9d10-63b7b66ea527
768db0ef-f330-4be4-95e7-02ee53f41276,1,1,1.000000,2bef0281-b2d9-41ac-967c-45835e5ba8c0
a8dcecc7-c4e2-437a-8f43-9f129b44e4ee,1,1,1.000000,c15796a9-88e4-406f-bd36-788d0e579acd
eec7ee93-dd9f-45a7-a465-232e47d12e91,1,2,1.000000,ad30762b-ff39-441d-a0f7-d388fcb65c5d
4a264bef-fc5e-44c3-bd1b-c551cf2d2f99,1,1,1.000000,17b06456-e7d7-47f8-adb8-f259fb98dcc9
45920e2a-5ff7-4283-8156-19219138ed5b,1,4,1.000000,a1a87013-2cc1-4ab5-a85b-9fd21ffffe4b
fedf8187-6314-457a-89a6-e9f4a4ded8c4,1,1,1.000000,5ac34c91-a3b4-4a11-a940-a4babf02057f
c273a9a4-25ae-410e-a5ae-056f4c2de5d7,1,1,1.000000,6703acf0-f2c1-4b80-a158-fbbe091d3948
a261ffb4-bcf5-4391-821f-d5bdcb645b10,1,2,1.000000,08a984f9-9503-41c3-95a9-001f60ccc981
a7bcfdf1-0558-49e9-aa7b-ed596acdc561,1,1,1.000000,bf609a7c-229e-4dc7-82df-8162b6648e97
a989286c-6684-46c7-a08d-925f3765a344,1,1,1.000000,595525a1-8ff1-493d-bdef-74ecb74d182b
00940a99-de2e-4072-aee4-32c36affca4d,1,1,1.000000,f4f25187-82c7-4265-9bf9-71bc8ed1701f
1d7cfd4f-7d7f-4736-b3be-2b2b8cd4c381,1,1,1.000000,b31c10f0-ddb3-4d3f-b6b1-6ac865523ec8
cba6ae5f-70ad-48bb-82df-8fc113295f3e,1,4,1.000000,30f64336-9100-4dbf-b67b-4a2096a38da9
0735d839-8e26-42f7-b184-68d1e44d7ebd,1,1,1.000000,b598bd23-8da8-4ecf-8ed7-f22321137698
aaf36783-5861-4574-a2be-f276ff032528,1,1,1.000000,299be603-a667-4e4b-9287-3e88c441d26c
ba5cec10-b998-493f-8a90-e682909246ff,1,5,1.000000,628a06f1-ca1e-4e6e-9b38-5e23da554b53
a8951731-9ef6-46e4-a8e0-18a8b9704961,1,3,1.000000,15f3a523-0299-4249-8ccc-fee0b320040f
6e25315d-7874-4cfc-a76c-9f4b1356dd66,1,1,1.000000,87e53473-180b-4180-830f-6999f612c755
6d4166b7-8941-4cd0-a359-c776dcd13380,1,1,1.000000,59751180-e355-4bfc-b5a2-5c571dfc6efa
c09b8ee2-4747-4fb5-b7cc-00dfc86e66f4,1,1,1.000000,68942969-0475-4a26-931b-d1d8043a659c
0bdd7fab-8716-43db-9635-d59d4382fbad,1,1,1.000000,71bc06fd-068a-4dd5-8c8b-4c7b2e3ff17e
e97aff0f-40f1-4fb2-9acc-4af2e068ab9b,1,1,1.000000,78d36156-f985-41f2-b808-8ffa7a87f4b9
cdd5f851-00d9-40c4-a7e3-e07e3b7ecc02,1,3,1.000000,2f38656b-76d5-4b46-a81d-c90b96495673
c4775af4-e0de-4ef7-bc8e-3cb119466461,1,7,1.000000,48a3cfba-dcdc-4833-886c-5cc284e12343
93177d76-49df-47f8-af89-9cc4182c3006,1,4,1.000000,618b27ad-6280-4709-8245-2f34c8e13f53
9c22ae63-9460-4dec-ae90-234418b66230,1,1,1.000000,efca79c2-0b12-4ce7-a28f-68ad9193990d
05fed302-d9b1-4027-84c0-6599fa041bde,1,4,1.000000,5e1920ed-d676-4151-a8ff-1153e7b7561f
19eba27f-25c7-42e8-a256-a0bf760b5e57,1,1,1.000000,15d97e16-a8bd-47fc-90d0-a7b1505efd0b
b5513bde-d868-4d03-b8a3-58bd0099ce0a,1,1,1.000000,b8f4eb79-baaf-442b-ada2-5bcd5cf89df4
967673e3-7f64-44d5-8da6-73fcd40f0b89,1,3,1.000000,6691497e-e3b6-4698-a5e3-35f282f0eb8d
bc32263d-33d2-4225-91bc-7dc004dfb2cf,1,1,1.000000,faede4bf-624b-414f-8bff-7f3bbfc74f7b
42aef810-a1a1-412a-9d73-e3ca8414fba6,1,1,1.000000,f6f0f4cc-1446-4e9b-8217-0e87c459d01d
5471959c-b45e-4ace-b5c0-8fbc72116b5a,1,3,1.000000,adf5227c-74ef-49bf-b9fc-2fb8cf302732
c879ecd8-4a90-4cb8-a35f-514bedfbdd58,1,1,1.000000,4f2ed62c-2a18-4888-86c1-aa01ba21b64f
a19595a6-6d1d-474e-9057-4ffa71866e22,1,1,1.000000,5d6b65a6-6a87-4085-900c-575ab429c359
8416bdba-eb55-4dc0-b662-c2341732c0f8,1,1,1.000000,8d7e30ed-2eb2-48c9-ad99-3d0e8cf03e99
0c2f1e0c-2543-445e-834a-0de1b7c8fb5e,1,3,1.000000,c7b87666-56b8-4851-ad87-0ba40803d992
a97d8fa2-eddf-4f32-82f8-01105d536db2,1,3,1.000000,4d49cfb2-841d-4a04-81cb-7d1b39a507b4
ec8d167a-df2e-4666-866e-bbf6fe0eac4f,1,10,1.000000,f1f761d6-552f-4f35-be9e-b094d7b78160
65044abd-ccc5-4947-97c5-85ebd9f1321e,1,3,1.000000,a4b7e876-b24c-4888-85f9-62bcb8a9d776
d3f5eb4d-9b9d-4a74-9156-81659744e920,1,1,1.000000,0062535e-d9ab-4cb0-ae8f-79133b440129
5646d1f8-029c-4949-b59c-db907681a6f0,1,1,1.000000,7f683754-6c34-4de6-b54f-367de9daf770
040b71f1-40a4-48bd-8188-f08d81720839,1,1,1.000000,639303f6-00f5-4aec-a487-291f27972688
b0ea677c-47e0-4c74-add4-b8981bc2f274,1,1,1.000000,b811ccd0-a9ef-40ef-8326-d8efbf85e50f
ddf052eb-0d94-43b5-a645-34377e293771,1,4,1.000000,105b0c95-40d4-43ed-9328-6cbeb200183c
5c96934d-6a79-4e11-8d59-9462d93b7a3e,1,4,1.000000,71c102e5-a364-450a-b233-6c5e2976b9d1
bcb0b7e4-a98c-4362-9d57-2bdfb9f379f2,1,1,1.000000,475f6ef0-4e4c-4fdc-b24f-529a349d521e
0774ba0b-dde2-47d1-b330-6fdfa3686bd2,1,2,1.000000,a570d9cd-f8c7-4a04-acd2-701cc226b960
776ac9fd-2a2f-4099-b3e9-c15f32f61fa4,1,3,1.000000,8758fefb-3ed1-4d64-b75d-b9e3d628eef3
f58e126a-fcd3-4ec3-91c2-1dced781fd95,1,1,1.000000,c28aa37d-571e-4b43-bf01-aa14eeb765e7
75b6826b-bc31-4b53-a63c-f9039e93c32c,1,6,1.000000,b319c8c3-de7b-45c2-ba51-91927dd27b3b
ff5dbbee-e0d3-4e66-b4a7-3daa0e666539,1,1,1.000000,2f843830-e489-45c6-a140-48ef168f7d3e
0e5c48bf-5b70-4f1a-9be5-86f1a34a5ae9,1,3,1.000000,941cbc5b-b82c-4e79-98d7-87808e8819b9
a4a97ef9-c526-411b-a665-d31e90e6a771,1,3,1.000000,5f993501-e331-41f8-88ef-8789acff3d7f
a98a506d-7c7a-424c-9c50-6ad4bfcb2900,1,9,1.000000,fff9db58-c20e-4f2c-b07d-9937b70a1273
70c8514d-efa6-470c-943b-057d8fd3304d,1,5,1.000000,340b7157-11e5-4463-a088-59ca98df39cd
c150055a-320c-404e-b0e4-cc6312707e3b,1,1,1.000000,2847c646-a1c3-45b5-815f-46681e3db9c1
67bfcf97-e63b-4a42-b7ae-fdbfa39483b8,1,1,1.000000,ecd9aab5-ddc6-4cf9-97f2-03e3018e6076
34640d68-eba4-402b-b2e2-4990cf0d847e,1,5,1.000000,5f93621b-e9a9-451b-8d30-165dae1653c2
6f649135-2805-4c87-94bc-4fbc996ff679,1,1,1.000000,c1579949-3fb1-4a2a-8a10-4bcba6e0cab7
d976db50-7f06-43a7-8f8e-fae474b3a598,1,2,1.000000,92ef2ca8-10c2-4b32-a999-3af1b85502c7
9deaf549-6398-45d5-a0bf-c3fe6a5a1d96,1,1,1.000000,5b42ea58-d3a6-491a-98ea-d6cb61b21abe
1d253f71-2e18-41b3-8211-7a520e87f213,1,1,1.000000,39107c52-98c9-4a75-b505-271294fac465
eac6b705-fb10-47f8-97f3-43d9205830c4,1,2,1.000000,9c862f56-7315-43ed-9922-be53b612c26b
ad973edd-d2f4-40d6-b71c-33d7d83237bf,1,2,1.000000,6c1f708c-f3e9-4d9e-a0ae-311ba42c139a
50719d73-5f40-4983-a9ea-39ddfb4ffc10,1,1,1.000000,b2adc949-f710-48f8-8159-5533f440730d
f07b9deb-c952-42bf-8088-27d51c68d4f3,1,2,1.000000,10c196fc-2c76-4e4b-b628-4472949c39c3
846f98e3-2a7f-4420-8ae8-19a77c9afada,1,1,1.000000,7cc462c2-3438-4530-81e0-ef36b8cce783
e8ba3341-9c58-45fe-9ff3-edda8a951f13,1,1,1.000000,7413fd0f-0de7-4b60-b466-60b0bdd9a9c9
0926b4e6-8155-458b-b861-00760a624ab2,1,1,1.000000,907af844-581a-4044-8ddb-8bcc91df32f9
6a5377c7-e55a-4649-9cbc-7687074606ff,1,2,1.000000,a93f061d-7038-4993-a948-be4b7034b354
d28c29c5-a1f6-4d3c-b1ec-654d6022f32f,1,2,1.000000,ee629236-d81f-4548-822a-11f979d7f013
1baadf6b-e05e-4978-93a3-0e956164dfe1,1,3,1.000000,33ee54b5-0d80-4b24-b785-abcf45ee1e3f
dd3cdb20-2d2d-4d2c-aad6-f57ac627c0d0,1,2,1.000000,169a37aa-17e8-4998-adea-e8e08e08013f
c2b8b29e-01a1-4203-ad6a-cae682875289,1,1,1.000000,c33e02f8-4665-4d6c-8781-4a5c991889da
7b415abc-b470-42fb-8629-947e0998b777,1,3,1.000000,039c70da-6930-47d6-bdfd-f1d429ade760
351957fc-c1b8-491d-9477-753570043c32,1,2,1.000000,339569d2-ab4e-4f6d-9e2a-1b9f9fc083aa
d70d6d8f-d4da-4815-b960-79159f5fd2fa,1,5,1.000000,9a750eec-46c2-4720-b481-a0d6f03af47b
aa44b2c0-247f-483f-95c0-05f528a4d51a,1,3,1.000000,f812d842-42ac-4a21-8073-f483c059ca2d
5c61309b-a928-4291-8ce5-52608418ec85,1,5,1.000000,ae58f689-c66b-4ec7-8bea-c1ef1490288a
716b1b4b-dd56-4ca3-8419-ee698a172f59,1,2,1.000000,2bef0281-b2d9-41ac-967c-45835e5ba8c0
58603e24-784b-4abc-a4e6-a3e6b8a26e5c,1,2,1.000000,c15796a9-88e4-406f-bd36-788d0e579acd
76c78c9e-94f9-45d9-854f-a5028d67e527,1,2,1.000000,5ac34c91-a3b4-4a11-a940-a4babf02057f
e5e7622f-be20-4ff9-bcab-b7d8ee54ae7d,1,3,1.000000,6703acf0-f2c1-4b80-a158-fbbe091d3948
d431a6fd-883c-4abd-a638-8f2e3a0e2843,1,4,1.000000,bf609a7c-229e-4dc7-82df-8162b6648e97
f941b68a-dc0c-40d6-a38e-177da89cfa76,1,2,1.000000,595525a1-8ff1-493d-bdef-74ecb74d182b
e1014215-6a79-4817-a2ea-f37a6874e4e3,1,2,1.000000,f4f25187-82c7-4265-9bf9-71bc8ed1701f
0e81d4cf-f609-4952-9f73-bf13f86487a6,1,2,1.000000,b31c10f0-ddb3-4d3f-b6b1-6ac865523ec8
9e7f3e2a-633e-4e17-83ba-2080f2519eb6,1,6,1.000000,b598bd23-8da8-4ecf-8ed7-f22321137698
5d03f818-d1ad-45b0-96f1-486668630027,1,2,1.000000,299be603-a667-4e4b-9287-3e88c441d26c
12e20130-1cb8-4722-90da-efc0a8d9867b,1,2,1.000000,17b99863-8bfd-492d-8451-374fd7cde36c
26a8e294-387d-4001-802c-67fa4097b5d3,1,2,1.000000,bb4fc561-441d-4dc9-b9b0-9248820ad968
67184b2b-fa6d-40c0-8bb7-610ccd932849,1,3,1.000000,87e53473-180b-4180-830f-6999f612c755
4a954809-8368-402a-9361-d3da5373583b,1,1,1.000000,1637a67a-3e43-4ba3-9c63-dd1b557dcc19
69b467da-6d9f-41ea-b1a4-3ced38a48ab0,1,3,1.000000,59751180-e355-4bfc-b5a2-5c571dfc6efa
ef3e832c-ea73-4252-ab3c-885f3f4a9558,1,2,1.000000,68942969-0475-4a26-931b-d1d8043a659c
98ba8eab-ac78-4d2f-af1b-850e27de8a37,1,3,1.000000,71bc06fd-068a-4dd5-8c8b-4c7b2e3ff17e
2b85c79c-b05a-4565-894e-23c26e4ce4c4,1,4,1.000000,78d36156-f985-41f2-b808-8ffa7a87f4b9
e8e1ab45-a814-4b1b-818e-8b50ece5100f,1,2,1.000000,c17f5405-360e-43d7-9b50-bccf6faf2207
8cd226b8-2dd8-45c9-9f97-6bcd524952e9,1,2,1.000000,d4be492d-c9ee-46a0-b1ab-076386b61b85
420c5498-30c6-41e7-ba53-a025e59a36e6,1,2,1.000000,4f84b332-20fa-45e8-b9e0-e9fd0839492a
d83e8d67-4ebb-4159-8fb4-50a8359e9fdb,1,2,1.000000,efca79c2-0b12-4ce7-a28f-68ad9193990d
2c01f9e6-a055-4558-ac5f-9531ac18842b,1,2,1.000000,68e7ae29-15ff-402c-adc1-76d5a932c984
326becb9-155d-4632-b1ef-c80ad9944f4d,1,2,1.000000,15d97e16-a8bd-47fc-90d0-a7b1505efd0b
ca606d2f-fa44-489b-8a39-6f204ab37e88,1,2,1.000000,b8f4eb79-baaf-442b-ada2-5bcd5cf89df4
91dad8f6-3f62-4410-8337-f5511a728b5c,1,2,1.000000,5e5bd954-ae5a-4f7d-a16b-85bc7f3203e5
52d9094a-9302-4fa3-b5c1-0fc258e53e5e,1,2,1.000000,faede4bf-624b-414f-8bff-7f3bbfc74f7b
7ec7280d-54ff-44cf-8b97-68302d741867,1,2,1.000000,f6f0f4cc-1446-4e9b-8217-0e87c459d01d
1c8ca8ed-9af9-44a0-880c-a5e91e032388,1,2,1.000000,4f2ed62c-2a18-4888-86c1-aa01ba21b64f
d20f78e8-274b-48ed-8991-65a939e61583,1,2,1.000000,5d6b65a6-6a87-4085-900c-575ab429c359
fc99fa77-fe4a-492b-a5a5-1938be37a0a3,1,2,1.000000,8d7e30ed-2eb2-48c9-ad99-3d0e8cf03e99
f4f0e3dc-dfca-41c1-9122-20071cc96a54,1,2,1.000000,0062535e-d9ab-4cb0-ae8f-79133b440129
ce3339ec-656b-4d16-bbe9-63527a6aa825,1,1,1.000000,639303f6-00f5-4aec-a487-291f27972688
7d644e8a-d58a-493a-9bd7-70454ac15e2b,1,1,1.000000,b811ccd0-a9ef-40ef-8326-d8efbf85e50f
c40c6c7b-65c3-4014-8bd4-3149e212aa4a,1,4,1.000000,475f6ef0-4e4c-4fdc-b24f-529a349d521e
06d30af0-4131-4dd3-9611-a50d0c1b5c4e,1,2,1.000000,31fa27b8-6c4d-47b2-8566-b4af4d9ca9e8
8a19b0c3-7957-4d85-886d-9c8a61ce920e,1,2,1.000000,c28aa37d-571e-4b43-bf01-aa14eeb765e7
e8f34487-0ce8-41f5-832a-283f503df2de,1,2,1.000000,2f843830-e489-45c6-a140-48ef168f7d3e
77d2cc12-c3f4-4bed-bceb-f1e1c9af71c8,1,4,1.000000,b00c8ba4-8b50-4d81-a08e-fee649ef9423
734d5ef1-9ca1-4d89-a52a-020b5ec44116,1,2,1.000000,5771f07a-575e-4004-a3a5-db3ee44bb1b0
47ac4390-d06f-4dca-8e61-59eaaa8fdc27,1,1,1.000000,2847c646-a1c3-45b5-815f-46681e3db9c1
380e21ce-7f7a-43a7-a341-aee01e8614d3,1,2,1.000000,f258256f-54bc-46fc-baca-9df34d5ff3ac
a274b420-0b5b-48c6-a0d8-bfea2ca2214b,1,3,1.000000,935eb020-a824-4cdc-9442-727a6d9e019e
142b66f8-129c-4006-9dc3-cfb342d5be5b,1,1,1.000000,c1579949-3fb1-4a2a-8a10-4bcba6e0cab7
2238d961-003e-4bb7-b81a-7cfad57119ff,1,2,1.000000,5b42ea58-d3a6-491a-98ea-d6cb61b21abe
675adbd7-34c9-49b9-bdaa-3b876cd78f48,1,1,1.000000,39107c52-98c9-4a75-b505-271294fac465
dd1cffe7-e20c-4fd4-8612-f4c9c4f6fbcf,1,4,1.000000,b2adc949-f710-48f8-8159-5533f440730d
59a0e1b9-6340-4e4c-badf-d2896f2a9164,1,2,1.000000,7cc462c2-3438-4530-81e0-ef36b8cce783
bb3dd896-c44d-44e6-b9d1-c349af3a3227,1,1,1.000000,7413fd0f-0de7-4b60-b466-60b0bdd9a9c9
162336a9-4c22-46d4-8531-84f1885ae1f8,1,1,1.000000,907af844-581a-4044-8ddb-8bcc91df32f9
d58ee2e3-03cc-4eae-b1fe-1ba5a5292f77,1,1,1.000000,2c383b80-2256-4ece-81d4-c81290a10a14
d2e4721d-cedc-4ec1-ac90-25ddc099aec0,1,4,1.000000,c33e02f8-4665-4d6c-8781-4a5c991889da
313c09b9-3370-4a80-8445-f61a28bbe804,1,1,1.000000,ad30762b-ff39-441d-a0f7-d388fcb65c5d
527c0c75-d44b-4af5-b643-1badac71fb75,1,3,1.000000,08a984f9-9503-41c3-95a9-001f60ccc981
73a9f903-c924-48f6-9f9f-e1bc987b9c7b,1,1,1.000000,1637a67a-3e43-4ba3-9c63-dd1b557dcc19
24655a34-5c2f-4e97-a7ed-32cd92efe060,1,1,1.000000,6ac4be27-6951-4110-953b-42994ca04dfc
31bacab3-6354-4571-bd33-5154f65239c8,1,2,1.000000,bdc5938a-77a5-4148-8281-898e87238451
afd6238b-a8c1-4e9d-9b7e-187354dd3649,1,2,1.000000,49fcf025-22ca-4e4b-85b8-278b855e63b7
b431a7f3-adee-400f-b3ff-dfe343221fcb,1,1,1.000000,644cc752-3d2b-4bc8-8521-9c913e09170f
3fb68356-647a-40e2-938b-ad1cb3bb21a4,1,1,1.000000,06bae8fb-0776-4dad-ab94-34d99d38f70b
bbe1721e-a83c-46ae-8684-c029f71e04d5,1,1,1.000000,91675abf-4d79-497f-8fa5-224ae0472254
be53a683-799e-4f9f-8b4a-0125fe729e4d,1,1,1.000000,b811ccd0-a9ef-40ef-8326-d8efbf85e50f
55a9ccdf-a006-4b13-ba19-b8ebfef77ad2,1,2,1.000000,2dd5f116-f355-4d81-9790-cb050463be55
b8a7db80-e4b0-406f-9892-7f10ee8fdc79,1,1,1.000000,31fa27b8-6c4d-47b2-8566-b4af4d9ca9e8
eda34589-3aff-479b-ad2c-95d28aa71e3c,1,6,1.000000,a570d9cd-f8c7-4a04-acd2-701cc226b960
01b9ad5c-2042-4d21-a49c-e8014aef9b7c,1,1,1.000000,c28aa37d-571e-4b43-bf01-aa14eeb765e7
eb354766-c7bf-4af8-b4d0-365a4ff16b5b,1,1,1.000000,ece552c2-b04a-49f3-a01f-244ea2be828f
8289cb82-31b8-4d74-8b19-5645d5d30710,1,2,1.000000,15c7af42-87ad-4bc8-92fa-52ae8f2040fa
8020fccf-9eda-43f6-b720-5506d0909343,1,1,1.000000,7e2037cd-4943-4935-a393-43fc5c390c87
55e384bd-dd18-4656-afbe-e10144d285bb,1,1,1.000000,9b9c8be4-8e25-413a-8928-7da271e119ca
714b37de-36f8-4e43-b903-51a30b91ebf3,1,2,1.000000,36027d15-9fa5-4ada-bf4b-ed5b5daa5587
b43359d9-3354-42bb-858e-92b3eb46af40,1,1,1.000000,e7dddb75-ce7a-4c4a-a047-cd3c7c12c4f7
0042ec88-3c36-47f8-a011-0c9bc8f4fdf4,1,1,1.000000,2847c646-a1c3-45b5-815f-46681e3db9c1
217f3660-71b0-41e7-9381-82ea2250dee7,1,1,1.000000,e43b733a-2cf6-41eb-9a50-46282a0c37fa
f82ec972-f4b1-45a5-b0a8-2cf210900bc9,1,2,1.000000,289638d6-a850-4690-a2cd-3f4189665d44
251f4519-137c-42b6-8af2-598d8005d508,1,1,1.000000,c1579949-3fb1-4a2a-8a10-4bcba6e0cab7
e511d04b-d8b4-489f-819c-785b5340d0aa,1,1,1.000000,92ef2ca8-10c2-4b32-a999-3af1b85502c7
c7cf4e6d-850d-444d-bf4a-c12ca515769e,1,1,1.000000,39107c52-98c9-4a75-b505-271294fac465
c9c33f90-5ebb-4ccc-9b5d-71be6c8a2f90,1,1,1.000000,9c862f56-7315-43ed-9922-be53b612c26b
14276775-d312-4fc8-893a-2b103dee078e,1,1,1.000000,f80e3924-ebe8-4e2b-8fc1-f8040e9b541d
75c0af50-1fff-49ff-b42c-665d764441a7,1,1,1.000000,6c1f708c-f3e9-4d9e-a0ae-311ba42c139a
8a33912c-f0c5-4261-a4ac-f03c0ed350ab,1,1,1.000000,10c196fc-2c76-4e4b-b628-4472949c39c3
fd8ab3b8-163f-4baf-9710-a0271d1b0f9b,1,1,1.000000,7413fd0f-0de7-4b60-b466-60b0bdd9a9c9
bdff7566-be36-4da8-8405-a0c2628dfa54,1,1,1.000000,907af844-581a-4044-8ddb-8bcc91df32f9
4d3132a9-4fe2-4bcb-99b8-cd8ef9a76ecf,1,2,1.000000,a1e159d8-57d0-47b8-9d45-24df63d3595a
b43c4ca3-a856-4fe9-8a40-df324cdc5cd8,1,3,1.000000,a93f061d-7038-4993-a948-be4b7034b354
f2739323-306b-41e7-823c-f4519abd1717,1,3,1.000000,ee629236-d81f-4548-822a-11f979d7f013
8fc0608a-9f96-4a8a-8b6f-eb224fa67f3b,1,1,1.000000,169a37aa-17e8-4998-adea-e8e08e08013f
9b63f949-ecde-43e4-b8cf-1416a52b10e9,1,1,1.000000,7fd39831-e264-4ed0-a0b6-8d05bbcbb38c
9ed5dada-c5df-41a1-9e96-59ec58cdf892,1,1,1.000000,2c383b80-2256-4ece-81d4-c81290a10a14
460d8ecf-39cb-458d-b62f-271b684a9084,1,2,1.000000,d7969eaf-cd67-4ac5-b060-393d864f8525
d0d84715-ea29-4883-b9b8-249c5d7c8c6e,1,1,1.000000,339569d2-ab4e-4f6d-9e2a-1b9f9fc083aa
729cd46f-34df-4013-bfb4-c3ff298992eb,1,3,1.000000,2657b615-04b0-4c11-8343-1245c9c07676
2edfcc85-165d-4da2-863d-ef0e2e570270,1,1,1.000000,34f99a24-a6bb-4995-b47c-e02f1c26a820
ca16b5f5-acaf-429c-b32f-517a820b2ac0,1,1,1.000000,2bef0281-b2d9-41ac-967c-45835e5ba8c0
281f5104-1c6b-40b8-befc-b19653315405,1,1,1.000000,c15796a9-88e4-406f-bd36-788d0e579acd
a967a050-087a-490d-9ccb-3d45dcaadbca,1,1,1.000000,5ac34c91-a3b4-4a11-a940-a4babf02057f
a33da973-6aab-449c-ae3c-76411f056159,1,4,1.000000,bb86048e-c4fd-4bc1-8fda-a4fb5b391a14
d7fca19c-d6bb-4466-bc2e-570dda355f67,1,2,1.000000,1729815c-0eca-4350-ab5c-5ce2c530fcd4
d6c43ee0-5ff0-454e-ac2b-a48c7a315126,1,1,1.000000,595525a1-8ff1-493d-bdef-74ecb74d182b
95824d00-f6e3-4074-8806-55cf429b3900,1,1,1.000000,f4f25187-82c7-4265-9bf9-71bc8ed1701f
7fe1f673-0181-4f71-a2d5-de8369ee191e,1,1,1.000000,b31c10f0-ddb3-4d3f-b6b1-6ac865523ec8
46301fc2-b240-4662-92c5-7e635aedad55,1,1,1.000000,8e72a8bd-ae9b-460b-9573-aba4b21efb12
8fcedf95-c701-45d4-a0ab-4f24351192fc,1,1,1.000000,1e4d3af4-cc42-44a9-b716-96fcf81a25a5
ba644f2c-2d52-4cb4-9bdd-155aca370bd9,1,1,1.000000,299be603-a667-4e4b-9287-3e88c441d26c
ee13d925-9294-4b47-9b6d-71be864e9054,1,1,1.000000,17b99863-8bfd-492d-8451-374fd7cde36c
3840baea-6730-4a8d-a303-32bd6b8fadfc,1,1,1.000000,15f3a523-0299-4249-8ccc-fee0b320040f
c770ddd6-def0-437b-9449-8bd1d52abda8,1,2,1.000000,bb4fc561-441d-4dc9-b9b0-9248820ad968
7759b0f4-8b1d-47f0-b1b7-22110775c3d6,1,1,1.000000,1637a67a-3e43-4ba3-9c63-dd1b557dcc19
71ce34f0-f27d-4564-80ce-f79914f3e30b,1,3,1.000000,f61809d2-a428-4a2c-81e4-461ea9908687
ad03538b-1a68-4b37-9066-c0e9c441a964,1,3,1.000000,68942969-0475-4a26-931b-d1d8043a659c
f97c40ba-2e64-4855-8091-837fa7b5b832,1,2,1.000000,c17f5405-360e-43d7-9b50-bccf6faf2207
303857df-94d2-44b8-a014-01f74ca1b386,1,2,1.000000,2f38656b-76d5-4b46-a81d-c90b96495673
32661573-7a7a-4f3d-a9c8-c1f683757451,1,2,1.000000,d4be492d-c9ee-46a0-b1ab-076386b61b85
5f57089c-b264-497f-8262-4c62b3f24bdd,1,1,1.000000,4f84b332-20fa-45e8-b9e0-e9fd0839492a
7d2358b0-80a0-4794-9e6e-6118d23a8c92,1,1,1.000000,efca79c2-0b12-4ce7-a28f-68ad9193990d
0e7f0241-1819-46c5-adfc-95af4b09d444,1,3,1.000000,68e7ae29-15ff-402c-adc1-76d5a932c984
32b087ef-9f4c-48bc-992c-b1ea32f8544d,1,3,1.000000,15d97e16-a8bd-47fc-90d0-a7b1505efd0b
618186b2-aff8-4c2c-9e6f-6c64b58ab7ca,1,1,1.000000,94560f9c-6b13-4732-ac39-78f6d48a8133
ab3b16ed-f959-48c6-813a-d4e63b2282a2,1,1,1.000000,b8f4eb79-baaf-442b-ada2-5bcd5cf89df4
03571a22-8388-4391-a7ea-9089e9c2c89c,1,1,1.000000,8537fdf9-7619-499b-b288-a3cfa1ee546f
3705e51a-ff89-431e-9519-4e9aad9a53ee,1,1,1.000000,6ba68ba3-3aee-4198-9e5e-f659b55375bd
624a27ff-715f-44a9-b097-860214045e61,1,1,1.000000,6691497e-e3b6-4698-a5e3-35f282f0eb8d
e18dfa59-5bb5-426f-b83c-7335afb9e50c,1,3,1.000000,5e5bd954-ae5a-4f7d-a16b-85bc7f3203e5
5bf3d49e-b179-4a33-a504-2c44de27390e,1,1,1.000000,faede4bf-624b-414f-8bff-7f3bbfc74f7b
55c0198a-8623-4810-9c3b-8e73ad697044,1,1,1.000000,f6f0f4cc-1446-4e9b-8217-0e87c459d01d
5ea32604-bcbc-4d61-a3ed-00c3ef373e79,1,3,1.000000,adf5227c-74ef-49bf-b9fc-2fb8cf302732
5a840207-7238-4e0c-a81d-0e04c6027dc7,1,1,1.000000,4f2ed62c-2a18-4888-86c1-aa01ba21b64f
07c292d8-1789-494b-8167-9c428c82eeb3,1,1,1.000000,dca7d97b-a46b-482b-b513-4c3ef1fa7dbf
69f6d5c1-dfbc-437a-abef-9754eb638947,1,1,1.000000,8b10f12f-516a-44ee-9e79-134d040d1ef4
2dc3f270-4800-4f49-860b-bc33942fbade,1,1,1.000000,5d6b65a6-6a87-4085-900c-575ab429c359
467aa7b7-31d6-4351-a0ef-e4cf878d02d1,1,1,1.000000,c49c5729-6dda-416a-91d6-3fec37394388
be0fc689-72b5-4dc8-b0a1-9ac5589f69c7,1,1,1.000000,8d7e30ed-2eb2-48c9-ad99-3d0e8cf03e99
2b8b6710-3192-44bb-acb0-3660994ca16a,1,2,1.000000,c7b87666-56b8-4851-ad87-0ba40803d992
62edbb9c-47a5-499a-b196-0e641b56ca9d,1,2,1.000000,4d49cfb2-841d-4a04-81cb-7d1b39a507b4
db41dc2b-77d4-461b-b953-c24d6432d679,1,2,1.000000,6ac4be27-6951-4110-953b-42994ca04dfc
c14bde0b-3a73-4fc6-b8c2-21951be930ab,1,1,1.000000,fd026db8-dad8-4f55-8016-d469844b2862
6bee23d9-c2d7-46d9-8508-14dca07766f2,1,3,1.000000,9a8ce184-8911-4e32-be51-261497e0d919
fbab44ed-3e13-4b49-8ea2-0f298030fdf8,1,1,1.000000,a4b7e876-b24c-4888-85f9-62bcb8a9d776
2fcbe9dd-59ce-4737-8fb4-892746f3b576,1,1,1.000000,8aa0c34c-dda5-43e4-a825-202ddad15708
afc77d54-0934-46fd-bf28-962587933e79,1,1,1.000000,0062535e-d9ab-4cb0-ae8f-79133b440129
369e03a4-37ea-4ca7-ad3f-419dc6d69277,1,1,1.000000,644cc752-3d2b-4bc8-8521-9c913e09170f
0fa2888c-4dc4-4fa5-a1f1-03ea0374480a,1,1,1.000000,06bae8fb-0776-4dad-ab94-34d99d38f70b
17904559-c5bd-4ffa-b243-8d17a089dcb7,1,1,1.000000,91675abf-4d79-497f-8fa5-224ae0472254
477b2968-3f12-4cce-8542-f8d523e5ee3e,1,1,1.000000,b811ccd0-a9ef-40ef-8326-d8efbf85e50f
2f96f59e-d399-4355-82b4-018ec5c2af2f,1,2,1.000000,bc19c32d-a271-4dd7-b5e6-62d36d1a3128
5648d503-25bb-4633-85ff-7944c458719e,1,1,1.000000,5f118823-51ee-47bb-859f-1316523af0ed
a7cff401-c438-47d5-a77e-f87a2cb5d6c6,1,2,1.000000,5d5b6794-5e6a-45d4-a508-e6ad12155d53
0d4ed683-8ca2-49f9-98d8-da8d44918584,1,1,1.000000,2f843830-e489-45c6-a140-48ef168f7d3e
ce9c8f45-76b3-4e16-b23c-11126615baba,1,1,1.000000,941cbc5b-b82c-4e79-98d7-87808e8819b9
351a597e-04ca-410b-bbfe-f8759d087720,1,1,1.000000,ece552c2-b04a-49f3-a01f-244ea2be828f
40e8f26d-eaf5-4ab7-bc5b-34743812c2af,1,1,1.000000,47bad423-2418-4435-83c8-08ba94003d14
7dc8265b-43e2-48e1-a758-81b286a658f8,1,1,1.000000,b63742da-5e1c-45af-90ad-17c4303b044e
fca9ba1c-2ff2-4aa1-93ff-d317120e5ab8,1,2,1.000000,5f993501-e331-41f8-88ef-8789acff3d7f
210f57b1-9098-48ed-81cd-b9eccb72e2e7,1,1,1.000000,94d77a1e-9dfa-42b7-a41e-eba20dbbf8f1
e03322a8-ff4c-4f62-9f3b-01308c8b0ab8,1,1,1.000000,cb8044c4-b13f-45a5-a981-ad46f7a15bd9
0e2dbb0a-2b29-47b4-9cb7-0d7be9019c0b,1,1,1.000000,7e2037cd-4943-4935-a393-43fc5c390c87
66bf3aca-ce28-43c5-9097-a186e30628c2,1,1,1.000000,9b9c8be4-8e25-413a-8928-7da271e119ca
a5c38da5-6a66-495c-8b11-af02b36520ae,1,2,1.000000,70aa3c86-1745-40da-9072-13ac3ed78efd
d00843ad-e368-4b99-a1cf-48cb39e9e660,1,4,1.000000,7df7a9b0-729a-40ef-9403-c28f90d19453
a3ffdbdc-0135-44e2-8bc4-59b2aeabf820,1,1,1.000000,e7dddb75-ce7a-4c4a-a047-cd3c7c12c4f7
59377405-8e51-45aa-aceb-db80bd7fa4de,1,2,1.000000,0feedf09-ee01-43ea-9489-1b58a00ba227
663bc8ca-9434-48a7-a4cf-a7d1d34188b7,1,1,1.000000,5771f07a-575e-4004-a3a5-db3ee44bb1b0
ada5f38a-2397-4469-b9e3-3049be414fb5,1,1,1.000000,823d6947-79a9-472f-8242-e07220bcaa02
66eb9e48-ba38-45e4-b5e5-cab1d3c93d79,1,1,1.000000,2847c646-a1c3-45b5-815f-46681e3db9c1
e313b7ea-557f-4bb8-92db-a9482f613f26,1,2,1.000000,f258256f-54bc-46fc-baca-9df34d5ff3ac
4a88954f-39f2-4d99-83bf-eda7d75d6b49,1,1,1.000000,5c2dcee3-4c6f-4ac5-bebf-393949ab845c
ff94734c-84fa-4426-a309-175b940347e0,1,1,1.000000,050de4b3-0882-4235-9554-9a624b8850fb
5d7f00b5-9b29-4a00-ba57-92b5f43b1b2b,1,4,1.000000,f2d0957c-12af-426d-8d09-fdbbb4e0de0b
1d2ed1ee-4a1a-4959-b267-b4135c6a0c5d,1,1,1.000000,5b42ea58-d3a6-491a-98ea-d6cb61b21abe
6eef5d58-a445-4bc7-8230-de58924ca504,1,1,1.000000,39107c52-98c9-4a75-b505-271294fac465
9af7b7af-5648-4a77-af82-a10197fdb666,1,8,1.000000,9c862f56-7315-43ed-9922-be53b612c26b
f004f607-f52c-440b-b4e4-4387ad4e0318,1,2,1.000000,6c1f708c-f3e9-4d9e-a0ae-311ba42c139a
6a502784-7911-48ce-8211-79e4fcd9118f,1,1,1.000000,10c196fc-2c76-4e4b-b628-4472949c39c3
100d4b8e-80c5-44bc-a9a3-95a742c17218,1,1,1.000000,7cc462c2-3438-4530-81e0-ef36b8cce783
c05a6b8e-c88c-470e-b82c-cfddd0ead7a8,1,6,1.000000,7413fd0f-0de7-4b60-b466-60b0bdd9a9c9
44e56977-38bf-4532-bf29-f37d6d670858,1,1,1.000000,907af844-581a-4044-8ddb-8bcc91df32f9
735855d7-38db-44dd-a3b6-a2c0b03c6a60,1,1,1.000000,33ee54b5-0d80-4b24-b785-abcf45ee1e3f
4959b94f-e198-40bf-a73f-096f8f134bcf,1,1,1.000000,686a875f-c72b-4803-b21d-8a7401fe132a
97a6e2c1-cc76-40f7-ac2e-b18112cffe28,1,1,1.000000,169a37aa-17e8-4998-adea-e8e08e08013f
0cfc4f9c-4e14-4de6-9f8d-ffe78271f0be,1,1,1.000000,7fd39831-e264-4ed0-a0b6-8d05bbcbb38c
bc2cbd99-1df2-49e3-bdc5-cde736700bf6,1,1,1.000000,2c383b80-2256-4ece-81d4-c81290a10a14
94954a9f-85ca-455a-8fd4-0161ea3683d9,1,1,1.000000,039c70da-6930-47d6-bdfd-f1d429ade760
136135aa-98a2-4591-ae27-318a451f9c79,1,3,1.000000,339569d2-ab4e-4f6d-9e2a-1b9f9fc083aa
84699c32-355e-4c9b-b9b9-63878f0c0604,1,2,1.000000,f812d842-42ac-4a21-8073-f483c059ca2d
36215fb0-9d88-48df-8fa6-ceb65e6243b1,1,3,1.000000,3284e414-8b55-431b-996f-5e5cf9e96ed9
f1f52839-6119-41b9-9e8f-660fbfe1c8ff,1,1,1.000000,2bef0281-b2d9-41ac-967c-45835e5ba8c0
ba999c2e-6c70-413c-a79f-55ed0067e2af,1,1,1.000000,c15796a9-88e4-406f-bd36-788d0e579acd
e45395f9-48a4-4dce-b8f2-29bdaf48b8c1,1,2,1.000000,51e67b1a-ddcd-479b-8d42-f1d1410e814d
2576bee5-df7b-4123-a033-0b62b7f17567,1,1,1.000000,a1a87013-2cc1-4ab5-a85b-9fd21ffffe4b
5d75601f-3b20-40be-9215-648dd0fb7acd,1,1,1.000000,df2d69ac-fbca-4b9e-8df4-d499bb27b403
5d6542f5-321c-44c9-9fd1-941112eac5ad,1,1,1.000000,5ac34c91-a3b4-4a11-a940-a4babf02057f
dd303cf5-82bd-4a6f-8ab8-2dd60a94e490,1,1,1.000000,6703acf0-f2c1-4b80-a158-fbbe091d3948
6e964686-7f21-4f40-b305-10c6d8b7e53a,1,1,1.000000,22d63a23-9d58-4c8c-b5fc-433ef6baa9fb
f8319b51-fb9a-44ec-ae12-7e500f203c51,1,1,1.000000,ccf8bf15-e8fb-483c-83c9-e0523a2d0daa
24c2754e-bdac-4bc4-8be1-2b08ef7f4dc5,1,1,1.000000,595525a1-8ff1-493d-bdef-74ecb74d182b
a35d8acd-bc24-402a-9045-a967cf1df2b0,1,1,1.000000,f4f25187-82c7-4265-9bf9-71bc8ed1701f
8f248a78-04a1-4821-a857-8089ce9b9190,1,2,1.000000,324e32c2-c915-4c0a-a5c3-7f7b6a758fd3
b866ae40-4433-4fb8-a517-a9617e5f884a,1,2,1.000000,30f64336-9100-4dbf-b67b-4a2096a38da9
8bdecbd9-9f74-46d1-b4e7-db78b469b675,1,1,1.000000,8e72a8bd-ae9b-460b-9573-aba4b21efb12
38a8caf3-1b5e-4ec1-82d4-c2e995208d80,1,1,1.000000,1e4d3af4-cc42-44a9-b716-96fcf81a25a5
4daba74b-9134-4184-b888-0bf3e674d27d,1,1,1.000000,299be603-a667-4e4b-9287-3e88c441d26c
1a84210b-836d-424a-91cd-3b46032d6539,1,6,1.000000,17b99863-8bfd-492d-8451-374fd7cde36c
1a094dfa-2b52-4b2b-b27e-9c3dcf38b377,1,1,1.000000,15f3a523-0299-4249-8ccc-fee0b320040f
49a2d91f-3598-4d10-bfb0-858b85452757,1,2,1.000000,87e53473-180b-4180-830f-6999f612c755
3870716f-133d-4372-8813-61d900f12e74,1,1,1.000000,af421bd7-84d7-4b0b-b621-c9b4091d1b06
46a7f8ce-3aeb-4002-b7cb-4cbdee6a6eb2,1,1,1.000000,1637a67a-3e43-4ba3-9c63-dd1b557dcc19
7118ebca-6dd7-4f29-8363-31939e7c17c0,1,2,1.000000,59751180-e355-4bfc-b5a2-5c571dfc6efa
24bd66bf-45e5-4b0b-bf8a-1462d09a6018,1,1,1.000000,68942969-0475-4a26-931b-d1d8043a659c
3376fa87-0f01-4554-b8ac-b877513842d2,1,1,1.000000,1bc74fba-d84b-4bcc-9386-cb329e96d9e3
cfe66b8c-9038-46c4-b3a0-e3fd8c499d58,1,1,1.000000,4f84b332-20fa-45e8-b9e0-e9fd0839492a
bbddb032-a4ff-498c-919f-f45e14e09588,1,2,1.000000,618b27ad-6280-4709-8245-2f34c8e13f53
c699dc38-53a5-4329-b1c0-74e208b05ada,1,1,1.000000,efca79c2-0b12-4ce7-a28f-68ad9193990d
70461b62-7cba-4fd9-a0da-2cf3f45f1e17,1,1,1.000000,142269c1-304f-434d-be4c-cbe566ba1379
9925040a-4a04-4c23-9d69-994941f1dcbe,1,1,1.000000,94560f9c-6b13-4732-ac39-78f6d48a8133
423f2216-0130-4025-8010-a82caf828911,1,3,1.000000,b8f4eb79-baaf-442b-ada2-5bcd5cf89df4
23cd3696-fea4-49ef-a941-af80bd3ac9d9,1,2,1.000000,6ba68ba3-3aee-4198-9e5e-f659b55375bd
852f91a8-6e65-40d1-b21a-c1f41200d78f,1,1,1.000000,6691497e-e3b6-4698-a5e3-35f282f0eb8d
8c3e8529-a75d-4421-8428-460f576c3311,1,1,1.000000,faede4bf-624b-414f-8bff-7f3bbfc74f7b
be9b51ed-1799-4683-abf0-9a9a98b8b5ab,1,1,1.000000,f6f0f4cc-1446-4e9b-8217-0e87c459d01d
a941e7ae-7078-47f2-90ab-a47cc73d394d,1,1,1.000000,4f2ed62c-2a18-4888-86c1-aa01ba21b64f
0579976d-9767-4434-bfe5-7b950cb89da7,1,1,1.000000,dca7d97b-a46b-482b-b513-4c3ef1fa7dbf
362e207d-8c79-4b1c-b113-d53c734b013b,1,1,1.000000,5d6b65a6-6a87-4085-900c-575ab429c359
394a1397-8ed3-45bd-9d49-4f8677235bcd,1,1,1.000000,c49c5729-6dda-416a-91d6-3fec37394388
03908f5e-16d5-44bf-a6be-6a1ea03055f7,1,1,1.000000,18812d7d-3e1e-4084-ad30-79ac968a2fa5
3a0ce136-6b1b-45f8-bc5e-df33be8fb5f3,1,1,1.000000,8d7e30ed-2eb2-48c9-ad99-3d0e8cf03e99
e5242a86-117d-4f37-b292-dc61018abc91,1,1,1.000000,fd026db8-dad8-4f55-8016-d469844b2862
ce1734fc-f035-4816-96e5-fe9c7c969008,1,1,1.000000,a4b7e876-b24c-4888-85f9-62bcb8a9d776
09d5ab28-43d3-4d2a-be2a-081d8e7f42c7,1,1,1.000000,8aa0c34c-dda5-43e4-a825-202ddad15708
7c9ea396-ee4d-479e-a32f-e835bf7278a1,1,2,1.000000,bdc5938a-77a5-4148-8281-898e87238451
4806bc2a-e996-4b41-a93c-75886dca5c79,1,1,1.000000,49fcf025-22ca-4e4b-85b8-278b855e63b7
9f801673-6515-4d44-b0d1-9551935dbec1,1,1,1.000000,0062535e-d9ab-4cb0-ae8f-79133b440129
845372cb-0613-4882-9a38-6247d5e5ea9e,1,1,1.000000,06bae8fb-0776-4dad-ab94-34d99d38f70b
7f33af01-bbd4-4722-b17d-ab30a409fc36,1,1,1.000000,91675abf-4d79-497f-8fa5-224ae0472254
7de7af3d-fb7c-47b2-84f9-c1cc519ee27c,1,1,1.000000,b811ccd0-a9ef-40ef-8326-d8efbf85e50f
187519e2-88db-48b2-8074-37dd4f4c5d0d,1,1,1.000000,105b0c95-40d4-43ed-9328-6cbeb200183c
eee88cdf-385c-41e0-a46f-faf5b7f8ba92,1,1,1.000000,a714a287-37fd-4f34-ad8a-46580b566abe
bbfd4a72-1d94-4d80-a6a6-0dff880e8d3c,1,2,1.000000,71c102e5-a364-450a-b233-6c5e2976b9d1
97e755ed-b273-457d-a29c-211b31fdfb9a,1,2,1.000000,1f84d45e-8689-42bf-9ad5-0f9c8753fbde
43f5e405-a719-427c-814b-2d0ca34b6fca,1,1,1.000000,31fa27b8-6c4d-47b2-8566-b4af4d9ca9e8
5a7dbe7d-7d64-4e6c-9a8e-4a656b5ec0cb,1,1,1.000000,c28aa37d-571e-4b43-bf01-aa14eeb765e7
6ca69635-26d0-4bfc-8bc1-a044234eefa0,1,1,1.000000,2f843830-e489-45c6-a140-48ef168f7d3e
0018e5ae-28f6-4f20-878a-dd4781d4d5a5,1,1,1.000000,5a772c33-5555-4594-83d5-0410a67adc71
7ace8efa-6016-47f9-a164-f3280dccc316,1,1,1.000000,941cbc5b-b82c-4e79-98d7-87808e8819b9
a22f5ada-9e7f-4ead-89c1-ce046d7cd694,1,1,1.000000,ece552c2-b04a-49f3-a01f-244ea2be828f
4bb54f72-bdeb-4297-9948-bf6abb3880e9,1,3,1.000000,4c7e79d1-ebd0-40e5-97cc-5156fe65e1ac
684a7ccd-4751-4296-bedc-a62c5f1a9964,1,1,1.000000,ac7c0dae-6fe3-48e3-97b7-ab62571a0eb1
c4bd3fc6-af8c-43c1-bded-c2a33db02109,1,1,1.000000,e9599456-8981-4cc4-b128-82ca0012fb64
f4b9cf72-ac43-4b50-8c6a-9cac4f74092f,1,1,1.000000,47bad423-2418-4435-83c8-08ba94003d14
acc0f43e-98a9-4262-8fd2-a2e0d09776bc,1,2,1.000000,cb8044c4-b13f-45a5-a981-ad46f7a15bd9
8b4adf41-d87b-4a21-8ae7-a496d7eaf2ca,1,2,1.000000,7e2037cd-4943-4935-a393-43fc5c390c87
0a274939-d969-4dc7-b9a4-773c08e5a2e7,1,2,1.000000,36027d15-9fa5-4ada-bf4b-ed5b5daa5587
2ef631b5-689d-474b-a234-0a7768c20a85,1,2,1.000000,70aa3c86-1745-40da-9072-13ac3ed78efd
242f6ed3-e1b8-4d11-92c8-eef6723f8e0a,1,1,1.000000,c07ff153-9e23-4312-a895-634db3ee5e20
e89693f0-e29a-48eb-be63-1c30c733f62f,1,1,1.000000,e7dddb75-ce7a-4c4a-a047-cd3c7c12c4f7
3b42d511-aa20-47b0-80b1-dbf53a604777,1,1,1.000000,5771f07a-575e-4004-a3a5-db3ee44bb1b0
7b4b7c9c-5b7e-4051-9519-6a47be70883f,1,1,1.000000,823d6947-79a9-472f-8242-e07220bcaa02
9af6dca7-efb4-4cc3-9991-4a324459c286,1,1,1.000000,2847c646-a1c3-45b5-815f-46681e3db9c1
65fbba25-8805-447d-b22f-c7c173b3252b,1,1,1.000000,289638d6-a850-4690-a2cd-3f4189665d44
f67e580b-0096-4a53-95dc-046c2e95a6df,1,5,1.000000,935eb020-a824-4cdc-9442-727a6d9e019e
d1eb7ac3-334b-4744-98d8-5fe71c8b743d,1,2,1.000000,5c2dcee3-4c6f-4ac5-bebf-393949ab845c
e8fce495-d1b5-40a3-9ade-8e56f3c3f205,1,2,1.000000,050de4b3-0882-4235-9554-9a624b8850fb
716e3349-e846-43a2-b19b-53bf8869d132,1,4,1.000000,f2d0957c-12af-426d-8d09-fdbbb4e0de0b
ca81b1be-0f3a-4ba0-b88c-731854a3a27e,1,1,1.000000,9e3c679e-3548-47db-a84c-2471170dd5f9
1ac1c084-747e-4343-b814-2091c918a4bb,1,2,1.000000,5b42ea58-d3a6-491a-98ea-d6cb61b21abe
5d974ef0-71bf-4156-8c2a-a75d856d8752,1,1,1.000000,39107c52-98c9-4a75-b505-271294fac465
866e6250-7e14-4b24-b95a-538e3d73f3ad,1,2,1.000000,10c196fc-2c76-4e4b-b628-4472949c39c3
2823828e-fb8b-499c-b303-af35a822111e,1,1,1.000000,7919b794-334e-42d4-ae6d-cc5e8fd3cbeb
44aab18e-2a42-4ff1-b20e-1ae52f77e98c,1,1,1.000000,907af844-581a-4044-8ddb-8bcc91df32f9
f45b548d-e72d-4db4-a23a-20a90596cfe8,1,1,1.000000,5f35250a-d81e-41b2-9564-ff94a61cfa88
39b09974-7533-452d-81be-95fbea1eea0f,1,5,1.000000,33ee54b5-0d80-4b24-b785-abcf45ee1e3f
2b0bc660-605e-45ba-af97-c327d43e2ea0,1,1,1.000000,1d39f953-a08e-494e-acf6-e594832b010a
88119cea-ee39-4235-b23b-b148d6ffdc5a,1,1,1.000000,686a875f-c72b-4803-b21d-8a7401fe132a
d1074d3d-8dc9-4831-bc51-24b022d00980,1,1,1.000000,da1a2d7f-932d-4a30-b182-c07ecc3443ac
bff9aa77-6cf5-4560-9b0c-3c6579276d31,1,3,1.000000,169a37aa-17e8-4998-adea-e8e08e08013f
bd9646bf-67bb-4345-b20a-ccf66689668d,1,1,1.000000,7fd39831-e264-4ed0-a0b6-8d05bbcbb38c
a4daba11-963c-4a24-bce4-ec5c8c8f31af,1,1,1.000000,2c383b80-2256-4ece-81d4-c81290a10a14
f4e0106d-3d01-420d-93fe-544ba49fca1c,1,3,1.000000,d7969eaf-cd67-4ac5-b060-393d864f8525
007cf45a-a148-4c37-94f1-089fa3b3701d,1,1,1.000000,039c70da-6930-47d6-bdfd-f1d429ade760
b80b01b7-32e3-4d2c-9e58-d764dfe61916,1,1,1.000000,2bef0281-b2d9-41ac-967c-45835e5ba8c0
3d38b29d-abe7-4063-887f-4eaf6607c1c3,1,3,1.000000,c15796a9-88e4-406f-bd36-788d0e579acd
262996fe-e923-4bde-9c9f-d06232470bb6,1,2,1.000000,a1a87013-2cc1-4ab5-a85b-9fd21ffffe4b
3e4d9804-3855-4eb6-a41a-30c7a180584e,1,3,1.000000,df2d69ac-fbca-4b9e-8df4-d499bb27b403
dc352196-f15b-4e2f-aa33-7779a7ccb033,1,1,1.000000,5ac34c91-a3b4-4a11-a940-a4babf02057f
62f06698-eed8-4598-8afd-ec00c71d78f2,1,1,1.000000,6703acf0-f2c1-4b80-a158-fbbe091d3948
d09da558-0050-4168-8ae7-8dec11759d9d,1,1,1.000000,08a984f9-9503-41c3-95a9-001f60ccc981
bbbd38b1-13d3-4de8-9759-6600ec9b7112,1,4,1.000000,22d63a23-9d58-4c8c-b5fc-433ef6baa9fb
3ded3b3f-2690-4cfb-b7be-98ba919281bf,1,1,1.000000,ccf8bf15-e8fb-483c-83c9-e0523a2d0daa
bf837d57-c7c0-49ef-906b-bf918425615c,1,5,1.000000,bf609a7c-229e-4dc7-82df-8162b6648e97
b82f629d-aac7-4ae8-8ed8-9c0034f89829,1,4,1.000000,1729815c-0eca-4350-ab5c-5ce2c530fcd4
13de9929-9d7f-434f-afb6-0c8a472b0fa6,1,1,1.000000,f4f25187-82c7-4265-9bf9-71bc8ed1701f
f4e185e7-dc69-4027-a537-c0b753b45204,1,1,1.000000,8e72a8bd-ae9b-460b-9573-aba4b21efb12
14a93290-35f6-4a35-88ee-158ecab79dba,1,1,1.000000,1e4d3af4-cc42-44a9-b716-96fcf81a25a5
1ca739ef-334a-4217-b35b-9d9fbdfb86b1,1,1,1.000000,299be603-a667-4e4b-9287-3e88c441d26c
56782018-bfde-4e1e-9a2a-83378c98eb94,1,1,1.000000,628a06f1-ca1e-4e6e-9b38-5e23da554b53
b361fc6f-c435-47a3-877a-c38e7eb4b829,1,1,1.000000,15f3a523-0299-4249-8ccc-fee0b320040f
319290a9-a36d-41b6-b6a2-615a29356abb,1,2,1.000000,bb4fc561-441d-4dc9-b9b0-9248820ad968
b713b76d-cec0-48e0-ac0e-7f79f59d819f,1,1,1.000000,374b89ae-6635-4710-aa3a-b1628e146d8a
30ee99df-fbcc-4189-ac44-650bfd411071,1,1,1.000000,af421bd7-84d7-4b0b-b621-c9b4091d1b06
e3618b78-b8af-4dfd-b392-e5d018821b83,1,4,1.000000,1bc74fba-d84b-4bcc-9386-cb329e96d9e3
4a8e660c-5d75-48dc-95dc-84bdbf22ce5f,1,2,1.000000,78d36156-f985-41f2-b808-8ffa7a87f4b9
b36ae57e-7465-46df-bfeb-39b407f7ff7a,1,1,1.000000,c17f5405-360e-43d7-9b50-bccf6faf2207
f4bbb80b-8147-4f54-8204-19bd80774da7,1,1,1.000000,2f38656b-76d5-4b46-a81d-c90b96495673
1fc22e87-90e0-4695-b6eb-82ccb5f354ef,1,1,1.000000,d4be492d-c9ee-46a0-b1ab-076386b61b85
ad3ba558-50b0-42e9-b3d5-6f4c08b49039,1,1,1.000000,4f84b332-20fa-45e8-b9e0-e9fd0839492a
6b70ca50-1e1e-4c42-8557-fef4973606aa,1,1,1.000000,efca79c2-0b12-4ce7-a28f-68ad9193990d
ada8bf9c-ef1b-42e3-b02b-ae471cceedb8,1,1,1.000000,142269c1-304f-434d-be4c-cbe566ba1379
4ac66f6a-9fc7-46ea-b698-6a6bfadc180f,1,1,1.000000,94560f9c-6b13-4732-ac39-78f6d48a8133
84d994c0-f9a5-4fcc-9498-e0a609049ea4,1,1,1.000000,6691497e-e3b6-4698-a5e3-35f282f0eb8d
f5a86444-3140-404c-9cb4-de1b151ab568,1,2,1.000000,faede4bf-624b-414f-8bff-7f3bbfc74f7b
4b7821bf-6c0e-4063-a483-4fd7bf002f6e,1,1,1.000000,f6f0f4cc-1446-4e9b-8217-0e87c459d01d
92d1459c-805d-4749-9cbb-ceae32164b8f,1,1,1.000000,4f2ed62c-2a18-4888-86c1-aa01ba21b64f
87a2be2c-e769-45a0-a34c-28fdb449b1eb,1,4,1.000000,dca7d97b-a46b-482b-b513-4c3ef1fa7dbf
526925e5-6a35-4489-89e4-b892122d0d5b,1,1,1.000000,5d6b65a6-6a87-4085-900c-575ab429c359
d758d6b1-9a65-49af-b62f-7280b8c2d987,1,1,1.000000,97c26efe-10d8-4b54-8918-61fce6c86e73
dbf15e0f-617a-47fb-9aba-4b2d4503e34d,1,1,1.000000,c49c5729-6dda-416a-91d6-3fec37394388
9a9dd5f9-839d-4dad-8052-633b41bf98f4,1,3,1.000000,18812d7d-3e1e-4084-ad30-79ac968a2fa5
b3a184c2-3fc8-485f-86f8-7f55d1bda49e,1,1,1.000000,8d7e30ed-2eb2-48c9-ad99-3d0e8cf03e99
63e5cb2d-490e-47a8-93dd-4c9b02d117f8,1,1,1.000000,c7b87666-56b8-4851-ad87-0ba40803d992
7e8f07c9-d830-4cc7-8aba-93116b0dd29c,1,1,1.000000,6ac4be27-6951-4110-953b-42994ca04dfc
c46366a9-0532-4312-8bb3-dc2c8fc4067c,1,1,1.000000,fd026db8-dad8-4f55-8016-d469844b2862
2805e40a-41fe-4b25-8870-f1183ae5e417,1,1,1.000000,8aa0c34c-dda5-43e4-a825-202ddad15708
c1c4739e-8214-4d91-a49b-865ccb6d25f5,1,1,1.000000,0062535e-d9ab-4cb0-ae8f-79133b440129
23df2b6c-8b5e-461e-917a-d1e1b1317a55,1,2,1.000000,06bae8fb-0776-4dad-ab94-34d99d38f70b
db0b52fc-b46d-4ade-850f-c4c0e9163ae8,1,1,1.000000,91675abf-4d79-497f-8fa5-224ae0472254
9eb6ba58-373b-47b2-9265-a3d002c7f946,1,1,1.000000,b811ccd0-a9ef-40ef-8326-d8efbf85e50f
67ad91c8-8f46-4409-b022-aede18d13db8,1,1,1.000000,bc19c32d-a271-4dd7-b5e6-62d36d1a3128
cb107a5c-72a0-48fc-8386-ea08477ff3d9,1,2,1.000000,105b0c95-40d4-43ed-9328-6cbeb200183c
30ceb1dc-9924-4402-8ef1-61204051364f,1,2,1.000000,a714a287-37fd-4f34-ad8a-46580b566abe
61ea310f-ef4e-4426-a825-46201052fc04,1,2,1.000000,5f118823-51ee-47bb-859f-1316523af0ed
82bd29fe-b035-43df-8186-e52acc183c39,1,1,1.000000,475f6ef0-4e4c-4fdc-b24f-529a349d521e
94f02d30-0417-4280-af8f-5147e9fb808f,1,1,1.000000,31fa27b8-6c4d-47b2-8566-b4af4d9ca9e8
14a957e9-dd35-4fc2-a5bf-6b3b6ad8b081,1,2,1.000000,c28aa37d-571e-4b43-bf01-aa14eeb765e7
44a0fde9-9686-4ba8-b6b1-e51e41b1ed3e,1,1,1.000000,2f843830-e489-45c6-a140-48ef168f7d3e
d09b61ef-2fda-474e-8877-ee0d76b4b41d,1,1,1.000000,ec0f4dc7-2248-4e94-bafe-6df366348cb8
7afda258-c09a-4302-93a7-9e8c357a1d1d,1,1,1.000000,5a772c33-5555-4594-83d5-0410a67adc71
088aaec0-add4-4e28-ae0c-a7d30d92e3e7,1,4,1.000000,941cbc5b-b82c-4e79-98d7-87808e8819b9
07db97ce-ab46-46bd-8573-63f91276acf9,1,1,1.000000,ece552c2-b04a-49f3-a01f-244ea2be828f
71d3b698-6b32-40bf-a0dc-6071634b6a61,1,1,1.000000,ac7c0dae-6fe3-48e3-97b7-ab62571a0eb1
3bc5ab5d-5756-4eb3-9ebe-6e0afbd1cfdc,1,1,1.000000,e9599456-8981-4cc4-b128-82ca0012fb64
00ea7802-9695-4493-a246-b3f6017e5613,1,2,1.000000,47bad423-2418-4435-83c8-08ba94003d14
892499c5-4702-44e5-b6fd-6baf6470e7e3,1,1,1.000000,5f993501-e331-41f8-88ef-8789acff3d7f
c3499c62-c329-4680-b9b1-21fadde6ecd1,1,1,1.000000,42a98cef-7642-414d-a916-237ceb0abbf6
55aeb081-d9d2-4507-b616-edd53c1235db,1,1,1.000000,505a6b31-fc4e-421d-9a42-4882535d0da2
9838dab7-e48a-4cc0-a731-37a0f8c38d7d,1,1,1.000000,c07ff153-9e23-4312-a895-634db3ee5e20
bc675011-8d47-45e4-a337-993b84c664b3,1,2,1.000000,340b7157-11e5-4463-a088-59ca98df39cd
2e72cd9c-2548-498f-a682-2438e7d90bb4,1,1,1.000000,e7dddb75-ce7a-4c4a-a047-cd3c7c12c4f7
47479971-58ad-48a3-be80-2c813817487a,1,4,1.000000,0feedf09-ee01-43ea-9489-1b58a00ba227
e8770992-0002-4554-a0ab-ad4cd0b8b3d6,1,3,1.000000,5771f07a-575e-4004-a3a5-db3ee44bb1b0
b5cdcd24-d940-4fbf-a6ac-9b3caa317d69,1,1,1.000000,823d6947-79a9-472f-8242-e07220bcaa02
d9546250-88d5-4575-b7c5-088122d878cb,1,2,1.000000,2847c646-a1c3-45b5-815f-46681e3db9c1
ef0987b9-7473-4400-9c71-74584ff9e70f,1,1,1.000000,289638d6-a850-4690-a2cd-3f4189665d44
4daf36fc-07aa-476c-b046-45128aa562a5,1,1,1.000000,f258256f-54bc-46fc-baca-9df34d5ff3ac
5c602d75-c48f-41e8-86da-d592ae60c456,1,1,1.000000,39107c52-98c9-4a75-b505-271294fac465
7f7b3994-0d08-4479-9fe9-f728e78b11fd,1,3,1.000000,6c1f708c-f3e9-4d9e-a0ae-311ba42c139a
b54b5648-2b96-4018-aff3-247b4afa2224,1,1,1.000000,6a62a318-0245-4aa5-9f3f-a6e200f8724a
d1797926-178e-4300-a025-2e4a04154844,1,2,1.000000,b2adc949-f710-48f8-8159-5533f440730d
d63577d3-83f8-43e6-beec-4c12e07bdb82,1,2,1.000000,7919b794-334e-42d4-ae6d-cc5e8fd3cbeb
e412021f-c725-42d8-ba0e-e2da7f65f582,1,3,1.000000,907af844-581a-4044-8ddb-8bcc91df32f9
50516307-6e88-4566-ae9a-a4b7b1fffe85,1,1,1.000000,ee629236-d81f-4548-822a-11f979d7f013
207ee660-792b-491d-b6bf-33674eacb4e8,1,1,1.000000,1d39f953-a08e-494e-acf6-e594832b010a
30d17cf9-abbc-492a-a51e-ea3a247199cc,1,2,1.000000,686a875f-c72b-4803-b21d-8a7401fe132a
6daae6cb-ab2a-4523-97d5-cb1d6936581b,1,2,1.000000,da1a2d7f-932d-4a30-b182-c07ecc3443ac
b151b4bf-099a-440c-b152-180a9e6229c9,1,1,1.000000,7fd39831-e264-4ed0-a0b6-8d05bbcbb38c
0e5e05b2-5baa-423d-97e1-7b88f7e4b059,1,1,1.000000,2c383b80-2256-4ece-81d4-c81290a10a14
b3ddde69-0eb5-442e-bf66-90c34483ff0f,1,1,1.000000,c33e02f8-4665-4d6c-8781-4a5c991889da
f5ff036e-c661-47fb-9d7b-463087462d9f,1,4,1.000000,039c70da-6930-47d6-bdfd-f1d429ade760
0eaa9fbc-635f-4947-8167-8455fd90854a,1,1,1.000000,9a750eec-46c2-4720-b481-a0d6f03af47b
f7a8ff8e-87db-4214-954c-6c27422b8259,1,1,1.000000,f812d842-42ac-4a21-8073-f483c059ca2d
30b75513-f738-4511-84aa-ff6b08463409,1,2,1.000000,2657b615-04b0-4c11-8343-1245c9c07676
22631457-b7b6-45e9-a0a0-bb4c666f35b4,1,1,1.000000,2bef0281-b2d9-41ac-967c-45835e5ba8c0
5f5c0cbc-d6b3-4396-af5b-1d285eb00187,1,1,1.000000,51e67b1a-ddcd-479b-8d42-f1d1410e814d
169b9678-93f6-4021-924e-e9a897303ce9,1,1,1.000000,5ac34c91-a3b4-4a11-a940-a4babf02057f
28556d0d-523d-4a17-ae3e-5cd51c7aa6af,1,1,1.000000,6703acf0-f2c1-4b80-a158-fbbe091d3948
0cabdb8c-e445-46ba-9a48-3b96abf7e481,1,1,1.000000,08a984f9-9503-41c3-95a9-001f60ccc981
9f6c00d7-3373-4cd5-9aa9-11068c032e36,1,1,1.000000,ccf8bf15-e8fb-483c-83c9-e0523a2d0daa
a08ec9cd-1b4d-477c-8ecb-92c963341034,1,1,1.000000,f4f25187-82c7-4265-9bf9-71bc8ed1701f
b5c17955-f7f0-466b-8721-1162023d42e4,1,1,1.000000,30f64336-9100-4dbf-b67b-4a2096a38da9
487b8cdd-7495-469b-92aa-421467f04b18,1,2,1.000000,8e72a8bd-ae9b-460b-9573-aba4b21efb12
05d62974-19fb-4fe6-9922-35d677c2de2d,1,2,1.000000,299be603-a667-4e4b-9287-3e88c441d26c
473d1846-e4a5-492a-bc13-6e3a413789ab,1,2,1.000000,628a06f1-ca1e-4e6e-9b38-5e23da554b53
7a07c40a-34f8-4ad3-8834-8af991581233,1,3,1.000000,15f3a523-0299-4249-8ccc-fee0b320040f
8509037f-849d-465e-b258-e8af3dea9d1a,1,1,1.000000,374b89ae-6635-4710-aa3a-b1628e146d8a
6ffeedc9-c5ee-4632-a25d-e3ea565cab08,1,2,1.000000,af421bd7-84d7-4b0b-b621-c9b4091d1b06
bd5f51bb-67bb-4af6-be70-7fd739c1c3d1,1,1,1.000000,59751180-e355-4bfc-b5a2-5c571dfc6efa
245e6515-35b1-4723-ad57-1fa9f224da94,1,2,1.000000,f61809d2-a428-4a2c-81e4-461ea9908687
0b5908c5-751d-4046-8168-65358b933c5c,1,1,1.000000,d8d2f244-6fe8-4084-86a0-7a0763b579ce
2a71fbde-b9ce-436f-bf29-dd6df80bed64,1,1,1.000000,c17f5405-360e-43d7-9b50-bccf6faf2207
4531c36e-f950-47da-94bd-4077d9a90083,1,1,1.000000,2f38656b-76d5-4b46-a81d-c90b96495673
f59f6d60-a2d5-4275-a741-e31d9a800243,1,1,1.000000,d4be492d-c9ee-46a0-b1ab-076386b61b85
c6710ed2-744f-42f3-a294-e0287f8168cd,1,3,1.000000,4f84b332-20fa-45e8-b9e0-e9fd0839492a
4a338ea6-2c30-4369-918f-f4fa6161d026,1,1,1.000000,618b27ad-6280-4709-8245-2f34c8e13f53
f8ace760-3083-464d-a9a5-a397b6292c40,1,3,1.000000,efca79c2-0b12-4ce7-a28f-68ad9193990d
064abf20-52a7-42b8-bfc4-0c5d1425adad,1,3,1.000000,68e7ae29-15ff-402c-adc1-76d5a932c984
0cb42653-a66d-4348-ac70-8150fe8bd238,1,1,1.000000,e00872da-35ca-4faf-98f0-3eacdc654102
6c09d880-3d10-4107-ab7d-78ce68351eeb,1,1,1.000000,142269c1-304f-434d-be4c-cbe566ba1379
6c481e5c-d6af-4ef3-963e-063baeed9759,1,2,1.000000,94560f9c-6b13-4732-ac39-78f6d48a8133
45c7a767-3dc9-47fa-be25-7a26de8c32e3,1,1,1.000000,6ba68ba3-3aee-4198-9e5e-f659b55375bd
4ec11297-289c-4af7-b602-ae2a813d1f18,1,1,1.000000,6691497e-e3b6-4698-a5e3-35f282f0eb8d
758a988b-953b-495f-979c-9ed943b6936d,1,3,1.000000,5e5bd954-ae5a-4f7d-a16b-85bc7f3203e5
5e56b8cf-c677-4769-b904-8480f78a5db7,1,1,1.000000,adf5227c-74ef-49bf-b9fc-2fb8cf302732
1100dce7-efcb-4a04-a030-ec9fb883b282,1,2,1.000000,4f2ed62c-2a18-4888-86c1-aa01ba21b64f
d32753cb-0dd1-403c-a8dd-6c1b795c6333,1,1,1.000000,5d6b65a6-6a87-4085-900c-575ab429c359
1800826c-69ed-4970-bee0-b6f50efac110,1,3,1.000000,97c26efe-10d8-4b54-8918-61fce6c86e73
8957f7c3-9654-4be6-9203-0c3f3b48a0f1,1,1,1.000000,c49c5729-6dda-416a-91d6-3fec37394388
b835d1d3-c79b-43b5-9efa-538de57e294e,1,3,1.000000,8d7e30ed-2eb2-48c9-ad99-3d0e8cf03e99
49429ff6-5d31-4097-9696-85425eb42077,1,1,1.000000,c7b87666-56b8-4851-ad87-0ba40803d992
c4ee9bc7-3abc-439a-af42-79d0c06f060c,1,1,1.000000,6ac4be27-6951-4110-953b-42994ca04dfc
66df41e0-d893-4dce-8662-f3ba499d1c6d,1,1,1.000000,fd026db8-dad8-4f55-8016-d469844b2862
b4b32812-3027-4697-8252-440abf3515d3,1,1,1.000000,8aa0c34c-dda5-43e4-a825-202ddad15708
c4d8366f-84b5-4837-9826-089c32b15d56,1,6,1.000000,bdc5938a-77a5-4148-8281-898e87238451
b0400ef7-b795-4169-95f2-09a675dd1d93,1,1,1.000000,0062535e-d9ab-4cb0-ae8f-79133b440129
c8844d48-1c6b-4663-9c61-788247259fa9,1,1,1.000000,91675abf-4d79-497f-8fa5-224ae0472254
13152a4c-1f67-461e-9a4d-69afe2eb82b1,1,1,1.000000,b811ccd0-a9ef-40ef-8326-d8efbf85e50f
f1873c9f-fa74-4378-9488-e4bf98ea0681,1,1,1.000000,bc19c32d-a271-4dd7-b5e6-62d36d1a3128
75025b72-34e2-4fd8-96fa-3ec9724ab11e,1,2,1.000000,105b0c95-40d4-43ed-9328-6cbeb200183c
c4e62725-374a-47c0-88b5-2eba7fe65ec3,1,2,1.000000,1f84d45e-8689-42bf-9ad5-0f9c8753fbde
b4149248-a082-46b1-a0ca-39d757114fe0,1,2,1.000000,475f6ef0-4e4c-4fdc-b24f-529a349d521e
d385ac83-1e56-4f2f-8ddb-e5446b725a8c,1,1,1.000000,31fa27b8-6c4d-47b2-8566-b4af4d9ca9e8
693c3126-0d1e-4976-be90-5fa1862d3dd9,1,1,1.000000,2f843830-e489-45c6-a140-48ef168f7d3e
d7aa9571-0a25-436c-bac0-d5a053a3148f,1,1,1.000000,5a772c33-5555-4594-83d5-0410a67adc71
d129df26-7ca6-4a5c-9465-5cf62030c8c3,1,1,1.000000,ece552c2-b04a-49f3-a01f-244ea2be828f
dfa8f40f-9fde-4803-b3c3-4be0bbaecb70,1,2,1.000000,ac7c0dae-6fe3-48e3-97b7-ab62571a0eb1
68c31fa7-3b6b-418c-840a-079c33f12eb8,1,1,1.000000,5f993501-e331-41f8-88ef-8789acff3d7f
da8225c1-0850-44a3-8583-066f2096fe42,1,3,1.000000,cb8044c4-b13f-45a5-a981-ad46f7a15bd9
fdffe3df-d154-444c-9bf3-f58cc0e7ade6,1,1,1.000000,42a98cef-7642-414d-a916-237ceb0abbf6
ef8da4ba-e7bc-42b9-afb0-905b9b8206d6,1,1,1.000000,7e2037cd-4943-4935-a393-43fc5c390c87
167e2195-478d-479a-9072-ba60f301a1f1,1,2,1.000000,36027d15-9fa5-4ada-bf4b-ed5b5daa5587
1bd11b01-78ae-43f9-9f7a-4cc79a422795,1,1,1.000000,505a6b31-fc4e-421d-9a42-4882535d0da2
0fd7fb0a-47e0-427f-a354-53efc0386002,1,1,1.000000,c07ff153-9e23-4312-a895-634db3ee5e20
032d30dd-190b-4ce0-bc36-8b4b86bfe7d7,1,1,1.000000,340b7157-11e5-4463-a088-59ca98df39cd
2c4edb19-06d4-4fb8-9f9a-1c7e81227670,1,2,1.000000,e7dddb75-ce7a-4c4a-a047-cd3c7c12c4f7
9bf5afa8-94a1-4b65-bc06-48a0113d64bd,1,3,1.000000,823d6947-79a9-472f-8242-e07220bcaa02
ba013e98-8600-4129-946b-4ecb1581e6bf,1,1,1.000000,289638d6-a850-4690-a2cd-3f4189665d44
8bc1d724-c877-4921-8ae3-e8cd94023f70,1,3,1.000000,f258256f-54bc-46fc-baca-9df34d5ff3ac
e39660bf-d87a-4a5a-941f-9f2190224960,1,1,1.000000,0bf501d7-065a-4459-a4aa-29fb7b0e7d69
271208fb-e9b7-4265-9cce-d4399bdd2d43,1,3,1.000000,5c2dcee3-4c6f-4ac5-bebf-393949ab845c
3f5c1043-4406-4884-9537-1944a771cae7,1,1,1.000000,050de4b3-0882-4235-9554-9a624b8850fb
641ed360-af72-47c1-820b-8f9a0745eeb6,1,1,1.000000,39107c52-98c9-4a75-b505-271294fac465
527fc6fc-094a-407c-9c51-cf549a7a5129,1,1,1.000000,6a62a318-0245-4aa5-9f3f-a6e200f8724a
b5e12714-fc44-4d74-b9d8-079dee3e9e80,1,1,1.000000,10c196fc-2c76-4e4b-b628-4472949c39c3
abdf0737-2a25-4b26-a8c5-3019d10146ba,1,2,1.000000,ee629236-d81f-4548-822a-11f979d7f013
5f2e9bfc-c86a-4dd0-83cd-baf7d8242341,1,1,1.000000,7a26546e-0a07-423c-9e97-0ef56212920d
f06cb64d-7b3d-4019-a299-6e92a0446ba4,1,1,1.000000,1d39f953-a08e-494e-acf6-e594832b010a
8f8d8900-f663-4d80-8f8b-1ed6fbaff7ab,1,1,1.000000,7fd39831-e264-4ed0-a0b6-8d05bbcbb38c
dc2dd7b2-5879-44ff-9935-05e458f131e3,1,2,1.000000,2c383b80-2256-4ece-81d4-c81290a10a14
44913dd2-2666-4463-97b0-c352043ab940,1,4,1.000000,f812d842-42ac-4a21-8073-f483c059ca2d
c0d6514f-2443-4e24-8e5f-7b2d81304b6e,1,4,1.000000,2657b615-04b0-4c11-8343-1245c9c07676
daf0515e-5bd1-4eca-9235-e0fef8f56493,1,2,1.000000,3284e414-8b55-431b-996f-5e5cf9e96ed9
eb220973-2c1a-4d43-aea2-45265cd56a88,1,1,1.000000,718eaf95-e9e2-42a2-ba4c-5316b5f45fdf
00b6c844-fa5d-4d2c-a995-825a70b93c9e,1,1,1.000000,2bef0281-b2d9-41ac-967c-45835e5ba8c0
a56e766b-2802-4507-9f08-776656107d39,1,2,1.000000,51e67b1a-ddcd-479b-8d42-f1d1410e814d
9a9fe84d-7a95-4071-8bb2-252389416cf3,1,2,1.000000,a1a87013-2cc1-4ab5-a85b-9fd21ffffe4b
1813ef1f-c4c3-4821-ac94-523a698a341f,1,1,1.000000,5ac34c91-a3b4-4a11-a940-a4babf02057f
8742fdfc-ffcb-4950-a502-b1e1acbab4c3,1,1,1.000000,6703acf0-f2c1-4b80-a158-fbbe091d3948
84c9f04d-cd49-4b6b-9a9e-38ab8cdf14e5,1,1,1.000000,08a984f9-9503-41c3-95a9-001f60ccc981
a99c3405-8bb8-41da-915f-065308e25ade,1,1,1.000000,ccf8bf15-e8fb-483c-83c9-e0523a2d0daa
9fab6edf-dd9f-4077-beeb-1e46fc815370,1,3,1.000000,bb86048e-c4fd-4bc1-8fda-a4fb5b391a14
e6542940-2813-48e9-af20-f6080a0379f4,1,1,1.000000,b5ffd988-ffeb-4513-b78a-5806be0c7dbf
f1299606-f0d4-4858-adfd-395a1de64dc4,1,2,1.000000,f4f25187-82c7-4265-9bf9-71bc8ed1701f
582c501b-4350-4483-83db-3ec41f35a001,1,1,1.000000,30f64336-9100-4dbf-b67b-4a2096a38da9
00432afe-3482-4aa8-912a-26aa65444a3e,1,1,1.000000,bb4fc561-441d-4dc9-b9b0-9248820ad968
e46f5713-28d2-4430-a2b9-dc995a0c99e0,1,1,1.000000,374b89ae-6635-4710-aa3a-b1628e146d8a
8353abfb-b69d-4858-b014-cbab043b4299,1,2,1.000000,59751180-e355-4bfc-b5a2-5c571dfc6efa
ae7037d1-7e6f-494e-bf1a-ff4b43bd2ed5,1,3,1.000000,f61809d2-a428-4a2c-81e4-461ea9908687
ba04f673-3f52-4852-aaa8-ede461dfec18,1,2,1.000000,68942969-0475-4a26-931b-d1d8043a659c
79874594-e295-4e6a-a379-4b43d823de50,1,2,1.000000,78d36156-f985-41f2-b808-8ffa7a87f4b9
19460815-1576-41ec-9cf8-bcda60372e2a,1,1,1.000000,8144d312-23f4-4c5b-b369-7f52ee2900c9
689f1bbb-4e50-414a-88d1-a948fd45a9c9,1,2,1.000000,d8d2f244-6fe8-4084-86a0-7a0763b579ce
d39e5c43-884f-4e3c-af0e-4317e08a3982,1,2,1.000000,c17f5405-360e-43d7-9b50-bccf6faf2207
9acf9e3d-d344-49ab-9b0b-de5b3f255484,1,1,1.000000,2f38656b-76d5-4b46-a81d-c90b96495673
adb2091c-ace9-4738-8f72-8f4d1b9a2f46,1,1,1.000000,d4be492d-c9ee-46a0-b1ab-076386b61b85
c5e527b9-d418-4e11-a0a5-4601ef6bdf51,1,2,1.000000,48a3cfba-dcdc-4833-886c-5cc284e12343
63414bfb-b4f2-4d93-af90-0c6030d58a66,1,4,1.000000,618b27ad-6280-4709-8245-2f34c8e13f53
79c3e2cc-7abb-4db8-8f34-c798225cb2b6,1,1,1.000000,e00872da-35ca-4faf-98f0-3eacdc654102
5f534791-286f-48c8-9bb7-05b641d950d5,1,3,1.000000,142269c1-304f-434d-be4c-cbe566ba1379
c9b0cb4d-b9e5-4011-bd84-be7acb7ecd2b,1,1,1.000000,b8f4eb79-baaf-442b-ada2-5bcd5cf89df4
f2f2a825-3b80-4847-a7eb-424fb373f5e1,1,2,1.000000,6ba68ba3-3aee-4198-9e5e-f659b55375bd
d0201c9d-2846-4768-a073-b002ba05b660,1,2,1.000000,faede4bf-624b-414f-8bff-7f3bbfc74f7b
5e9a5440-19cd-49fc-a846-3aed91ebe87c,1,3,1.000000,adf5227c-74ef-49bf-b9fc-2fb8cf302732
78c88bef-7286-4d46-bc8d-7bae13947175,1,2,1.000000,21cbaff6-4d5f-4083-9edf-9523563b74ae
82ec322b-e164-4ede-8775-ea80ee386cbc,1,1,1.000000,5d6b65a6-6a87-4085-900c-575ab429c359
39e9ca6b-04a4-4d4a-8627-d4f072a93925,1,2,1.000000,c49c5729-6dda-416a-91d6-3fec37394388
2b9d1bfd-3420-4d75-9f4d-84cc0d84bdc6,1,2,1.000000,6ac4be27-6951-4110-953b-42994ca04dfc
7ee99ac9-27df-491c-ad17-6b0b5110353d,1,1,1.000000,fd026db8-dad8-4f55-8016-d469844b2862
5ede8d25-3d81-4782-87d8-cecb823d6b39,1,1,1.000000,7d7d8bee-c73e-4544-a78c-2d4e29f75749
970c407a-8e33-4672-89ad-b74df03013d0,1,2,1.000000,8aa0c34c-dda5-43e4-a825-202ddad15708
38ffeb13-682b-4dcf-b58d-cc214c44f9a2,1,2,1.000000,0062535e-d9ab-4cb0-ae8f-79133b440129
92fcfa7c-45d3-414e-aec5-d60bb612b9cb,1,1,1.000000,91675abf-4d79-497f-8fa5-224ae0472254
3bde6d21-ee0f-48ec-8752-e7505f5a8605,1,1,1.000000,b811ccd0-a9ef-40ef-8326-d8efbf85e50f
22ffdeea-e9cd-4b62-81f5-7c9223e55954,1,4,1.000000,bc19c32d-a271-4dd7-b5e6-62d36d1a3128
e443a3c6-95d8-44d1-a12e-88d5c8e80e95,1,2,1.000000,105b0c95-40d4-43ed-9328-6cbeb200183c
ca5f863f-e936-4b59-9234-c533a5e31628,1,1,1.000000,a714a287-37fd-4f34-ad8a-46580b566abe
f9948ef8-9cbb-4e5e-abad-1c10453d1829,1,1,1.000000,5f118823-51ee-47bb-859f-1316523af0ed
d0d6f3fb-c5fa-471d-a7bc-af2caf6a21c5,1,1,1.000000,31fa27b8-6c4d-47b2-8566-b4af4d9ca9e8
dbeb36e5-6aa5-4abf-a02b-6d43bb3d3b60,1,2,1.000000,c28aa37d-571e-4b43-bf01-aa14eeb765e7
7c45bc1f-35b3-473a-b80f-20839cae3cbc,1,3,1.000000,2f843830-e489-45c6-a140-48ef168f7d3e
4df11a17-a6c5-46fd-9388-9d2289df381a,1,2,1.000000,5a772c33-5555-4594-83d5-0410a67adc71
2ea2b662-7443-4958-89c5-4ebc50da36b3,1,1,1.000000,ece552c2-b04a-49f3-a01f-244ea2be828f
de0b9bc9-2b39-477d-a731-ccf65fe3e400,1,3,1.000000,5f993501-e331-41f8-88ef-8789acff3d7f
a57e6a6c-7510-4709-a26d-99316b05c35e,1,1,1.000000,42a98cef-7642-414d-a916-237ceb0abbf6
26026016-19d8-42a8-83c1-5fb270207a02,1,1,1.000000,505a6b31-fc4e-421d-9a42-4882535d0da2
bf878034-78b1-45e2-af0c-8b3733fd8277,1,3,1.000000,70aa3c86-1745-40da-9072-13ac3ed78efd
2b24e75a-064e-453a-8419-a1121d880a0d,1,1,1.000000,c07ff153-9e23-4312-a895-634db3ee5e20
ad22fcda-2250-4639-9114-7cc17aaa61b2,1,2,1.000000,7df7a9b0-729a-40ef-9403-c28f90d19453
ff2c5a01-cbab-4c95-a19b-88b7231de1c4,1,1,1.000000,2847c646-a1c3-45b5-815f-46681e3db9c1
cc666c09-7828-47b4-849a-d4ccef5c1c56,1,1,1.000000,0bf501d7-065a-4459-a4aa-29fb7b0e7d69
c088e33d-8a12-47f2-81e6-b20c86f03d2b,1,1,1.000000,39107c52-98c9-4a75-b505-271294fac465
125d1f81-a81f-41c6-881e-70d41728c075,1,3,1.000000,6a62a318-0245-4aa5-9f3f-a6e200f8724a
00a39f5f-b5de-4730-a58e-b5bcdfc8e125,1,1,1.000000,b2adc949-f710-48f8-8159-5533f440730d
02f7b3a5-1ca0-4371-8ee2-fe059acadefa,1,2,1.000000,10c196fc-2c76-4e4b-b628-4472949c39c3
63b22b37-e744-4cde-8af6-784dbf264707,1,5,1.000000,7a26546e-0a07-423c-9e97-0ef56212920d
5cd986ba-5ec0-456d-be7a-48c670a44045,1,5,1.000000,1d39f953-a08e-494e-acf6-e594832b010a
dd570534-b034-4dde-be89-358913fa0b1c,1,1,1.000000,686a875f-c72b-4803-b21d-8a7401fe132a
9a3f0695-aba5-4de7-8377-6752833592f5,1,2,1.000000,da1a2d7f-932d-4a30-b182-c07ecc3443ac
bf07c894-c5df-4867-9d19-1d442b49b54f,1,1,1.000000,169a37aa-17e8-4998-adea-e8e08e08013f
9d45d282-d133-4e9b-9678-84590d434a38,1,1,1.000000,d7969eaf-cd67-4ac5-b060-393d864f8525
69d07d2a-b655-404e-b0bf-3225ea3a20b5,1,2,1.000000,718eaf95-e9e2-42a2-ba4c-5316b5f45fdf
61ace735-b8a8-4a1d-84fe-8f4d7f7e5950,1,1,1.000000,2bef0281-b2d9-41ac-967c-45835e5ba8c0
779277be-b9c7-483f-b1dd-7eb9102909df,1,1,1.000000,c15796a9-88e4-406f-bd36-788d0e579acd
6497284f-ad6a-48e7-9d4e-e7b1c0d1f440,1,1,1.000000,df2d69ac-fbca-4b9e-8df4-d499bb27b403
96807d7c-3947-4d0d-8faa-2a7114ded399,1,1,1.000000,5ac34c91-a3b4-4a11-a940-a4babf02057f
1c64e0e1-0753-4b2e-8379-f09c4c80d100,1,1,1.000000,ccf8bf15-e8fb-483c-83c9-e0523a2d0daa
c5e7c9e0-fbd8-4cf4-92f6-0267b634f8db,1,1,1.000000,b5ffd988-ffeb-4513-b78a-5806be0c7dbf
26bb207e-a034-47d1-b4d6-327947e3b56c,1,1,1.000000,30f64336-9100-4dbf-b67b-4a2096a38da9
577ae829-1dd4-4691-b981-cebb3f266b64,1,2,1.000000,8e72a8bd-ae9b-460b-9573-aba4b21efb12
0b0695ce-aa3b-4427-98f6-982bd60f22a6,1,2,1.000000,299be603-a667-4e4b-9287-3e88c441d26c
a3bdddc4-c90e-47a4-a685-dfa5341a0fd3,1,1,1.000000,e4ab94f4-8c05-4815-afbf-3470cfa23a6a
cafbd3a9-8cae-4b39-9e59-3b559f10e9b1,1,4,1.000000,628a06f1-ca1e-4e6e-9b38-5e23da554b53
2a00f50b-54e1-4c9d-bf0b-4fdec5326763,1,1,1.000000,bb4fc561-441d-4dc9-b9b0-9248820ad968
76bf9de7-7bd2-4ebd-8c25-15e3dcf3ae76,1,1,1.000000,374b89ae-6635-4710-aa3a-b1628e146d8a
04bfa58b-3381-4869-9f9b-b21752e86bcc,1,1,1.000000,af421bd7-84d7-4b0b-b621-c9b4091d1b06
8e3bda23-77fb-47f2-a9c1-8539daf37664,1,1,1.000000,519e56e4-9bbe-493d-9a82-70f9d8dc5c69
e674c814-8f72-43a7-9183-b717bc558055,1,1,1.000000,8144d312-23f4-4c5b-b369-7f52ee2900c9
d31c0358-87f4-49f9-bc4d-7622c1766ad5,1,1,1.000000,2f38656b-76d5-4b46-a81d-c90b96495673
f44b1344-418f-43d4-9068-da1743cbf05e,1,1,1.000000,e00872da-35ca-4faf-98f0-3eacdc654102
ba9a30eb-745a-49f1-9f9b-2a791deec61d,1,1,1.000000,94560f9c-6b13-4732-ac39-78f6d48a8133
6bdac37c-e05b-4664-aceb-eff98d5bfb5f,1,1,1.000000,b8f4eb79-baaf-442b-ada2-5bcd5cf89df4
b6b14de5-c722-4892-b361-264f4434e2f7,1,1,1.000000,4f2ed62c-2a18-4888-86c1-aa01ba21b64f
0ea83a85-4bed-4c4f-acb5-0c341aedb4a2,1,1,1.000000,5d6b65a6-6a87-4085-900c-575ab429c359
2df057c4-02a0-469d-9e07-1435dac95af6,1,4,1.000000,18812d7d-3e1e-4084-ad30-79ac968a2fa5
7b16d455-4fef-416e-84c6-f5bf9478c0d8,1,1,1.000000,23adb02f-8cae-4303-bbd5-f125e974560d
ec3e4efe-ce68-4264-ae40-cdd86c7b564c,1,2,1.000000,fd026db8-dad8-4f55-8016-d469844b2862
c34b1c8b-ff70-40d5-a8d4-8da877f399be,1,1,1.000000,7d7d8bee-c73e-4544-a78c-2d4e29f75749
2ac8e8b4-2dca-4aed-981c-60c1efd370f7,1,3,1.000000,bc89da45-e92d-43b3-82e6-e4633ecdb0db
8c742df7-4831-4aa0-9f33-1b31d965a96c,1,3,1.000000,91675abf-4d79-497f-8fa5-224ae0472254
327d5471-7f5b-4681-b651-677652c0e449,1,1,1.000000,b811ccd0-a9ef-40ef-8326-d8efbf85e50f
b0188a6f-e6d3-41cf-9583-c21f616aed6b,1,5,1.000000,9c552fa8-fe9f-4618-86af-58441f5987ae
63b2ba5c-563a-4104-8dd2-f965d37afa77,1,1,1.000000,a714a287-37fd-4f34-ad8a-46580b566abe
8d90556a-2f3e-4f60-b8f5-c1d76a262b02,1,1,1.000000,5f118823-51ee-47bb-859f-1316523af0ed
0339ca38-efd6-40aa-8546-a65ddf495ca3,1,2,1.000000,475f6ef0-4e4c-4fdc-b24f-529a349d521e
a42033f9-b765-40a5-a2aa-5d4a5463c80e,1,1,1.000000,31fa27b8-6c4d-47b2-8566-b4af4d9ca9e8
7ef6eefa-618c-46cf-a081-c560afdadbd9,1,1,1.000000,ece552c2-b04a-49f3-a01f-244ea2be828f
87594a40-6882-4a2e-91f1-37c13f8f0b1c,1,1,1.000000,ac7c0dae-6fe3-48e3-97b7-ab62571a0eb1
3c3739df-86c7-4e2b-b89f-4cfe18c6a391,1,1,1.000000,42a98cef-7642-414d-a916-237ceb0abbf6
40e71101-f9d5-4d85-90ef-bdebaa8868c3,1,1,1.000000,505a6b31-fc4e-421d-9a42-4882535d0da2
82d4230c-28af-439a-8381-aa195f39f460,1,1,1.000000,c07ff153-9e23-4312-a895-634db3ee5e20
24f206fb-10b7-4558-a301-c04f586b020f,1,3,1.000000,340b7157-11e5-4463-a088-59ca98df39cd
f7146ab4-37fb-4f9b-a135-2301515a2c81,1,2,1.000000,e7dddb75-ce7a-4c4a-a047-cd3c7c12c4f7
950464a4-b59a-4daa-9c87-11589ef5a414,1,1,1.000000,5771f07a-575e-4004-a3a5-db3ee44bb1b0
dbbbe5b3-b91b-4e35-8c46-26cbc9c8ffb5,1,2,1.000000,2847c646-a1c3-45b5-815f-46681e3db9c1
ea3d0fdf-57ab-43e5-ae26-0b9c2a46b392,1,1,1.000000,0bf501d7-065a-4459-a4aa-29fb7b0e7d69
3ca1cd31-a831-4083-b5d8-86309ea80630,1,1,1.000000,5c2dcee3-4c6f-4ac5-bebf-393949ab845c
3307b402-ac4a-4469-8e86-88dd8fa928c2,1,1,1.000000,39107c52-98c9-4a75-b505-271294fac465
f62d0da1-650e-4e5e-801b-fd439d86a44f,1,1,1.000000,6c1f708c-f3e9-4d9e-a0ae-311ba42c139a
95415fc1-ac47-47af-aef5-1276ab255b48,1,2,1.000000,b2adc949-f710-48f8-8159-5533f440730d
15cf3c3e-3750-4c5a-a4e5-5ff064f32f8a,1,2,1.000000,907af844-581a-4044-8ddb-8bcc91df32f9
63d9ee4c-4fd4-403b-b119-b6c2630660c7,1,1,1.000000,ee629236-d81f-4548-822a-11f979d7f013
17433351-1c66-4fe2-aa48-bb9a77702b17,1,1,1.000000,686a875f-c72b-4803-b21d-8a7401fe132a
a0647dc9-749d-4905-8085-619a465f9c1e,1,1,1.000000,d7969eaf-cd67-4ac5-b060-393d864f8525
12a7a988-2c2b-42aa-969b-f9f2017ca3d2,1,2,1.000000,2bef0281-b2d9-41ac-967c-45835e5ba8c0
17c4ae0a-d725-40a4-86ec-b59aaf2b8a17,1,1,1.000000,51e67b1a-ddcd-479b-8d42-f1d1410e814d
00930740-bd90-4b78-a109-388e195f86a6,1,1,1.000000,a1a87013-2cc1-4ab5-a85b-9fd21ffffe4b
4a0d48e1-a24c-4ea2-9b78-f9d9bf72db69,1,2,1.000000,df2d69ac-fbca-4b9e-8df4-d499bb27b403
1a33ae6d-ef6a-4089-a7e3-560492791dfd,1,1,1.000000,5ac34c91-a3b4-4a11-a940-a4babf02057f
68f1ccc3-68c3-4ca1-80c0-ec143abd3a72,1,4,1.000000,22d63a23-9d58-4c8c-b5fc-433ef6baa9fb
047fbd3b-46eb-44a2-b5d2-697e162101b1,1,2,1.000000,b5ffd988-ffeb-4513-b78a-5806be0c7dbf
bb190737-d02d-4d24-b649-94031c460b26,1,2,1.000000,f4f25187-82c7-4265-9bf9-71bc8ed1701f
e018f964-7549-4e58-a297-5f40cd751321,1,1,1.000000,30f64336-9100-4dbf-b67b-4a2096a38da9
f737ac0b-a40d-4fee-99e8-35d20bd2f47d,1,1,1.000000,e4ab94f4-8c05-4815-afbf-3470cfa23a6a
15ca4142-cd24-49a7-9238-4dcb0c8dab8b,1,1,1.000000,15f3a523-0299-4249-8ccc-fee0b320040f
36e0b48a-344a-4063-8392-52850170ba96,1,1,1.000000,bb4fc561-441d-4dc9-b9b0-9248820ad968
75a2596e-cb75-420b-9407-9947791ad60f,1,1,1.000000,68942969-0475-4a26-931b-d1d8043a659c
e1bafaee-09fa-42b1-b9cf-c74ff978bf30,1,2,1.000000,519e56e4-9bbe-493d-9a82-70f9d8dc5c69
0b712d5b-86f7-4f9f-afac-2f53cd283885,1,1,1.000000,8144d312-23f4-4c5b-b369-7f52ee2900c9
0ad82a09-ba28-4a12-bbf7-2032066f42bb,1,3,1.000000,d8d2f244-6fe8-4084-86a0-7a0763b579ce
047837cd-3a76-4cdb-b725-7e32887dab6c,1,2,1.000000,c17f5405-360e-43d7-9b50-bccf6faf2207
ed8ce0d5-3ca0-47a0-94de-902714077e88,1,1,1.000000,2f38656b-76d5-4b46-a81d-c90b96495673
8585178d-a0e7-4e44-9754-cb8fc75bf03b,1,1,1.000000,48a3cfba-dcdc-4833-886c-5cc284e12343
ba5a536d-9bf3-4169-ada9-922987a64ea9,1,1,1.000000,4f84b332-20fa-45e8-b9e0-e9fd0839492a
7fc9d7f3-d12a-439b-a7b0-a6081661d3ae,1,1,1.000000,efca79c2-0b12-4ce7-a28f-68ad9193990d
49d86f4c-df44-4cd6-b227-c63612b9c387,1,1,1.000000,68e7ae29-15ff-402c-adc1-76d5a932c984
f84d0aaa-d99d-4b46-aca3-fe52fad779ca,1,1,1.000000,e00872da-35ca-4faf-98f0-3eacdc654102
b792022c-77f0-4647-8686-9dfe8f4dd34e,1,2,1.000000,b8f4eb79-baaf-442b-ada2-5bcd5cf89df4
4f2ca564-5838-4dad-9dbc-e9c771e3d63e,1,1,1.000000,5e5bd954-ae5a-4f7d-a16b-85bc7f3203e5
0e3ab926-764b-4f9a-8b35-b37b47a47cf5,1,1,1.000000,faede4bf-624b-414f-8bff-7f3bbfc74f7b
463d3fad-b191-4b3d-a3af-5e9e0095b25a,1,3,1.000000,4f2ed62c-2a18-4888-86c1-aa01ba21b64f
eb0f60fc-b5be-48b9-bfba-d1c76cd76f07,1,3,1.000000,dca7d97b-a46b-482b-b513-4c3ef1fa7dbf
b12d8560-937c-496d-b1a5-51170a5fd17c,1,1,1.000000,5d6b65a6-6a87-4085-900c-575ab429c359
4bd261b6-953b-4213-9bef-002ff01add4c,1,2,1.000000,97c26efe-10d8-4b54-8918-61fce6c86e73
b6dd20a2-58bd-4bdb-9101-f5fa4d3caa06,1,1,1.000000,c49c5729-6dda-416a-91d6-3fec37394388
1dad9a1a-70e6-4a05-b494-e95e475d39bc,1,1,1.000000,23adb02f-8cae-4303-bbd5-f125e974560d
1250c973-7c06-4ed2-ad4f-8c82fc3275bb,1,1,1.000000,a7b146b8-7a3c-4fdc-b0cd-416fa5b618c7
177aa609-39f2-4d8c-a12d-b41d80d7b773,1,1,1.000000,7d7d8bee-c73e-4544-a78c-2d4e29f75749
ae9016a8-acd8-47c5-9d90-f269c0bd4fd8,1,1,1.000000,aea7bc17-b661-4da9-803a-347339e457bc
a079d13e-3af2-4138-a4f1-97ea631a5f1c,1,2,1.000000,8aa0c34c-dda5-43e4-a825-202ddad15708
938238b9-ba71-4e3f-9961-3282aaae6111,1,1,1.000000,a5f01fef-bcda-49d6-b726-2fe0d7a4e928
37366e8e-869f-4cd9-99b1-1bdd64bfdef1,1,1,1.000000,0062535e-d9ab-4cb0-ae8f-79133b440129
03687136-2699-4583-aef4-ea95e7fe50d4,1,2,1.000000,b811ccd0-a9ef-40ef-8326-d8efbf85e50f
f771c503-909e-4a55-b591-9f2fbbc02412,1,2,1.000000,a714a287-37fd-4f34-ad8a-46580b566abe
60bab31c-1867-418b-b414-1905f60817f3,1,1,1.000000,5f118823-51ee-47bb-859f-1316523af0ed
80e20fb3-fff8-44d7-94fe-49fa54155999,1,2,1.000000,31fa27b8-6c4d-47b2-8566-b4af4d9ca9e8
6ff061e2-bf5a-46d6-a543-20a106a72444,1,3,1.000000,c28aa37d-571e-4b43-bf01-aa14eeb765e7
29dc02aa-b6b5-4508-a07e-1bec00b349f2,1,2,1.000000,941cbc5b-b82c-4e79-98d7-87808e8819b9
9af0abd8-0d0e-4e8b-9d47-912f7dee51a2,1,1,1.000000,ece552c2-b04a-49f3-a01f-244ea2be828f
fc475fe1-c83c-48f6-a47a-ea1e7e6c6934,1,1,1.000000,ac7c0dae-6fe3-48e3-97b7-ab62571a0eb1
da61b00c-ab61-4bf2-80c8-9d0dac973113,1,1,1.000000,42a98cef-7642-414d-a916-237ceb0abbf6
d1ba6f36-f818-44bd-a648-b00ba57cb636,1,2,1.000000,fff9db58-c20e-4f2c-b07d-9937b70a1273
598b694e-342f-41fb-b506-1828cdeb77de,1,1,1.000000,c07ff153-9e23-4312-a895-634db3ee5e20
2c2a2e2f-b099-43b4-abbe-8a5430446e32,1,2,1.000000,0feedf09-ee01-43ea-9489-1b58a00ba227
9848c240-8722-4b5e-b243-ec051e160081,1,1,1.000000,823d6947-79a9-472f-8242-e07220bcaa02
6d9d6c85-de12-4212-8f28-b2ac2ef650f4,1,3,1.000000,f258256f-54bc-46fc-baca-9df34d5ff3ac
e2ea77e0-1cf9-4009-b2b9-4df991b1bf07,1,2,1.000000,935eb020-a824-4cdc-9442-727a6d9e019e
69d04cd6-b4cc-46fb-8759-11235283f3c7,1,1,1.000000,0bf501d7-065a-4459-a4aa-29fb7b0e7d69
8dd1538c-dc92-4102-9100-cab5d0a71607,1,1,1.000000,39107c52-98c9-4a75-b505-271294fac465
349023f5-48a6-437d-8ac0-157645c2ca31,1,1,1.000000,10c196fc-2c76-4e4b-b628-4472949c39c3
bc81b7e2-0bfa-4166-a00c-366d3ad8b154,1,1,1.000000,7413fd0f-0de7-4b60-b466-60b0bdd9a9c9
76abc3d6-3e3b-4139-8502-24f1f6521de3,1,1,1.000000,ee629236-d81f-4548-822a-11f979d7f013
28b4b9bc-6c94-4ba3-8935-d98dab551eac,1,1,1.000000,33ee54b5-0d80-4b24-b785-abcf45ee1e3f
0b2c79ae-af64-4604-a029-7199b779aa5b,1,1,1.000000,d7969eaf-cd67-4ac5-b060-393d864f8525
f62430d1-fcc4-4544-a914-5c09fc0fb3a9,1,1,1.000000,718eaf95-e9e2-42a2-ba4c-5316b5f45fdf
fa81d7b6-cc39-4140-8df8-0ee6d708bea1,1,2,1.000000,a1a87013-2cc1-4ab5-a85b-9fd21ffffe4b
c3a49ac3-d2d1-4257-aaa1-bbaa5c650a4a,1,1,1.000000,5ac34c91-a3b4-4a11-a940-a4babf02057f
4cb333ce-0818-49d7-ba8d-d1533ef53d37,1,2,1.000000,bf609a7c-229e-4dc7-82df-8162b6648e97
4b4a4559-d340-44f8-a92b-cc0b128f4d93,1,3,1.000000,bb86048e-c4fd-4bc1-8fda-a4fb5b391a14
de49390d-e2bd-4c48-a2d9-459e14310034,1,1,1.000000,5e3d6bde-1451-4103-89a6-c67d81f63ed6
428b0e47-8c9f-4e26-a143-753b1ebe656b,1,2,1.000000,8e72a8bd-ae9b-460b-9573-aba4b21efb12
362e441f-e6e1-416d-8568-023229b0e1ac,1,1,1.000000,e4ab94f4-8c05-4815-afbf-3470cfa23a6a
9a126c7e-328a-441a-b013-bf4832fb2cd0,1,1,1.000000,15f3a523-0299-4249-8ccc-fee0b320040f
e33123c2-b382-4d70-9a2a-976440d7dec0,1,1,1.000000,8144d312-23f4-4c5b-b369-7f52ee2900c9
d9bcfb86-6a51-4cb2-85fa-7de16890a37d,1,1,1.000000,2f38656b-76d5-4b46-a81d-c90b96495673
5889f408-6435-444d-9ac8-de51bc8a51cd,1,3,1.000000,48a3cfba-dcdc-4833-886c-5cc284e12343
dc4d6bbd-9048-4a5a-b809-49094a98920d,1,2,1.000000,4f84b332-20fa-45e8-b9e0-e9fd0839492a
cbcce6c8-b953-474d-ac74-737a2f3f62ff,1,1,1.000000,efca79c2-0b12-4ce7-a28f-68ad9193990d
a729ad5e-cf9f-4ebf-ad12-889ff1c57e66,1,2,1.000000,68e7ae29-15ff-402c-adc1-76d5a932c984
6627b099-43ea-4e6b-8138-cc4ab8dfbe2e,1,2,1.000000,142269c1-304f-434d-be4c-cbe566ba1379
5b3dfbb8-abd3-434d-9c8a-57a9a5798e68,1,2,1.000000,5e5bd954-ae5a-4f7d-a16b-85bc7f3203e5
237e9b78-22a6-4c7f-858c-5a02cee95b98,1,2,1.000000,faede4bf-624b-414f-8bff-7f3bbfc74f7b
76ade7d1-857d-4b77-95c8-a54b4e46de4d,1,1,1.000000,5d6b65a6-6a87-4085-900c-575ab429c359
6b9d0bea-a3d9-4ebb-8a85-3164ba8e5448,1,1,1.000000,23adb02f-8cae-4303-bbd5-f125e974560d
52525c45-86a0-425a-b950-937d13c7f5fb,1,1,1.000000,a7b146b8-7a3c-4fdc-b0cd-416fa5b618c7
79c1b9f7-e4ef-4cda-b4f4-dd22894e4314,1,2,1.000000,f1f761d6-552f-4f35-be9e-b094d7b78160
80e48d6a-1d83-4f64-b3bb-fa5adda5e2a1,1,1,1.000000,fd026db8-dad8-4f55-8016-d469844b2862
49296a4b-e061-42c4-9629-74808411cf06,1,1,1.000000,7d7d8bee-c73e-4544-a78c-2d4e29f75749
14430e9c-8f2e-4f82-b944-0073297ce131,1,1,1.000000,aea7bc17-b661-4da9-803a-347339e457bc
74f7d96d-3434-44a9-8a56-7a4a2d306275,1,1,1.000000,a5f01fef-bcda-49d6-b726-2fe0d7a4e928
b3b17d35-bae7-4f46-903e-aca59e80e534,1,2,1.000000,0062535e-d9ab-4cb0-ae8f-79133b440129
f86fc5fb-9b55-4336-a6d8-d0ed0d1274aa,1,1,1.000000,5f118823-51ee-47bb-859f-1316523af0ed
6da3cea5-cd6a-4445-9e1c-fe275df6b5a0,1,1,1.000000,ece552c2-b04a-49f3-a01f-244ea2be828f
88e415fa-8033-44e7-825f-59ea6213b9c0,1,1,1.000000,ac7c0dae-6fe3-48e3-97b7-ab62571a0eb1
93c9e408-78cd-45d5-9082-eb7b3e6a8922,1,1,1.000000,70aa3c86-1745-40da-9072-13ac3ed78efd
43af15bd-5272-41b0-b6f6-05f1d21ff28f,1,2,1.000000,c07ff153-9e23-4312-a895-634db3ee5e20
1b07587c-fb09-48d2-bdd2-0e42c4fc5abf,1,1,1.000000,823d6947-79a9-472f-8242-e07220bcaa02
6fbb0418-fc95-44f1-858e-cb9f79ead9ba,1,1,1.000000,2847c646-a1c3-45b5-815f-46681e3db9c1
9264e13a-45e0-4c1f-ab3a-d34526b584a6,1,1,1.000000,0bf501d7-065a-4459-a4aa-29fb7b0e7d69
ccf4e0fc-860a-482a-a27b-5b533da3d1d1,1,1,1.000000,39107c52-98c9-4a75-b505-271294fac465
bca41d4d-8d8d-4d0c-ba63-50f42741cad9,1,1,1.000000,e0d3387e-cac6-41e5-b9f5-963818301cf3
213044f9-6f52-4276-aa2c-b0d1669fc111,1,1,1.000000,6a62a318-0245-4aa5-9f3f-a6e200f8724a
70b6329c-288b-4b5c-9a84-916ac9013b03,1,1,1.000000,b2adc949-f710-48f8-8159-5533f440730d
6d909d9f-a8b7-41d4-b396-702a109e519d,1,2,1.000000,10c196fc-2c76-4e4b-b628-4472949c39c3
5ea2448a-edc4-4b5a-8a8e-f8740cc848c8,1,1,1.000000,7413fd0f-0de7-4b60-b466-60b0bdd9a9c9
e4a86d4f-e765-4d04-a370-2f643e84cdef,1,2,1.000000,907af844-581a-4044-8ddb-8bcc91df32f9
e290a4da-6506-4b3d-82af-38b153df364f,1,1,1.000000,ee629236-d81f-4548-822a-11f979d7f013
217741ed-16b5-4fa9-8e22-7238c4f3d96e,1,1,1.000000,718eaf95-e9e2-42a2-ba4c-5316b5f45fdf
5e3953fb-dcfa-47ff-9853-ca5b22114d81,1,1,1.000000,2bef0281-b2d9-41ac-967c-45835e5ba8c0
fad71fe8-332c-4737-bbcf-5a2efa85d9af,1,2,1.000000,15f3a523-0299-4249-8ccc-fee0b320040f
0e466ed1-0fda-49e6-aff3-f09c78c3f185,1,1,1.000000,f61809d2-a428-4a2c-81e4-461ea9908687
ea6c386f-76ae-490b-a09d-234dbaa6c30b,1,1,1.000000,519e56e4-9bbe-493d-9a82-70f9d8dc5c69
f5145d6f-947f-473b-8e29-7decb229d914,1,1,1.000000,8144d312-23f4-4c5b-b369-7f52ee2900c9
9bac6c08-e7e2-4bab-8bbb-2d00e1492a7f,1,2,1.000000,c17f5405-360e-43d7-9b50-bccf6faf2207
c465fbc5-c2c1-404f-8d8a-72113f1c559b,1,2,1.000000,2f38656b-76d5-4b46-a81d-c90b96495673
2a1b42fe-a250-4089-a0e0-ef2685b3d9d0,1,1,1.000000,efca79c2-0b12-4ce7-a28f-68ad9193990d
adfce02c-3f8e-4600-88ae-e5ed349be7c4,1,1,1.000000,b8f4eb79-baaf-442b-ada2-5bcd5cf89df4
9a887787-7544-4f1b-b32c-9c4981a9d6f3,1,1,1.000000,97c26efe-10d8-4b54-8918-61fce6c86e73
ec3a51f6-2e0d-405e-8f92-79aee3c0d0d0,1,1,1.000000,a7b146b8-7a3c-4fdc-b0cd-416fa5b618c7
8ce09fdc-8a6c-4790-99be-d62586548566,1,1,1.000000,667dd617-b20d-4e76-bbd8-c70e206668c5
8e51d31f-5eab-4214-a521-c92b3e676042,1,1,1.000000,aea7bc17-b661-4da9-803a-347339e457bc
6b8dfc3f-29e2-41e6-8a4d-7459143feff9,1,1,1.000000,a5f01fef-bcda-49d6-b726-2fe0d7a4e928
06479f24-b05c-42fd-9840-a7cbc4f5415d,1,1,1.000000,91675abf-4d79-497f-8fa5-224ae0472254
ee3b19e7-070f-421c-8cf2-d35532e82846,1,1,1.000000,bc19c32d-a271-4dd7-b5e6-62d36d1a3128
12f1257a-f325-43dd-8772-bc0f1f4ae6ba,1,1,1.000000,5f118823-51ee-47bb-859f-1316523af0ed
84204278-92f5-4429-aa94-98c5fca41322,1,1,1.000000,31fa27b8-6c4d-47b2-8566-b4af4d9ca9e8
0fcb62a5-0c83-45de-9b2e-768cfa55102d,1,1,1.000000,ac7c0dae-6fe3-48e3-97b7-ab62571a0eb1
743e7e96-3f71-409a-8ab6-2efd54b27d33,1,1,1.000000,70aa3c86-1745-40da-9072-13ac3ed78efd
1c86b905-3f94-4767-9fe7-3171de45931a,1,1,1.000000,39107c52-98c9-4a75-b505-271294fac465
b9c69775-7656-4929-a57d-ce2e0497a56e,1,1,1.000000,e0d3387e-cac6-41e5-b9f5-963818301cf3
17e99ca8-ad46-4231-83bd-73f85a3a97b9,1,1,1.000000,6a62a318-0245-4aa5-9f3f-a6e200f8724a
9f52f1bc-2fb5-46c3-bb8e-ef229d5f42ca,1,1,1.000000,c3af36ba-81f4-4652-9523-44f2217dc0f0
22c50b1f-f724-4cf0-bee9-ff45c146b72c,1,1,1.000000,2657b615-04b0-4c11-8343-1245c9c07676
517ab00d-3c96-4098-9320-bc5fa13a2fc0,1,1,1.000000,2bef0281-b2d9-41ac-967c-45835e5ba8c0
9bb85505-e597-40b5-9604-d1fe826c9793,1,1,1.000000,519e56e4-9bbe-493d-9a82-70f9d8dc5c69
ffe1fe05-2906-426b-80cc-ef898d401caa,1,1,1.000000,8144d312-23f4-4c5b-b369-7f52ee2900c9
e9692c69-f2c4-45d2-a2eb-30e4877a3a1c,1,1,1.000000,d8d2f244-6fe8-4084-86a0-7a0763b579ce
2f84ae27-cb58-4f54-912b-ae609dc0af63,1,1,1.000000,efca79c2-0b12-4ce7-a28f-68ad9193990d
e0b7ef03-82c1-48c3-929a-0db5c2957e86,1,1,1.000000,b8f4eb79-baaf-442b-ada2-5bcd5cf89df4
a7b53bf5-aa87-4fd3-97b3-ae424004adac,1,1,1.000000,18812d7d-3e1e-4084-ad30-79ac968a2fa5
632a171e-0e03-4f35-9992-8d5dace91438,1,1,1.000000,bdc5938a-77a5-4148-8281-898e87238451
3dcbc143-6cac-48d2-903a-c4304d0a95e7,1,1,1.000000,bc19c32d-a271-4dd7-b5e6-62d36d1a3128
f01eb130-5aad-4573-8807-4d2a00d90372,1,1,1.000000,31fa27b8-6c4d-47b2-8566-b4af4d9ca9e8
962c3b4e-6ceb-4237-9b5d-b80c2076fe94,1,1,1.000000,ac7c0dae-6fe3-48e3-97b7-ab62571a0eb1
