6280_i,34c67e2e-b492-4cfa-af42-19b545d4c147
6289_i,49578114-b430-4d29-846c-89598c51f35e
6294_i,6cee7de0-6b4d-46b1-a2b9-c3d22b403646
6295_i,ddc9ea85-029b-4376-b08c-e5644af7de40
6299_i,e23b19d7-3ed0-4d70-874e-70d7f076e8a8
6301_i,3c902934-e2a3-4e10-b266-d7f6b88ebe29
6305_i,d1afd57f-bd6a-4368-bf24-27c087610439
6307_i,41f8782b-2044-405b-890d-c662af3d48f0
6316_i,1bc497b6-2e3d-4a8c-828b-cd1cbd05c245
6332_i,29679107-d621-4812-ac49-68056b8cec49
6337_i,80a7a485-4f25-4cf8-8ec6-e157ca4b4392
6344_i,fae0ff62-4e32-4a7d-ac6d-4e98ad670b85
6375_i,e09e6e3f-9715-4b8b-9c1d-3db1c8055500
6378_i,d17f76f1-dd81-4b46-8e1e-e6f460799e26
6379_i,0f55250f-0f87-4252-81dc-c9510cd65104
6388_i,fd378213-3ba9-4b82-ad6b-0259ec33b752
6398_i,794ee356-6cc4-42a1-9948-7ce60dce4097
6409_i,930f4f4f-468f-46fc-ae74-a513d8ec5d9f
6410_i,55939ca0-4be8-48cb-9e3f-f4cff6c5b61c
6411_i,ab48cfc4-4f9e-431f-9a6b-1c1bdb7ea44b
6414_i,50324816-ca0b-4134-af78-482274a3f2fd
6416_i,ed81fcc6-e4bc-4ca8-bcf5-6b3d0251e079
6417_i,8122b0ec-6e13-4a62-8fcf-218eca14e284
6418_i,bf2c5015-ad28-44d0-8402-b7505a8a3eaf
6421_i,89a1c649-f3cd-44ec-b7a5-a8b46ecffd25
6431_i,c70c7420-3118-4517-83f9-7d3928b8929b
6434_i,a7bbeedb-6488-476e-9450-2cbb7bc248b5
6435_i,d97c2a02-df07-4a96-94c6-8ba60b300b54
6456_i,2425ac1e-2c4f-4b1d-b180-0a647f827061
6459_i,af8e7008-c258-4554-9b12-bb4d160db8bc
6464_i,81392b6e-1c36-483e-84c1-2201ecf1d12d
6466_i,5cfa9fbc-619a-4363-b4f4-016043c6c050
6481_i,aba3cdc1-f007-4b02-85dc-f650f8775c94
6499_i,abdcee60-abe6-4a80-b011-492f7f40f478
6500_i,a65b1d97-eee2-4453-8718-37fe25e2332c
6503_i,43cdf157-9dd3-4db0-859b-9ab8163adfb8
6522_i,99f2d374-31fc-4622-9017-3e941d0cbc5a
6531_i,e5d00833-6733-44cc-9fdd-bd508496c56e
6538_i,b2bbe4a3-adad-45ca-a71f-d51c17c69480
6548_i,a20bc1a7-6932-4df0-b784-3e65ab93375a
6552_i,90a4f7d1-e2e5-4b78-9b4d-dcdea032016d
6557_i,87415894-8b53-4763-bae0-6fc0c60eba2c
6573_i,289b26cd-0658-468b-b8a0-a8f2235c23bd
6580_i,6eaf9ef4-3db0-4b98-b7d6-9e284a40a7c9
6614_i,ed779a48-f74b-4f00-a7ba-5711151e2d58
6639_i,84698a06-ee3f-4797-b25b-9ebcc524c15e
6645_i,2d6d5fd9-9c6d-44d7-9085-44c2ce95afd2
6659_i,9dbef965-af41-4f5d-b901-df825b51be69
6660_i,42216f0c-f3fa-4335-a787-536f70485125
6662_i,286679bd-b8a9-4bfe-94d0-bbbeeb4fa8d5
6712_i,714c136c-b486-4383-be43-fce9b1e73fd2
6736_i,9d9d3c32-6aa1-4358-b8bb-943bdad7c7ae
6759_i,59025b86-ca49-42c0-a10c-90ffdeabe3a0
6762_i,3e5c6c75-20ae-4f76-80f3-56f165efc8fc
6769_i,d135a582-2422-4a61-abae-030af58f6970
6784_i,8e4bb886-81bb-4a81-845c-bb6bf8447f48
6791_i,23227f93-e853-4d7e-9a43-5b081f56fd02
6807_i,9ec31da2-c004-4ba8-a3b0-13ba953a4687
6814_i,dc8ff47a-764e-45ca-96ec-01c68408537e
6819_i,688dd85b-500e-4499-982e-9879dcf49f77
6821_i,dd9e02e7-24dd-4c97-a572-f67336777b51
6834_i,8916b248-f42e-4ac8-8770-2545c6064ccd
6839_i,6a79c308-7edd-4bef-a5bd-2f566e534838
6856_i,f1a67574-ad2d-4dee-976d-76f2b45bc65f
6869_i,62bf8072-8f08-4c1b-860e-95f11fc0b2cc
6871_i,38130fc0-cde9-4bf0-9f46-ac39bbf4c7ef
6885_i,20f5d29a-5169-4d73-833a-ce580cdeeccc
6887_i,8263db82-3a42-4736-a65b-582abc2a6152
6904_i,98e7c6f3-c195-46b8-93c7-3408d7d8f647
6906_i,9857b057-ed25-4d74-8746-ae0013f29f82
6933_i,0e86be4c-abae-4a8f-a49e-1903ea6daa3e
6941_i,e94440da-36e0-4e68-8a1f-729cce996af2
6942_i,77ccaf2c-4468-4020-b262-13abaa223da7
6948_i,953ed493-cf5c-4bcf-89b0-3fa06104b1b7
6979_i,99bfdc00-5c72-49f1-95e6-6bcd3a0a90c3
6981_i,95aa426e-95fe-4a9a-90b3-fec0b39d022a
6988_i,a7bbeedb-6488-476e-9450-2cbb7bc248b5
6991_i,631dda3b-b2fa-443d-a689-3edae40fe658
7017_i,fe658f7b-9d76-49bf-82c2-7f222234b13a
7023_i,ecb190d6-d724-47a7-82d4-dc15bb50ded5
7027_i,8824785f-8af3-4439-952c-b5f1f5c5cef5
7035_i,010ce1e9-d7b2-4cc1-8449-d56ce731d870
7059_i,562bea79-10b7-4065-9ddd-c0b3a49510cc
7073_i,085abfba-8f34-4d36-90bb-398149a237dd
7080_i,43cd6583-4b50-4022-ae33-7ac53c4216d8
7137_i,afa069b4-2b57-4772-9d9b-21a0e12ff9f4
7141_i,f361269a-1b8f-4770-8fb4-62ab41c3b096
7152_i,0ccce4da-defb-4f78-80aa-7daf218133d3
7157_i,0fec099a-acf4-4b5f-a133-e01e2b2a840b
7165_i,208a9c73-4f27-423e-b9c1-4aa30e8a24a8
7175_i,b9ba3d7c-8d47-4192-8a80-6fb1797e8603
7185_i,9b0d2783-8d53-4c79-9b5b-c77ddcee525d
7188_i,4ce92ae6-75ee-4a00-ada8-839b5b4c34f7
7193_i,bd364212-0963-4ff0-b756-d04754cab6da
7254_i,73290e79-3ab6-42bd-865f-607c81b4de0f
7261_i,ca1aef99-78f8-42ae-800b-26dda901d34f
7273_i,368ec6bf-a6e9-49aa-8909-46825dd07e34
7319_i,6bab4b30-57f6-43fc-a34f-3ac8e5b1f1a7
7338_i,64be589f-f6b0-4598-863a-0e0241cba3e3
7377_i,45f7a8a4-6e7e-4a8f-be5f-001a0ef98457
7381_i,9c128322-42b7-491f-b1d5-2142d8e916aa
7402_i,f70507ad-8151-4d6a-b63c-bfaecb00b50f
7412_i,6a396f71-5664-4265-bc3d-9241e57c13c2
7944_0,1b5808f6-0e72-4003-9e83-193f9c6fc104
7441_i,679b28e6-2dad-4f26-9c05-45ad28e62a5e
7435_0,49578114-b430-4d29-846c-89598c51f35e
8449_0,6cee7de0-6b4d-46b1-a2b9-c3d22b403646
7477_0,0c4453cb-13d1-46f5-ab6d-ea9187a8a83a
7812_0,bfc3708d-a344-4a65-a5d5-2694251bafe0
7460_i,ccff06c8-20dc-4669-996e-c84d35ecb999
8027_0,3c902934-e2a3-4e10-b266-d7f6b88ebe29
7537_0,d1afd57f-bd6a-4368-bf24-27c087610439
8129_0,41f8782b-2044-405b-890d-c662af3d48f0
7473_i,783f1736-89c0-42df-b8d7-d9d6409ba578
8395_0,1bc497b6-2e3d-4a8c-828b-cd1cbd05c245
7574_0,29679107-d621-4812-ac49-68056b8cec49
7502_i,fc4c1ce4-f336-419f-9c1f-fc4d3d0106e6
7156_0,e834402f-9936-4b98-8d97-f74c6b16ddf7
7515_i,db347a56-7a57-4c93-a5e5-ebf55bccb25a
7516_i,b90f0436-2bed-4f5e-9a3f-07d459fa048e
7568_0,92f7a98d-6f87-4aaf-9f4c-a1a90c3862d4
7760_0,121c2cc4-1f2c-458d-9678-53470a78e84d
8657_0,a898799e-e7e9-4845-be67-7ae817dd7f86
7961_0,794ee356-6cc4-42a1-9948-7ce60dce4097
7610_0,3842a496-21f4-4029-b5c6-2c345fa9af92
7623_0,0eb92d87-be02-43f3-ade4-e586aa7eac25
7563_i,2a5d5c7f-057c-4eb3-95ff-c47fd948886f
7561_0,ed81fcc6-e4bc-4ca8-bcf5-6b3d0251e079
7750_0,8122b0ec-6e13-4a62-8fcf-218eca14e284
13056_0,5ae8cdbc-97d9-4023-891f-8880070e66d0
7104_0,89a1c649-f3cd-44ec-b7a5-a8b46ecffd25
7572_i,3d089c30-3d75-48e2-85e9-43ebf0387ca2
8174_0,c70c7420-3118-4517-83f9-7d3928b8929b
7665_0,a7bbeedb-6488-476e-9450-2cbb7bc248b5
8065_0,d97c2a02-df07-4a96-94c6-8ba60b300b54
7593_i,55edd06a-bc1d-44b5-92b2-b04c71526f6a
7599_i,fae5a2d0-ef78-4c6e-8ee0-21a7048e4f71
7971_0,2425ac1e-2c4f-4b1d-b180-0a647f827061
7784_0,af8e7008-c258-4554-9b12-bb4d160db8bc
7612_i,45f9a417-ae0c-44d3-ad6f-a26355be8516
8229_0,81392b6e-1c36-483e-84c1-2201ecf1d12d
9644_0,59a5b6c6-8bc9-4026-a1eb-8e33209d58ed
7630_i,663d9637-2181-438d-8b95-3667490a28bd
8244_0,b7752169-7a9e-475c-a2cd-79786a25f99e
7967_0,a762d7b9-8ffc-41d4-a516-980f39aca5ac
7689_0,99f2d374-31fc-4622-9017-3e941d0cbc5a
7684_0,e5d00833-6733-44cc-9fdd-bd508496c56e
6934_0,b2bbe4a3-adad-45ca-a71f-d51c17c69480
7103_0,a89d8412-b609-4265-b065-6cbb451f34a1
8948_0,87415894-8b53-4763-bae0-6fc0c60eba2c
7700_0,9993cc14-3871-4a5b-b6ff-c299d02f7dbb
8436_0,7390106b-6dee-4c09-91c4-f68c0dac89eb
7724_i,1b3ca4fa-788a-4ba1-863a-d58e4519e8fb
8385_0,ed779a48-f74b-4f00-a7ba-5711151e2d58
7731_i,3f401248-ee5e-4449-b1c7-8d3693b1389a
7824_0,84698a06-ee3f-4797-b25b-9ebcc524c15e
8009_0,2d6d5fd9-9c6d-44d7-9085-44c2ce95afd2
8172_0,9dbef965-af41-4f5d-b901-df825b51be69
7989_0,36a1902f-f577-4c8f-8e61-d586c8ced993
8159_0,286679bd-b8a9-4bfe-94d0-bbbeeb4fa8d5
7768_i,ae991701-ecab-4496-9525-98308e3a4499
7769_i,d5145f2c-8323-4312-8149-ecf8bd99463f
7783_i,f34414c4-a358-495a-9df5-a12ae3670db3
8337_0,714c136c-b486-4383-be43-fce9b1e73fd2
8897_0,9d9d3c32-6aa1-4358-b8bb-943bdad7c7ae
7838_i,d0fe37f1-2220-41a5-ab1e-e1549b751668
7853_i,a5e0caf5-399e-4c35-a031-f6d175aa1725
7772_0,59025b86-ca49-42c0-a10c-90ffdeabe3a0
8322_0,3e5c6c75-20ae-4f76-80f3-56f165efc8fc
7972_0,ef3eee42-71ba-43c6-9fab-a8e974636cfd
11134_0,0663cb88-1596-48fc-8f75-25f6e1572720
7835_0,23227f93-e853-4d7e-9a43-5b081f56fd02
7898_i,622d6536-bddc-4aa1-acad-6478ae8a4253
7866_0,9ec31da2-c004-4ba8-a3b0-13ba953a4687
8832_0,dc8ff47a-764e-45ca-96ec-01c68408537e
7954_0,688dd85b-500e-4499-982e-9879dcf49f77
9724_0,fc310673-403e-4dcc-ba74-c5063c3f0830
7915_i,3bf910d5-b6d5-4bb7-8e44-0a5b2fc0c04d
7755_0,8916b248-f42e-4ac8-8770-2545c6064ccd
8019_0,6a79c308-7edd-4bef-a5bd-2f566e534838
8658_0,32491f5b-b36e-4c99-9cfb-c5615fc61899
7959_0,62bf8072-8f08-4c1b-860e-95f11fc0b2cc
8108_0,38130fc0-cde9-4bf0-9f46-ac39bbf4c7ef
9103_0,20f5d29a-5169-4d73-833a-ce580cdeeccc
7952_0,13588b25-c104-43ae-9428-f4a114a5d625
7978_0,98e7c6f3-c195-46b8-93c7-3408d7d8f647
8789_0,4f1b51f2-58d9-4a96-939a-902cca878b8d
8012_i,58eddfee-061f-44c0-b85e-29fb44ba9fd1
9207_0,0e86be4c-abae-4a8f-a49e-1903ea6daa3e
9081_0,e94440da-36e0-4e68-8a1f-729cce996af2
9385_0,b5b21de0-5bc0-40d9-83ad-631c7e7f186a
9085_0,953ed493-cf5c-4bcf-89b0-3fa06104b1b7
8740_0,99bfdc00-5c72-49f1-95e6-6bcd3a0a90c3
7787_0,95aa426e-95fe-4a9a-90b3-fec0b39d022a
8224_0,a7bbeedb-6488-476e-9450-2cbb7bc248b5
8245_0,631dda3b-b2fa-443d-a689-3edae40fe658
8056_i,cce607cc-a68c-4d70-a3be-3d98f4ac18e6
8073_i,2e25bab7-f810-4590-a169-5b08cf0d35e1
7282_0,fe658f7b-9d76-49bf-82c2-7f222234b13a
9197_0,f648fab6-f12f-442d-a292-5150ea270bbe
8089_i,7fa44004-b92b-4e13-88ac-feae9afbffb8
8804_0,8824785f-8af3-4439-952c-b5f1f5c5cef5
8101_i,636eb3b0-0aa1-40bd-b93d-126fa45fe2e2
8270_0,010ce1e9-d7b2-4cc1-8449-d56ce731d870
8313_0,9f8a4aa7-3961-4a1b-ba86-028cc05d1737
8130_i,42f9f717-546a-4f2f-b798-04afe0e67aed
8138_0,085abfba-8f34-4d36-90bb-398149a237dd
8135_i,e9da8a4a-d5a9-4c93-aca0-7557afd12c61
8243_0,43cd6583-4b50-4022-ae33-7ac53c4216d8
8169_i,112d1e1c-8731-4661-a6c5-843c292c8755
8192_i,d573bdc7-ea19-42dd-95a3-0efeb84b648a
8558_0,17c5da0a-e1e3-45b9-a0e7-cd8ce9881dc8
7152_0,0ccce4da-defb-4f78-80aa-7daf218133d3
8211_i,2f136b3a-c1d0-445c-99f7-eb5b213039d0
8645_0,31b0167a-12e9-4036-956b-6d5e2fffb367
8643_0,b9ba3d7c-8d47-4192-8a80-6fb1797e8603
8096_0,9b0d2783-8d53-4c79-9b5b-c77ddcee525d
8370_0,9825609f-a506-47ff-8389-de6441508b3f
8711_0,59c4f3bb-d035-41a8-bd06-88f4239d3f68
8933_0,73290e79-3ab6-42bd-865f-607c81b4de0f
8745_0,ee221530-3534-48d0-91a7-0c48867d92fb
8314_0,27edc15b-6e34-4f53-af7e-76da97b801a1
8221_0,6bab4b30-57f6-43fc-a34f-3ac8e5b1f1a7
8339_0,abdcee60-abe6-4a80-b011-492f7f40f478
9422_0,45f7a8a4-6e7e-4a8f-be5f-001a0ef98457
8516_0,c139ba85-c006-4504-9608-59226c725b86
8622_0,f70507ad-8151-4d6a-b63c-bfaecb00b50f
9405_0,6a396f71-5664-4265-bc3d-9241e57c13c2
9400_0,5438c3ed-94e4-42c4-8722-914ae7d31b16
9098_0,679b28e6-2dad-4f26-9c05-45ad28e62a5e
8449_1,6cee7de0-6b4d-46b1-a2b9-c3d22b403646
8414_0,6d6d70fc-4703-4900-9173-ae98b7dd8af7
8097_0,bfc3708d-a344-4a65-a5d5-2694251bafe0
10405_0,3c902934-e2a3-4e10-b266-d7f6b88ebe29
11178_0,5e5aa1d5-7e13-42c7-9460-6e49811c1b1e
8129_1,41f8782b-2044-405b-890d-c662af3d48f0
7873_0,783f1736-89c0-42df-b8d7-d9d6409ba578
8395_1,1bc497b6-2e3d-4a8c-828b-cd1cbd05c245
8236_0,29679107-d621-4812-ac49-68056b8cec49
8664_0,bbaf7688-f1de-42a9-8d24-a60a1817419d
8295_0,e834402f-9936-4b98-8d97-f74c6b16ddf7
8321_0,db347a56-7a57-4c93-a5e5-ebf55bccb25a
8525_0,5d35e48d-f89e-4b89-aa16-142703666247
8407_0,92f7a98d-6f87-4aaf-9f4c-a1a90c3862d4
8323_0,121c2cc4-1f2c-458d-9678-53470a78e84d
8657_1,a898799e-e7e9-4845-be67-7ae817dd7f86
7961_1,794ee356-6cc4-42a1-9948-7ce60dce4097
8433_0,3842a496-21f4-4029-b5c6-2c345fa9af92
8303_0,0eb92d87-be02-43f3-ade4-e586aa7eac25
8458_0,6e0a7fd5-70cd-4c7d-800d-0713e5fa0ca4
8440_0,ed81fcc6-e4bc-4ca8-bcf5-6b3d0251e079
9182_0,8122b0ec-6e13-4a62-8fcf-218eca14e284
13056_1,5ae8cdbc-97d9-4023-891f-8880070e66d0
8428_0,89a1c649-f3cd-44ec-b7a5-a8b46ecffd25
8174_1,c70c7420-3118-4517-83f9-7d3928b8929b
10005_0,a7bbeedb-6488-476e-9450-2cbb7bc248b5
8663_0,81278332-4f17-49f0-8cc1-1bd3d9532ce8
8042_0,55edd06a-bc1d-44b5-92b2-b04c71526f6a
8410_0,6831e98f-2470-4f49-813a-41c797ddf92f
8397_0,af8e7008-c258-4554-9b12-bb4d160db8bc
13091_0,45f9a417-ae0c-44d3-ad6f-a26355be8516
8741_0,81392b6e-1c36-483e-84c1-2201ecf1d12d
9644_1,59a5b6c6-8bc9-4026-a1eb-8e33209d58ed
8927_0,0e3f312e-4e51-489c-971c-d0cd2513986c
8244_1,b7752169-7a9e-475c-a2cd-79786a25f99e
8275_0,a762d7b9-8ffc-41d4-a516-980f39aca5ac
8219_0,99f2d374-31fc-4622-9017-3e941d0cbc5a
8251_0,e5d00833-6733-44cc-9fdd-bd508496c56e
8613_0,50b00ac9-01c8-4866-a530-b52cb0845549
7103_1,a89d8412-b609-4265-b065-6cbb451f34a1
8294_i,b7ac633f-e3c0-4544-8b25-41949a373e97
8948_1,87415894-8b53-4763-bae0-6fc0c60eba2c
8304_i,a4bbf3ba-9443-4a91-b7c8-c7129ba58414
8394_0,4b572e94-9c97-4307-9c14-ade3f0602b97
8436_1,7390106b-6dee-4c09-91c4-f68c0dac89eb
8328_0,56052aca-ea0b-43f2-bad3-d4d627846fc3
8346_i,6b85ed7a-1fad-4040-b568-73c52a19d231
8385_1,ed779a48-f74b-4f00-a7ba-5711151e2d58
8698_0,3f401248-ee5e-4449-b1c7-8d3693b1389a
8368_i,178d3eb9-c18c-4ff5-9a34-00aa6d4b94f5
8703_0,84698a06-ee3f-4797-b25b-9ebcc524c15e
8423_0,2d6d5fd9-9c6d-44d7-9085-44c2ce95afd2
8390_i,11d3c5a5-ecae-4f7b-afca-4f27a2501b02
8400_i,5ae6d3e5-3826-4dd9-8e94-d4b97e2c0b99
8609_0,9dbef965-af41-4f5d-b901-df825b51be69
9748_0,286679bd-b8a9-4bfe-94d0-bbbeeb4fa8d5
10752_0,31578617-8379-4320-a4f6-adf168087bb0
8967_0,322d3906-5ced-4c1e-9aee-279962f75811
8411_0,f34414c4-a358-495a-9df5-a12ae3670db3
8426_i,5066fa34-2e20-4c41-857a-6e91b00a86f4
8445_i,5b4eb9be-1439-4f29-8ec3-9f794ebe9cb2
8337_1,714c136c-b486-4383-be43-fce9b1e73fd2
8478_i,8a5a1bb6-2770-4ad0-a7df-db176b437d90
8897_1,9d9d3c32-6aa1-4358-b8bb-943bdad7c7ae
11440_0,54835676-8533-4f17-b4ae-8aec400879bd
9787_0,dc8aa307-1a7a-44d5-9bd1-160412bb90a7
8504_i,6a0936cc-b132-4abd-92ba-9125515fc191
8422_0,59025b86-ca49-42c0-a10c-90ffdeabe3a0
8474_0,3e5c6c75-20ae-4f76-80f3-56f165efc8fc
11134_1,0663cb88-1596-48fc-8f75-25f6e1572720
8553_0,23227f93-e853-4d7e-9a43-5b081f56fd02
8818_0,2d541a72-3c14-4cc5-b43d-61ad889ee748
8527_0,344a55e1-c690-4cf1-aaf8-a666dbf8080a
8832_1,dc8ff47a-764e-45ca-96ec-01c68408537e
8185_0,688dd85b-500e-4499-982e-9879dcf49f77
9724_1,fc310673-403e-4dcc-ba74-c5063c3f0830
8546_0,3bf910d5-b6d5-4bb7-8e44-0a5b2fc0c04d
7755_1,8916b248-f42e-4ac8-8770-2545c6064ccd
8667_0,34f8f9b2-46fb-4b1e-b696-56d66ed008d4
8658_1,32491f5b-b36e-4c99-9cfb-c5615fc61899
8247_0,62bf8072-8f08-4c1b-860e-95f11fc0b2cc
8579_i,2dfab04b-0c87-46a5-b7bd-8f2fa14c4d55
9103_1,20f5d29a-5169-4d73-833a-ce580cdeeccc
8710_0,13588b25-c104-43ae-9428-f4a114a5d625
8594_i,e9054932-922d-4d51-a91b-c045a40b172c
8620_0,e2ef6fe8-013b-4f67-8c1a-3eddbcf829dc
8789_1,4f1b51f2-58d9-4a96-939a-902cca878b8d
8631_0,4b84d841-fadf-4975-abe4-1f6ccb39aa98
9207_1,0e86be4c-abae-4a8f-a49e-1903ea6daa3e
9081_1,e94440da-36e0-4e68-8a1f-729cce996af2
9385_1,b5b21de0-5bc0-40d9-83ad-631c7e7f186a
9085_1,953ed493-cf5c-4bcf-89b0-3fa06104b1b7
8740_1,99bfdc00-5c72-49f1-95e6-6bcd3a0a90c3
7787_1,95aa426e-95fe-4a9a-90b3-fec0b39d022a
8224_1,a7bbeedb-6488-476e-9450-2cbb7bc248b5
8245_1,631dda3b-b2fa-443d-a689-3edae40fe658
8345_0,cce607cc-a68c-4d70-a3be-3d98f4ac18e6
10401_0,7f6ccef7-e620-4623-a829-6b9f12613662
9197_1,f648fab6-f12f-442d-a292-5150ea270bbe
8647_0,7fa44004-b92b-4e13-88ac-feae9afbffb8
8804_1,8824785f-8af3-4439-952c-b5f1f5c5cef5
9136_0,010ce1e9-d7b2-4cc1-8449-d56ce731d870
10029_0,42f9f717-546a-4f2f-b798-04afe0e67aed
8297_0,085abfba-8f34-4d36-90bb-398149a237dd
9747_0,e9da8a4a-d5a9-4c93-aca0-7557afd12c61
9245_0,db22304f-db45-4e59-9ddb-d93691a9eb8a
8584_0,112d1e1c-8731-4661-a6c5-843c292c8755
9026_0,d573bdc7-ea19-42dd-95a3-0efeb84b648a
8654_0,ed043bfb-6420-4bd1-9266-7efd216975cc
7152_1,0ccce4da-defb-4f78-80aa-7daf218133d3
9127_0,2f136b3a-c1d0-445c-99f7-eb5b213039d0
8645_1,31b0167a-12e9-4036-956b-6d5e2fffb367
8643_1,b9ba3d7c-8d47-4192-8a80-6fb1797e8603
8738_0,a9a04a3e-7862-4076-8ddd-8decccb42f55
8869_0,0bbdaa6b-3ebb-4d70-ad25-5f1bc821b81e
8711_1,59c4f3bb-d035-41a8-bd06-88f4239d3f68
8933_1,73290e79-3ab6-42bd-865f-607c81b4de0f
8745_1,ee221530-3534-48d0-91a7-0c48867d92fb
8314_1,27edc15b-6e34-4f53-af7e-76da97b801a1
8857_0,6bab4b30-57f6-43fc-a34f-3ac8e5b1f1a7
8560_0,abdcee60-abe6-4a80-b011-492f7f40f478
9422_1,45f7a8a4-6e7e-4a8f-be5f-001a0ef98457
10146_0,c139ba85-c006-4504-9608-59226c725b86
8622_1,f70507ad-8151-4d6a-b63c-bfaecb00b50f
9405_1,6a396f71-5664-4265-bc3d-9241e57c13c2
9400_1,5438c3ed-94e4-42c4-8722-914ae7d31b16
9098_1,679b28e6-2dad-4f26-9c05-45ad28e62a5e
8709_0,951c3b2b-c64b-416f-980e-a937978e63a1
9930_0,04180628-3214-4933-877a-d2bb28f902a9
8097_1,bfc3708d-a344-4a65-a5d5-2694251bafe0
10405_1,3c902934-e2a3-4e10-b266-d7f6b88ebe29
11178_1,5e5aa1d5-7e13-42c7-9460-6e49811c1b1e
8129_2,41f8782b-2044-405b-890d-c662af3d48f0
8486_0,783f1736-89c0-42df-b8d7-d9d6409ba578
8395_2,1bc497b6-2e3d-4a8c-828b-cd1cbd05c245
8431_0,29679107-d621-4812-ac49-68056b8cec49
8664_1,bbaf7688-f1de-42a9-8d24-a60a1817419d
8694_0,e834402f-9936-4b98-8d97-f74c6b16ddf7
8802_0,db347a56-7a57-4c93-a5e5-ebf55bccb25a
8642_0,3a567ba2-b29b-48f9-9c98-b454326f6472
8604_0,92f7a98d-6f87-4aaf-9f4c-a1a90c3862d4
8323_1,121c2cc4-1f2c-458d-9678-53470a78e84d
8657_2,a898799e-e7e9-4845-be67-7ae817dd7f86
7961_2,794ee356-6cc4-42a1-9948-7ce60dce4097
8765_0,cc909063-7907-49af-9fbf-60a640abf5bd
8406_0,6d06aff2-4fd9-4f95-a6fb-07ddba2a591f
8500_0,6e0a7fd5-70cd-4c7d-800d-0713e5fa0ca4
8498_0,4550122e-8c16-4710-bcc8-cac5e60940f5
9182_1,8122b0ec-6e13-4a62-8fcf-218eca14e284
13056_2,5ae8cdbc-97d9-4023-891f-8880070e66d0
8428_1,89a1c649-f3cd-44ec-b7a5-a8b46ecffd25
8416_0,c70c7420-3118-4517-83f9-7d3928b8929b
10005_1,a7bbeedb-6488-476e-9450-2cbb7bc248b5
8663_1,81278332-4f17-49f0-8cc1-1bd3d9532ce8
8587_0,55edd06a-bc1d-44b5-92b2-b04c71526f6a
8410_1,6831e98f-2470-4f49-813a-41c797ddf92f
8397_1,af8e7008-c258-4554-9b12-bb4d160db8bc
13091_1,45f9a417-ae0c-44d3-ad6f-a26355be8516
8741_1,81392b6e-1c36-483e-84c1-2201ecf1d12d
9644_2,59a5b6c6-8bc9-4026-a1eb-8e33209d58ed
8927_1,0e3f312e-4e51-489c-971c-d0cd2513986c
8905_0,b7752169-7a9e-475c-a2cd-79786a25f99e
8618_0,dac6f2e1-dd77-4424-9e66-7e9c0dbe03fe
8599_0,99f2d374-31fc-4622-9017-3e941d0cbc5a
8879_0,e5d00833-6733-44cc-9fdd-bd508496c56e
8613_1,50b00ac9-01c8-4866-a530-b52cb0845549
8351_0,a89d8412-b609-4265-b065-6cbb451f34a1
8625_0,708eec9e-2f27-40a6-893a-d9d13221cb14
8948_2,87415894-8b53-4763-bae0-6fc0c60eba2c
8304_0,a4bbf3ba-9443-4a91-b7c8-c7129ba58414
8394_1,4b572e94-9c97-4307-9c14-ade3f0602b97
8436_2,7390106b-6dee-4c09-91c4-f68c0dac89eb
10032_0,56052aca-ea0b-43f2-bad3-d4d627846fc3
8946_0,6b85ed7a-1fad-4040-b568-73c52a19d231
8870_0,ed779a48-f74b-4f00-a7ba-5711151e2d58
8698_1,3f401248-ee5e-4449-b1c7-8d3693b1389a
8368_0,178d3eb9-c18c-4ff5-9a34-00aa6d4b94f5
8703_1,84698a06-ee3f-4797-b25b-9ebcc524c15e
8534_0,2d6d5fd9-9c6d-44d7-9085-44c2ce95afd2
9086_0,11d3c5a5-ecae-4f7b-afca-4f27a2501b02
8686_0,1e5bf20e-3208-4939-bcbf-23d28575bfa2
8609_1,9dbef965-af41-4f5d-b901-df825b51be69
9748_1,286679bd-b8a9-4bfe-94d0-bbbeeb4fa8d5
10752_1,31578617-8379-4320-a4f6-adf168087bb0
8967_1,322d3906-5ced-4c1e-9aee-279962f75811
8610_0,f34414c4-a358-495a-9df5-a12ae3670db3
8426_0,5066fa34-2e20-4c41-857a-6e91b00a86f4
8445_0,5b4eb9be-1439-4f29-8ec3-9f794ebe9cb2
8337_2,714c136c-b486-4383-be43-fce9b1e73fd2
8478_0,8a5a1bb6-2770-4ad0-a7df-db176b437d90
8897_2,9d9d3c32-6aa1-4358-b8bb-943bdad7c7ae
11440_1,54835676-8533-4f17-b4ae-8aec400879bd
9787_1,dc8aa307-1a7a-44d5-9bd1-160412bb90a7
8504_0,6a0936cc-b132-4abd-92ba-9125515fc191
8422_1,59025b86-ca49-42c0-a10c-90ffdeabe3a0
8719_0,3e5c6c75-20ae-4f76-80f3-56f165efc8fc
11134_2,0663cb88-1596-48fc-8f75-25f6e1572720
8585_0,a1ac8055-e3e2-499b-befc-d55364c9462d
8818_1,2d541a72-3c14-4cc5-b43d-61ad889ee748
8697_0,344a55e1-c690-4cf1-aaf8-a666dbf8080a
8832_2,dc8ff47a-764e-45ca-96ec-01c68408537e
8185_1,688dd85b-500e-4499-982e-9879dcf49f77
9724_2,fc310673-403e-4dcc-ba74-c5063c3f0830
8766_0,3bf910d5-b6d5-4bb7-8e44-0a5b2fc0c04d
7755_2,8916b248-f42e-4ac8-8770-2545c6064ccd
8667_1,34f8f9b2-46fb-4b1e-b696-56d66ed008d4
8658_2,32491f5b-b36e-4c99-9cfb-c5615fc61899
8718_0,62bf8072-8f08-4c1b-860e-95f11fc0b2cc
8579_0,2dfab04b-0c87-46a5-b7bd-8f2fa14c4d55
9103_2,20f5d29a-5169-4d73-833a-ce580cdeeccc
8710_1,13588b25-c104-43ae-9428-f4a114a5d625
8688_0,e9054932-922d-4d51-a91b-c045a40b172c
8616_i,aef51a95-14bb-4ca1-add9-b8159b4899a3
8620_1,e2ef6fe8-013b-4f67-8c1a-3eddbcf829dc
8789_2,4f1b51f2-58d9-4a96-939a-902cca878b8d
8668_i,af08e3db-45c6-4599-b0fd-dba01e937299
10281_0,4b84d841-fadf-4975-abe4-1f6ccb39aa98
9207_2,0e86be4c-abae-4a8f-a49e-1903ea6daa3e
9081_2,e94440da-36e0-4e68-8a1f-729cce996af2
9385_2,b5b21de0-5bc0-40d9-83ad-631c7e7f186a
8693_i,996d9349-132b-4632-80b1-de3e6c663b94
9085_2,953ed493-cf5c-4bcf-89b0-3fa06104b1b7
8704_i,32178323-4437-4785-8a50-2d78314b11a4
8714_i,d5ae68d4-b43d-4118-91e0-3a54c1389c0d
8740_2,99bfdc00-5c72-49f1-95e6-6bcd3a0a90c3
9126_0,9a87cf82-4773-41fb-b8d5-12708025189c
8648_0,a7bbeedb-6488-476e-9450-2cbb7bc248b5
8629_0,631dda3b-b2fa-443d-a689-3edae40fe658
8673_0,cce607cc-a68c-4d70-a3be-3d98f4ac18e6
10401_1,7f6ccef7-e620-4623-a829-6b9f12613662
9197_2,f648fab6-f12f-442d-a292-5150ea270bbe
8647_1,7fa44004-b92b-4e13-88ac-feae9afbffb8
8804_2,8824785f-8af3-4439-952c-b5f1f5c5cef5
9136_1,010ce1e9-d7b2-4cc1-8449-d56ce731d870
10029_1,42f9f717-546a-4f2f-b798-04afe0e67aed
8732_0,085abfba-8f34-4d36-90bb-398149a237dd
9747_1,e9da8a4a-d5a9-4c93-aca0-7557afd12c61
9245_1,db22304f-db45-4e59-9ddb-d93691a9eb8a
8887_0,7c440b42-c641-418a-b15d-3df252d94b39
8823_i,ae1f8f52-3abb-4780-aa45-061ac93cd8b8
9026_1,d573bdc7-ea19-42dd-95a3-0efeb84b648a
8965_0,b8fee281-abd3-49e8-b63b-64424feda02b
7152_2,0ccce4da-defb-4f78-80aa-7daf218133d3
9127_1,2f136b3a-c1d0-445c-99f7-eb5b213039d0
8645_2,31b0167a-12e9-4036-956b-6d5e2fffb367
8941_0,b9ba3d7c-8d47-4192-8a80-6fb1797e8603
8786_0,a9a04a3e-7862-4076-8ddd-8decccb42f55
8869_1,0bbdaa6b-3ebb-4d70-ad25-5f1bc821b81e
9683_0,59c4f3bb-d035-41a8-bd06-88f4239d3f68
8872_i,f70507ad-8151-4d6a-b63c-bfaecb00b50f
8901_i,5c2c28ca-fbcc-4302-81d9-708bead1f56c
8912_i,cd4ff26f-282b-4458-86a7-81ab2da76009
8933_2,73290e79-3ab6-42bd-865f-607c81b4de0f
8745_2,ee221530-3534-48d0-91a7-0c48867d92fb
8783_0,27edc15b-6e34-4f53-af7e-76da97b801a1
8857_1,6bab4b30-57f6-43fc-a34f-3ac8e5b1f1a7
8560_1,abdcee60-abe6-4a80-b011-492f7f40f478
9001_i,a323431c-b44b-46ae-914f-7e9525c72cde
9422_2,45f7a8a4-6e7e-4a8f-be5f-001a0ef98457
10146_1,c139ba85-c006-4504-9608-59226c725b86
9742_0,487f60a2-560d-49e7-862a-4a5cf7de41b6
9405_2,6a396f71-5664-4265-bc3d-9241e57c13c2
9400_2,5438c3ed-94e4-42c4-8722-914ae7d31b16
9098_2,679b28e6-2dad-4f26-9c05-45ad28e62a5e
9024_0,951c3b2b-c64b-416f-980e-a937978e63a1
9930_1,04180628-3214-4933-877a-d2bb28f902a9
9997_0,361f1767-db4a-4005-832d-99a12fdaeed3
10405_2,3c902934-e2a3-4e10-b266-d7f6b88ebe29
11178_2,5e5aa1d5-7e13-42c7-9460-6e49811c1b1e
8801_0,41f8782b-2044-405b-890d-c662af3d48f0
10341_0,15abe910-4b81-40fc-97b5-6dc5c39695f3
8395_3,1bc497b6-2e3d-4a8c-828b-cd1cbd05c245
9072_i,770dd8f6-4908-4edc-97f0-64af73bac633
9151_0,3f8504c6-8f20-4f91-9df6-2a5f834dcbce
9522_0,bbaf7688-f1de-42a9-8d24-a60a1817419d
8995_0,db347a56-7a57-4c93-a5e5-ebf55bccb25a
9091_0,9a33cc4e-f7ac-4084-9561-9d26a31606ab
8966_0,92f7a98d-6f87-4aaf-9f4c-a1a90c3862d4
9144_0,121c2cc4-1f2c-458d-9678-53470a78e84d
10041_0,646eb37c-dc62-4747-94ee-e253e76c81fa
8932_0,794ee356-6cc4-42a1-9948-7ce60dce4097
9093_0,ed5bfb29-90a0-4015-8529-ea80bd772d31
9120_0,51eb57e5-0b2e-4cc5-80fa-96d99d9b678a
8886_0,6e0a7fd5-70cd-4c7d-800d-0713e5fa0ca4
9269_0,4550122e-8c16-4710-bcc8-cac5e60940f5
9182_2,8122b0ec-6e13-4a62-8fcf-218eca14e284
13056_3,5ae8cdbc-97d9-4023-891f-8880070e66d0
9175_0,89a1c649-f3cd-44ec-b7a5-a8b46ecffd25
9443_0,c70c7420-3118-4517-83f9-7d3928b8929b
10005_2,a7bbeedb-6488-476e-9450-2cbb7bc248b5
8939_0,81278332-4f17-49f0-8cc1-1bd3d9532ce8
8934_0,55edd06a-bc1d-44b5-92b2-b04c71526f6a
10324_0,42284036-58be-486b-8a6b-e53f7c672add
9102_0,af8e7008-c258-4554-9b12-bb4d160db8bc
13091_2,45f9a417-ae0c-44d3-ad6f-a26355be8516
9193_0,81392b6e-1c36-483e-84c1-2201ecf1d12d
9644_3,59a5b6c6-8bc9-4026-a1eb-8e33209d58ed
9181_0,0e3f312e-4e51-489c-971c-d0cd2513986c
9756_0,b7752169-7a9e-475c-a2cd-79786a25f99e
9188_i,f23c8d77-5c83-4582-a11a-35c1dd1b23a4
9196_i,54e22c86-be9f-4346-aa81-c91f29f622e2
9208_0,dac6f2e1-dd77-4424-9e66-7e9c0dbe03fe
9234_0,99f2d374-31fc-4622-9017-3e941d0cbc5a
9307_0,e5d00833-6733-44cc-9fdd-bd508496c56e
8613_2,50b00ac9-01c8-4866-a530-b52cb0845549
9392_0,a58526d1-ffee-4799-b82c-27229b46c017
9252_0,708eec9e-2f27-40a6-893a-d9d13221cb14
9240_i,735bfe38-4d99-4b4e-a9ff-4428d77c0340
9594_0,87415894-8b53-4763-bae0-6fc0c60eba2c
9204_0,1af2dab6-145d-4f40-94d5-5cfe159b9826
8619_0,7390106b-6dee-4c09-91c4-f68c0dac89eb
9259_i,04d10e23-8052-4dfc-adbf-ac08b822582d
10032_1,56052aca-ea0b-43f2-bad3-d4d627846fc3
9152_0,6b85ed7a-1fad-4040-b568-73c52a19d231
10058_0,ed779a48-f74b-4f00-a7ba-5711151e2d58
11796_0,3f401248-ee5e-4449-b1c7-8d3693b1389a
13229_0,4577326e-52a3-4be5-b430-36b6d24a682f
10364_0,84698a06-ee3f-4797-b25b-9ebcc524c15e
9498_0,2d6d5fd9-9c6d-44d7-9085-44c2ce95afd2
9693_0,11d3c5a5-ecae-4f7b-afca-4f27a2501b02
9256_0,1e5bf20e-3208-4939-bcbf-23d28575bfa2
9291_i,ee2c8e08-6eac-48b7-85a5-a424c5b9595b
9310_0,e57f86e3-9edf-4cdc-8545-95fe047dc523
9748_2,286679bd-b8a9-4bfe-94d0-bbbeeb4fa8d5
10752_2,31578617-8379-4320-a4f6-adf168087bb0
9687_0,322d3906-5ced-4c1e-9aee-279962f75811
9295_i,a964b191-e17d-4626-91da-ab859efda4b0
9587_0,f34414c4-a358-495a-9df5-a12ae3670db3
9659_0,5066fa34-2e20-4c41-857a-6e91b00a86f4
9551_0,f8ca9e0c-7c49-4fa8-8a9a-727aa6e8cdf3
9375_0,714c136c-b486-4383-be43-fce9b1e73fd2
9218_0,305308a2-1ae4-40d7-973b-bb326aa48a45
10819_0,9d9d3c32-6aa1-4358-b8bb-943bdad7c7ae
11440_2,54835676-8533-4f17-b4ae-8aec400879bd
9787_2,dc8aa307-1a7a-44d5-9bd1-160412bb90a7
8504_1,6a0936cc-b132-4abd-92ba-9125515fc191
9477_0,6c6d98b8-de07-4fd2-823f-b84f679746d2
9324_0,3e5c6c75-20ae-4f76-80f3-56f165efc8fc
11134_3,0663cb88-1596-48fc-8f75-25f6e1572720
9281_0,2d541a72-3c14-4cc5-b43d-61ad889ee748
9790_0,e5315629-dad1-4516-86bf-4f5a0e1f2018
10431_0,dc8ff47a-764e-45ca-96ec-01c68408537e
8712_0,688dd85b-500e-4499-982e-9879dcf49f77
9724_3,fc310673-403e-4dcc-ba74-c5063c3f0830
9387_0,3bf910d5-b6d5-4bb7-8e44-0a5b2fc0c04d
9300_0,1b008e9a-15f2-422d-8d8a-0a1edc4e0fd7
8667_2,34f8f9b2-46fb-4b1e-b696-56d66ed008d4
8658_3,32491f5b-b36e-4c99-9cfb-c5615fc61899
9469_0,62bf8072-8f08-4c1b-860e-95f11fc0b2cc
8986_0,2dfab04b-0c87-46a5-b7bd-8f2fa14c4d55
9103_3,20f5d29a-5169-4d73-833a-ce580cdeeccc
9397_i,27ad36f4-982c-4180-8171-1b13c4b1cea9
9401_i,cc909063-7907-49af-9fbf-60a640abf5bd
9458_0,e9054932-922d-4d51-a91b-c045a40b172c
10065_0,aef51a95-14bb-4ca1-add9-b8159b4899a3
9432_0,e2ef6fe8-013b-4f67-8c1a-3eddbcf829dc
9633_0,4f1b51f2-58d9-4a96-939a-902cca878b8d
9420_i,44beab02-a200-4acc-82d3-bc0edac119ea
9436_0,af08e3db-45c6-4599-b0fd-dba01e937299
10281_1,4b84d841-fadf-4975-abe4-1f6ccb39aa98
9207_3,0e86be4c-abae-4a8f-a49e-1903ea6daa3e
9555_0,e94440da-36e0-4e68-8a1f-729cce996af2
9722_0,b5b21de0-5bc0-40d9-83ad-631c7e7f186a
10379_0,953ed493-cf5c-4bcf-89b0-3fa06104b1b7
9453_i,b79b13f6-58c6-4f63-8d15-6fa3a23d3c07
9567_0,32178323-4437-4785-8a50-2d78314b11a4
10167_0,d5ae68d4-b43d-4118-91e0-3a54c1389c0d
8916_0,99bfdc00-5c72-49f1-95e6-6bcd3a0a90c3
9861_0,9a87cf82-4773-41fb-b8d5-12708025189c
9044_0,a7bbeedb-6488-476e-9450-2cbb7bc248b5
9926_0,631dda3b-b2fa-443d-a689-3edae40fe658
10314_0,cce607cc-a68c-4d70-a3be-3d98f4ac18e6
10401_2,7f6ccef7-e620-4623-a829-6b9f12613662
9491_i,c5dcdb52-a644-4961-a461-042f62982df1
11280_0,ecb190d6-d724-47a7-82d4-dc15bb50ded5
9726_0,7fa44004-b92b-4e13-88ac-feae9afbffb8
9501_i,b195153d-1ae4-4fb7-93de-15709d8d0a6e
9990_0,8824785f-8af3-4439-952c-b5f1f5c5cef5
9504_i,8a5b637f-798a-4aef-be2b-182b8c7afdfd
9205_0,010ce1e9-d7b2-4cc1-8449-d56ce731d870
10029_2,42f9f717-546a-4f2f-b798-04afe0e67aed
9847_0,085abfba-8f34-4d36-90bb-398149a237dd
9747_2,e9da8a4a-d5a9-4c93-aca0-7557afd12c61
9245_2,db22304f-db45-4e59-9ddb-d93691a9eb8a
9867_0,7c440b42-c641-418a-b15d-3df252d94b39
9784_0,b2a480a2-00ef-4dab-8c3d-3bddee881bef
9615_0,d573bdc7-ea19-42dd-95a3-0efeb84b648a
9678_0,c142bc84-9963-4d1b-926c-45f62ca02ecc
9574_i,1b35e094-f9c9-4ca2-a968-5fa6376ea344
10228_0,2f136b3a-c1d0-445c-99f7-eb5b213039d0
10226_0,31b0167a-12e9-4036-956b-6d5e2fffb367
9758_0,b9ba3d7c-8d47-4192-8a80-6fb1797e8603
11060_0,154d422a-740b-4dec-8148-6eea0f5091f0
9665_0,0bbdaa6b-3ebb-4d70-ad25-5f1bc821b81e
9683_1,59c4f3bb-d035-41a8-bd06-88f4239d3f68
9290_0,f70507ad-8151-4d6a-b63c-bfaecb00b50f
9624_i,a6f9f0ed-6785-4bd1-af8b-b1d938109af6
9627_i,f9143cd8-36b0-40e1-a4ac-6e786a8e2658
9771_0,cd4ff26f-282b-4458-86a7-81ab2da76009
9634_i,fce5b4be-58a1-410f-ab1d-99226628d539
9638_i,a58526d1-ffee-4799-b82c-27229b46c017
9642_0,f3b5f257-b82f-4ab7-80a8-61453a278a41
10142_0,ee221530-3534-48d0-91a7-0c48867d92fb
9658_i,b4b571f5-1f18-4631-99d1-cc4405dbbc15
9676_i,014466c5-32c3-466e-a0c7-79f7c9aed869
9965_0,6bab4b30-57f6-43fc-a34f-3ac8e5b1f1a7
8560_2,abdcee60-abe6-4a80-b011-492f7f40f478
9752_0,a323431c-b44b-46ae-914f-7e9525c72cde
10146_2,c139ba85-c006-4504-9608-59226c725b86
9742_1,487f60a2-560d-49e7-862a-4a5cf7de41b6
9405_3,6a396f71-5664-4265-bc3d-9241e57c13c2
9853_0,5438c3ed-94e4-42c4-8722-914ae7d31b16
9581_0,679b28e6-2dad-4f26-9c05-45ad28e62a5e
9697_0,161f3f9d-eecb-44d9-879f-1492ece090f2
9930_2,04180628-3214-4933-877a-d2bb28f902a9
9997_1,361f1767-db4a-4005-832d-99a12fdaeed3
10405_3,3c902934-e2a3-4e10-b266-d7f6b88ebe29
11178_3,5e5aa1d5-7e13-42c7-9460-6e49811c1b1e
9769_0,41f8782b-2044-405b-890d-c662af3d48f0
10341_1,15abe910-4b81-40fc-97b5-6dc5c39695f3
10204_0,1bc497b6-2e3d-4a8c-828b-cd1cbd05c245
9844_0,770dd8f6-4908-4edc-97f0-64af73bac633
9736_0,c141acf6-2bbc-4d83-a881-ec6245610e70
9823_0,bbaf7688-f1de-42a9-8d24-a60a1817419d
9781_i,297e9ee3-be3f-4bcc-94c1-be168287fcbd
9785_0,db347a56-7a57-4c93-a5e5-ebf55bccb25a
9849_0,02f29bf0-af5e-4461-be4f-9cd93112e1e7
9918_0,cacd8112-4db2-4904-b325-f18f8cd9cb35
9976_0,121c2cc4-1f2c-458d-9678-53470a78e84d
10041_1,646eb37c-dc62-4747-94ee-e253e76c81fa
12098_0,794ee356-6cc4-42a1-9948-7ce60dce4097
9671_0,3842a496-21f4-4029-b5c6-2c345fa9af92
10125_0,32a5a06b-cf32-4c04-99a4-c7cc209f81cb
9460_0,6e0a7fd5-70cd-4c7d-800d-0713e5fa0ca4
10550_0,8122b0ec-6e13-4a62-8fcf-218eca14e284
13056_4,5ae8cdbc-97d9-4023-891f-8880070e66d0
9981_0,e4f14254-1fe0-4cc1-8349-96a5935f1cd3
12697_0,c70c7420-3118-4517-83f9-7d3928b8929b
10005_3,a7bbeedb-6488-476e-9450-2cbb7bc248b5
9666_0,81278332-4f17-49f0-8cc1-1bd3d9532ce8
10224_0,55edd06a-bc1d-44b5-92b2-b04c71526f6a
10324_1,42284036-58be-486b-8a6b-e53f7c672add
9821_0,af8e7008-c258-4554-9b12-bb4d160db8bc
13091_3,45f9a417-ae0c-44d3-ad6f-a26355be8516
9816_0,81392b6e-1c36-483e-84c1-2201ecf1d12d
9668_0,59a5b6c6-8bc9-4026-a1eb-8e33209d58ed
9870_i,e86e674b-97e4-4e35-924f-63b8a749979f
9968_0,f6a34716-f4bd-488a-ad7b-664ab4ea09d0
9756_1,b7752169-7a9e-475c-a2cd-79786a25f99e
9993_0,df6bf7ca-6fc5-41d9-98e1-410a0cf9e49e
10318_0,dfabe203-eb44-460b-8d14-e066dddf7e93
10350_0,dac6f2e1-dd77-4424-9e66-7e9c0dbe03fe
10183_0,20b55071-f74f-4d0e-a946-b70fbfce8b90
9943_0,e50028fa-4f2c-4a8d-a421-1f2d571f4769
10267_0,a58526d1-ffee-4799-b82c-27229b46c017
9912_0,735bfe38-4d99-4b4e-a9ff-4428d77c0340
9940_0,694e417a-fa64-4558-b29f-725af61134a6
10851_0,dbe97d27-2c6e-4609-a9fa-32514dfb7fe4
9942_i,b03fd036-3ef9-44ca-81b5-2ea3da5b9224
9895_0,eff1efdd-5627-4ca0-95ff-2d770170ceb6
10032_2,56052aca-ea0b-43f2-bad3-d4d627846fc3
9962_0,6b85ed7a-1fad-4040-b568-73c52a19d231
9960_i,e9b7dd63-a7a4-422e-b726-028f2eb43f79
9961_i,5eb491db-5e62-494d-b8f3-bd6bd190c597
10058_1,ed779a48-f74b-4f00-a7ba-5711151e2d58
11796_1,3f401248-ee5e-4449-b1c7-8d3693b1389a
13229_1,4577326e-52a3-4be5-b430-36b6d24a682f
10364_1,84698a06-ee3f-4797-b25b-9ebcc524c15e
10398_0,2d6d5fd9-9c6d-44d7-9085-44c2ce95afd2
10042_0,11d3c5a5-ecae-4f7b-afca-4f27a2501b02
10031_0,ee2c8e08-6eac-48b7-85a5-a424c5b9595b
9857_0,286679bd-b8a9-4bfe-94d0-bbbeeb4fa8d5
10752_3,31578617-8379-4320-a4f6-adf168087bb0
10134_0,322d3906-5ced-4c1e-9aee-279962f75811
10116_0,a964b191-e17d-4626-91da-ab859efda4b0
9998_i,5d57a2e5-cc79-430f-8372-6cddf8d17fa4
9657_0,f34414c4-a358-495a-9df5-a12ae3670db3
9659_1,5066fa34-2e20-4c41-857a-6e91b00a86f4
9551_1,f8ca9e0c-7c49-4fa8-8a9a-727aa6e8cdf3
9804_0,714c136c-b486-4383-be43-fce9b1e73fd2
11453_0,305308a2-1ae4-40d7-973b-bb326aa48a45
10819_1,9d9d3c32-6aa1-4358-b8bb-943bdad7c7ae
11440_3,54835676-8533-4f17-b4ae-8aec400879bd
10037_0,dc8aa307-1a7a-44d5-9bd1-160412bb90a7
8504_2,6a0936cc-b132-4abd-92ba-9125515fc191
10363_0,cbb90ff3-6b58-4b79-a3bd-246c5b72359f
10051_i,ccedc227-dc16-45df-9e89-6f8c1c07ce8b
10100_0,3e5c6c75-20ae-4f76-80f3-56f165efc8fc
11134_4,0663cb88-1596-48fc-8f75-25f6e1572720
10106_0,2d541a72-3c14-4cc5-b43d-61ad889ee748
10048_0,ea026d44-08e1-4169-ae43-e2f2f8456531
10431_1,dc8ff47a-764e-45ca-96ec-01c68408537e
10206_0,fc310673-403e-4dcc-ba74-c5063c3f0830
10073_0,3bf910d5-b6d5-4bb7-8e44-0a5b2fc0c04d
10068_i,afd3f030-6ea8-4332-9a7d-39f666898071
11109_0,37ca0bc0-23a0-4b71-ae5d-2bd543413510
9656_0,34f8f9b2-46fb-4b1e-b696-56d66ed008d4
10111_0,32491f5b-b36e-4c99-9cfb-c5615fc61899
10091_i,256aadd5-a5e0-4cea-ae8c-ff2d128e0885
10316_0,7cc2de58-7208-4a54-bdba-6fcbb054b7da
11011_0,7add9dd2-bc7d-4c40-8a7e-1458c9f62856
10591_0,cc909063-7907-49af-9fbf-60a640abf5bd
10107_i,9c2cdc62-0917-419f-b6b0-d4c218c3732d
10074_0,aef51a95-14bb-4ca1-add9-b8159b4899a3
10121_0,e2ef6fe8-013b-4f67-8c1a-3eddbcf829dc
9633_1,4f1b51f2-58d9-4a96-939a-902cca878b8d
10190_0,44beab02-a200-4acc-82d3-bc0edac119ea
9436_1,af08e3db-45c6-4599-b0fd-dba01e937299
10281_2,4b84d841-fadf-4975-abe4-1f6ccb39aa98
11054_0,0e86be4c-abae-4a8f-a49e-1903ea6daa3e
10017_0,e94440da-36e0-4e68-8a1f-729cce996af2
10379_1,953ed493-cf5c-4bcf-89b0-3fa06104b1b7
10475_0,b79b13f6-58c6-4f63-8d15-6fa3a23d3c07
10420_0,32178323-4437-4785-8a50-2d78314b11a4
10167_1,d5ae68d4-b43d-4118-91e0-3a54c1389c0d
10623_0,378f43df-8900-496a-86d1-f461f4db3449
10122_0,631dda3b-b2fa-443d-a689-3edae40fe658
10314_1,cce607cc-a68c-4d70-a3be-3d98f4ac18e6
10401_3,7f6ccef7-e620-4623-a829-6b9f12613662
9999_0,c5dcdb52-a644-4961-a461-042f62982df1
11280_1,ecb190d6-d724-47a7-82d4-dc15bb50ded5
11769_0,7fa44004-b92b-4e13-88ac-feae9afbffb8
10665_0,770dd8f6-4908-4edc-97f0-64af73bac633
12083_0,8824785f-8af3-4439-952c-b5f1f5c5cef5
10231_0,8a5b637f-798a-4aef-be2b-182b8c7afdfd
10280_0,f3d8d368-3051-48aa-8fa1-a3a0feb1daea
10214_i,b1989aa7-df31-4c6f-b0dd-014cc99b6b35
10143_0,42f9f717-546a-4f2f-b798-04afe0e67aed
12142_0,e9da8a4a-d5a9-4c93-aca0-7557afd12c61
11984_0,db22304f-db45-4e59-9ddb-d93691a9eb8a
10299_0,7c440b42-c641-418a-b15d-3df252d94b39
10514_0,01d4adc0-30ef-40da-b86c-7fd10f804ab5
9615_1,d573bdc7-ea19-42dd-95a3-0efeb84b648a
10275_0,0553174d-9cc7-42ba-b1d6-e14e6c64a70f
10229_0,b4f6b9b3-a201-42cc-9106-e01802aaadc0
10228_1,2f136b3a-c1d0-445c-99f7-eb5b213039d0
10271_0,31b0167a-12e9-4036-956b-6d5e2fffb367
11238_0,bba39b09-3833-4eb3-a83f-6d6cd5a35a34
11060_1,154d422a-740b-4dec-8148-6eea0f5091f0
10658_0,0bbdaa6b-3ebb-4d70-ad25-5f1bc821b81e
10644_0,ed76ff36-7b46-402b-b0bf-8de80e0a95db
9624_0,a6f9f0ed-6785-4bd1-af8b-b1d938109af6
10911_0,8836ab7d-b988-4433-ae1f-de15058aad97
10156_0,cd4ff26f-282b-4458-86a7-81ab2da76009
12592_0,ccbdb423-c28f-4f20-b130-c46ed3a0de0c
10422_0,a58526d1-ffee-4799-b82c-27229b46c017
10006_0,f3b5f257-b82f-4ab7-80a8-61453a278a41
11093_0,ee221530-3534-48d0-91a7-0c48867d92fb
10359_i,6f8e4c10-e854-4664-a290-661d1ae26435
10768_0,014466c5-32c3-466e-a0c7-79f7c9aed869
10185_0,6bab4b30-57f6-43fc-a34f-3ac8e5b1f1a7
8560_3,abdcee60-abe6-4a80-b011-492f7f40f478
10692_0,a323431c-b44b-46ae-914f-7e9525c72cde
11248_0,c139ba85-c006-4504-9608-59226c725b86
10639_0,487f60a2-560d-49e7-862a-4a5cf7de41b6
9405_4,6a396f71-5664-4265-bc3d-9241e57c13c2
11321_0,bdad3d93-e317-4976-af4c-8786184d1092
9854_0,679b28e6-2dad-4f26-9c05-45ad28e62a5e
10901_0,48dedda7-7cd6-4119-b681-567d905b580f
10346_0,24caa62d-b558-44af-9dd6-e9880f12252c
10478_0,361f1767-db4a-4005-832d-99a12fdaeed3
10830_0,3c902934-e2a3-4e10-b266-d7f6b88ebe29
11178_4,5e5aa1d5-7e13-42c7-9460-6e49811c1b1e
10965_0,41f8782b-2044-405b-890d-c662af3d48f0
10501_i,36d1259d-fa3c-4a39-977c-233a4754bc18
10204_1,1bc497b6-2e3d-4a8c-828b-cd1cbd05c245
10660_0,c141acf6-2bbc-4d83-a881-ec6245610e70
11113_0,bbaf7688-f1de-42a9-8d24-a60a1817419d
11754_0,6c8061ee-1ae2-417b-99e3-c79437d13efb
10988_0,db347a56-7a57-4c93-a5e5-ebf55bccb25a
10535_i,fcaa02c6-6b36-4fe0-8911-51a5178f0a0c
10495_0,cacd8112-4db2-4904-b325-f18f8cd9cb35
10626_0,5acbc29c-8b15-4409-ae67-a259903b334c
10041_2,646eb37c-dc62-4747-94ee-e253e76c81fa
10556_i,cdbf698c-8549-46f5-84ee-fff63df74425
12098_1,794ee356-6cc4-42a1-9948-7ce60dce4097
11095_0,8cd80fd6-d123-44af-8ead-c9f973a645c1
10744_0,6e0a7fd5-70cd-4c7d-800d-0713e5fa0ca4
10983_0,8122b0ec-6e13-4a62-8fcf-218eca14e284
13056_5,5ae8cdbc-97d9-4023-891f-8880070e66d0
10498_0,e4f14254-1fe0-4cc1-8349-96a5935f1cd3
12697_1,c70c7420-3118-4517-83f9-7d3928b8929b
10771_0,3a7e68e4-3c14-430e-a61f-f037c8d37bb9
12653_0,81278332-4f17-49f0-8cc1-1bd3d9532ce8
10279_0,55edd06a-bc1d-44b5-92b2-b04c71526f6a
10879_0,42284036-58be-486b-8a6b-e53f7c672add
10811_0,af8e7008-c258-4554-9b12-bb4d160db8bc
13091_4,45f9a417-ae0c-44d3-ad6f-a26355be8516
10630_0,81392b6e-1c36-483e-84c1-2201ecf1d12d
12130_0,03e7f5b8-3e14-4385-8f4f-4a7fd4edb244
10863_0,e86e674b-97e4-4e35-924f-63b8a749979f
10977_0,7b7a0850-0b40-42fd-93b1-b05b54da4d01
10380_0,df6bf7ca-6fc5-41d9-98e1-410a0cf9e49e
10672_0,dfabe203-eb44-460b-8d14-e066dddf7e93
10589_0,35908f31-5412-4b5d-b371-81b5c1c629c1
10633_0,3cf57f15-62e6-424c-be60-50bb9a940202
10790_0,05789fd9-1e1e-4c38-9453-9c558cdc5857
10686_i,fb190c56-f060-4784-9664-084d6780a1dc
11376_0,defd2b02-ace9-4a19-8322-adf61f0514c7
10969_0,735bfe38-4d99-4b4e-a9ff-4428d77c0340
10742_0,d067b70e-7f0b-4413-b7d8-6dd192968046
10851_1,dbe97d27-2c6e-4609-a9fa-32514dfb7fe4
10994_0,b03fd036-3ef9-44ca-81b5-2ea3da5b9224
10993_0,eff1efdd-5627-4ca0-95ff-2d770170ceb6
10857_0,56052aca-ea0b-43f2-bad3-d4d627846fc3
10922_0,6b85ed7a-1fad-4040-b568-73c52a19d231
10414_0,e9b7dd63-a7a4-422e-b726-028f2eb43f79
10730_0,5c3375df-6823-4a08-b06b-4ec1313d4dd8
11201_0,ed779a48-f74b-4f00-a7ba-5711151e2d58
11796_2,3f401248-ee5e-4449-b1c7-8d3693b1389a
13229_2,4577326e-52a3-4be5-b430-36b6d24a682f
11071_0,84698a06-ee3f-4797-b25b-9ebcc524c15e
11173_0,2d6d5fd9-9c6d-44d7-9085-44c2ce95afd2
10791_0,11d3c5a5-ecae-4f7b-afca-4f27a2501b02
10760_0,8ac2577f-469c-4dc0-9fbe-3af11d91bd9b
10835_0,286679bd-b8a9-4bfe-94d0-bbbeeb4fa8d5
10631_0,322d3906-5ced-4c1e-9aee-279962f75811
11025_0,a964b191-e17d-4626-91da-ab859efda4b0
10776_0,5d57a2e5-cc79-430f-8372-6cddf8d17fa4
11721_0,f34414c4-a358-495a-9df5-a12ae3670db3
12122_0,cdeb5292-71ee-42f2-b89c-d51919969e60
11453_1,305308a2-1ae4-40d7-973b-bb326aa48a45
10819_2,9d9d3c32-6aa1-4358-b8bb-943bdad7c7ae
11440_4,54835676-8533-4f17-b4ae-8aec400879bd
10944_0,3e5c6c75-20ae-4f76-80f3-56f165efc8fc
11134_5,0663cb88-1596-48fc-8f75-25f6e1572720
10810_0,2d541a72-3c14-4cc5-b43d-61ad889ee748
10781_0,d9a3be36-9c60-4f5a-9893-7dce5f4267ec
10928_0,dc8ff47a-764e-45ca-96ec-01c68408537e
10456_0,c23d7a29-849e-4de6-a309-2acd9aaed150
11135_0,3bf910d5-b6d5-4bb7-8e44-0a5b2fc0c04d
11527_0,afd3f030-6ea8-4332-9a7d-39f666898071
10916_i,075c7c1c-0872-42a0-8164-803d56d9b3c6
11109_1,37ca0bc0-23a0-4b71-ae5d-2bd543413510
11920_0,32491f5b-b36e-4c99-9cfb-c5615fc61899
11043_0,257be58a-ce42-4f06-85c7-37710d92c1e9
11011_1,7add9dd2-bc7d-4c40-8a7e-1458c9f62856
10882_0,cc909063-7907-49af-9fbf-60a640abf5bd
11645_0,e6b5f3cd-5a94-46d3-b94d-b7273c2571d6
11118_0,aef51a95-14bb-4ca1-add9-b8159b4899a3
11260_0,e2ef6fe8-013b-4f67-8c1a-3eddbcf829dc
10571_0,44beab02-a200-4acc-82d3-bc0edac119ea
10973_i,89ff3255-c817-4e8f-b529-7a62811b0bb2
9436_2,af08e3db-45c6-4599-b0fd-dba01e937299
12103_0,67814dd9-4d48-433c-a4a9-55bb123c0815
11054_1,0e86be4c-abae-4a8f-a49e-1903ea6daa3e
11535_0,e94440da-36e0-4e68-8a1f-729cce996af2
11426_0,953ed493-cf5c-4bcf-89b0-3fa06104b1b7
12880_0,b79b13f6-58c6-4f63-8d15-6fa3a23d3c07
11064_0,c9f8eb8a-6ebf-417d-8357-35bc21b5ee22
11614_0,d5ae68d4-b43d-4118-91e0-3a54c1389c0d
11344_0,8737cc8d-add4-4c4a-b16d-ac6a242064f9
10749_0,631dda3b-b2fa-443d-a689-3edae40fe658
10843_0,cce607cc-a68c-4d70-a3be-3d98f4ac18e6
11038_0,abad66a9-19a1-4ca6-a049-d15a79386336
12479_0,c5dcdb52-a644-4961-a461-042f62982df1
11280_2,ecb190d6-d724-47a7-82d4-dc15bb50ded5
11769_1,7fa44004-b92b-4e13-88ac-feae9afbffb8
10997_0,3440c2fb-4f00-4ca3-bc7d-89dde7953f63
12083_1,8824785f-8af3-4439-952c-b5f1f5c5cef5
11033_0,8a5b637f-798a-4aef-be2b-182b8c7afdfd
10793_0,d31040ac-fdc3-4149-846b-9ada6bf078f6
11013_0,bdbadbdd-bbab-4e54-ab27-4e3e889bc353
10511_0,42f9f717-546a-4f2f-b798-04afe0e67aed
12142_1,e9da8a4a-d5a9-4c93-aca0-7557afd12c61
11984_1,db22304f-db45-4e59-9ddb-d93691a9eb8a
11209_0,7c440b42-c641-418a-b15d-3df252d94b39
11100_0,55bb4fa7-d69c-4408-b39f-22aae404989e
11116_0,83f1de0a-79ea-41d5-b383-1b95ac99b6ad
11382_0,d98cfe18-3f81-491e-8a75-6a9cbed0923c
11051_0,2f136b3a-c1d0-445c-99f7-eb5b213039d0
11353_0,31b0167a-12e9-4036-956b-6d5e2fffb367
11238_1,bba39b09-3833-4eb3-a83f-6d6cd5a35a34
11060_2,154d422a-740b-4dec-8148-6eea0f5091f0
11096_0,0bbdaa6b-3ebb-4d70-ad25-5f1bc821b81e
11334_0,ed76ff36-7b46-402b-b0bf-8de80e0a95db
11015_0,6f9b4f5b-952d-402e-9358-28fc6b90126b
11902_0,8836ab7d-b988-4433-ae1f-de15058aad97
10844_0,42e1b722-65cb-4f6f-8fd0-31f6292702b9
12592_1,ccbdb423-c28f-4f20-b130-c46ed3a0de0c
11287_0,a58526d1-ffee-4799-b82c-27229b46c017
11840_0,f1ca3157-1e19-43c5-b6cf-5b793afe4a41
11816_0,ee221530-3534-48d0-91a7-0c48867d92fb
12286_0,6f8e4c10-e854-4664-a290-661d1ae26435
11599_0,e226c40d-b8c5-4ba1-b518-618f3dd36515
11184_0,6bab4b30-57f6-43fc-a34f-3ac8e5b1f1a7
11155_0,a323431c-b44b-46ae-914f-7e9525c72cde
11261_0,c139ba85-c006-4504-9608-59226c725b86
11284_i,6bbb1e57-29d8-43e1-8f32-37d5ae1e68d8
11394_0,487f60a2-560d-49e7-862a-4a5cf7de41b6
11411_0,6a396f71-5664-4265-bc3d-9241e57c13c2
11321_1,bdad3d93-e317-4976-af4c-8786184d1092
12677_0,679b28e6-2dad-4f26-9c05-45ad28e62a5e
11468_0,216afa22-68e7-4285-a37c-aa6d309ce88e
11332_0,361f1767-db4a-4005-832d-99a12fdaeed3
11342_0,41f8782b-2044-405b-890d-c662af3d48f0
11446_0,9f708567-6a92-4a9f-80da-29929a549c4f
11473_0,45ec5c17-8a74-45af-83ab-aaa6bf215cbd
11113_1,bbaf7688-f1de-42a9-8d24-a60a1817419d
11754_1,6c8061ee-1ae2-417b-99e3-c79437d13efb
11373_i,e65a8732-9fe2-41cc-a442-81bb43a023a2
12230_0,db347a56-7a57-4c93-a5e5-ebf55bccb25a
11035_0,fcaa02c6-6b36-4fe0-8911-51a5178f0a0c
11152_0,cacd8112-4db2-4904-b325-f18f8cd9cb35
11386_0,fea2c016-d752-4d74-946f-699d064e16f3
12760_0,94e00d26-204e-439c-b5fa-71d95307339c
11878_0,7962d71a-c88a-4ad6-a785-dc3f9fa8a820
12098_2,794ee356-6cc4-42a1-9948-7ce60dce4097
11396_0,8ff0a8cf-e485-4146-a6eb-eee5a0ac0a37
11620_0,6e0a7fd5-70cd-4c7d-800d-0713e5fa0ca4
11431_0,8122b0ec-6e13-4a62-8fcf-218eca14e284
11412_i,c1b33b86-586b-4857-b1c8-ae9b9d87a3bf
13056_6,5ae8cdbc-97d9-4023-891f-8880070e66d0
11562_0,e4f14254-1fe0-4cc1-8349-96a5935f1cd3
12697_2,c70c7420-3118-4517-83f9-7d3928b8929b
11417_0,efa27588-3dec-4a13-ac2f-4376fd1b1e60
12653_1,81278332-4f17-49f0-8cc1-1bd3d9532ce8
12055_0,55edd06a-bc1d-44b5-92b2-b04c71526f6a
10879_1,42284036-58be-486b-8a6b-e53f7c672add
11668_0,af8e7008-c258-4554-9b12-bb4d160db8bc
13091_5,45f9a417-ae0c-44d3-ad6f-a26355be8516
12199_0,81392b6e-1c36-483e-84c1-2201ecf1d12d
12130_1,03e7f5b8-3e14-4385-8f4f-4a7fd4edb244
11447_i,bca44181-faa9-4fd5-b8ba-b39423ebba54
10863_1,e86e674b-97e4-4e35-924f-63b8a749979f
11506_0,7b7a0850-0b40-42fd-93b1-b05b54da4d01
10886_0,751a3f75-0f0d-4a68-8c9d-fc504bc86940
12454_0,5b2f47c0-d683-4638-bdc0-74682dac8307
11566_0,35908f31-5412-4b5d-b371-81b5c1c629c1
12149_0,c8c3f13f-d7e1-4950-9fbb-65324c4a2742
11771_0,603c68ad-a8a3-4da5-83c1-7d3ded7f694f
11571_0,fb190c56-f060-4784-9664-084d6780a1dc
11376_1,defd2b02-ace9-4a19-8322-adf61f0514c7
11508_i,487f60a2-560d-49e7-862a-4a5cf7de41b6
12198_0,735bfe38-4d99-4b4e-a9ff-4428d77c0340
12767_0,bef3f8b3-c8e2-4c18-b8b9-3eabc9d45eec
11712_0,dbe97d27-2c6e-4609-a9fa-32514dfb7fe4
11662_0,b03fd036-3ef9-44ca-81b5-2ea3da5b9224
11574_0,eff1efdd-5627-4ca0-95ff-2d770170ceb6
11730_0,56052aca-ea0b-43f2-bad3-d4d627846fc3
11739_0,566980e5-fb05-4378-9c86-ea67b93559f2
11491_0,ed779a48-f74b-4f00-a7ba-5711151e2d58
11796_3,3f401248-ee5e-4449-b1c7-8d3693b1389a
13229_3,4577326e-52a3-4be5-b430-36b6d24a682f
13199_0,84698a06-ee3f-4797-b25b-9ebcc524c15e
11660_0,2d6d5fd9-9c6d-44d7-9085-44c2ce95afd2
11993_0,c127f458-6a40-4a89-923f-83e9b84f8b95
11493_0,8ac2577f-469c-4dc0-9fbe-3af11d91bd9b
12205_0,286679bd-b8a9-4bfe-94d0-bbbeeb4fa8d5
11627_0,322d3906-5ced-4c1e-9aee-279962f75811
12620_0,a964b191-e17d-4626-91da-ab859efda4b0
11349_0,5d57a2e5-cc79-430f-8372-6cddf8d17fa4
11721_1,f34414c4-a358-495a-9df5-a12ae3670db3
12122_1,cdeb5292-71ee-42f2-b89c-d51919969e60
11970_0,1dd9d48f-8bbf-499f-8e05-a56d62b8d78c
11440_5,54835676-8533-4f17-b4ae-8aec400879bd
11654_0,3e5c6c75-20ae-4f76-80f3-56f165efc8fc
11134_6,0663cb88-1596-48fc-8f75-25f6e1572720
11844_0,2d541a72-3c14-4cc5-b43d-61ad889ee748
11985_0,97f4e059-67c4-4910-bbd0-e22fa1cd3fe3
14003_0,dc8ff47a-764e-45ca-96ec-01c68408537e
11286_0,c23d7a29-849e-4de6-a309-2acd9aaed150
12106_0,3bf910d5-b6d5-4bb7-8e44-0a5b2fc0c04d
11641_0,afd3f030-6ea8-4332-9a7d-39f666898071
11727_0,075c7c1c-0872-42a0-8164-803d56d9b3c6
11664_i,1cae4afd-964e-4057-ba51-33c02e7615f6
11165_0,37ca0bc0-23a0-4b71-ae5d-2bd543413510
11920_1,32491f5b-b36e-4c99-9cfb-c5615fc61899
11698_0,257be58a-ce42-4f06-85c7-37710d92c1e9
11595_0,7add9dd2-bc7d-4c40-8a7e-1458c9f62856
11899_0,cc909063-7907-49af-9fbf-60a640abf5bd
11693_0,e6b5f3cd-5a94-46d3-b94d-b7273c2571d6
12540_0,aef51a95-14bb-4ca1-add9-b8159b4899a3
12744_0,e2ef6fe8-013b-4f67-8c1a-3eddbcf829dc
11793_0,44beab02-a200-4acc-82d3-bc0edac119ea
11684_0,89ff3255-c817-4e8f-b529-7a62811b0bb2
11037_0,af08e3db-45c6-4599-b0fd-dba01e937299
12103_1,67814dd9-4d48-433c-a4a9-55bb123c0815
12929_0,953ed493-cf5c-4bcf-89b0-3fa06104b1b7
12880_1,b79b13f6-58c6-4f63-8d15-6fa3a23d3c07
11799_0,d5ae68d4-b43d-4118-91e0-3a54c1389c0d
11822_0,631dda3b-b2fa-443d-a689-3edae40fe658
11877_0,abad66a9-19a1-4ca6-a049-d15a79386336
12479_1,c5dcdb52-a644-4961-a461-042f62982df1
12855_0,ecb190d6-d724-47a7-82d4-dc15bb50ded5
11769_2,7fa44004-b92b-4e13-88ac-feae9afbffb8
12083_2,8824785f-8af3-4439-952c-b5f1f5c5cef5
11779_0,8a5b637f-798a-4aef-be2b-182b8c7afdfd
10793_1,d31040ac-fdc3-4149-846b-9ada6bf078f6
12504_0,bdbadbdd-bbab-4e54-ab27-4e3e889bc353
12142_2,e9da8a4a-d5a9-4c93-aca0-7557afd12c61
11984_2,db22304f-db45-4e59-9ddb-d93691a9eb8a
11917_0,7c440b42-c641-418a-b15d-3df252d94b39
11938_0,55bb4fa7-d69c-4408-b39f-22aae404989e
11646_0,2b3323fb-82f2-4741-a688-3af824fe1849
11794_0,d98cfe18-3f81-491e-8a75-6a9cbed0923c
12202_0,2f136b3a-c1d0-445c-99f7-eb5b213039d0
11353_1,31b0167a-12e9-4036-956b-6d5e2fffb367
12233_0,bba39b09-3833-4eb3-a83f-6d6cd5a35a34
11930_0,154d422a-740b-4dec-8148-6eea0f5091f0
12210_0,0bbdaa6b-3ebb-4d70-ad25-5f1bc821b81e
11334_1,ed76ff36-7b46-402b-b0bf-8de80e0a95db
12328_0,b8bc103d-e5c1-4bee-94f1-614d4df9ef73
11902_1,8836ab7d-b988-4433-ae1f-de15058aad97
12592_2,ccbdb423-c28f-4f20-b130-c46ed3a0de0c
12588_0,a58526d1-ffee-4799-b82c-27229b46c017
11840_1,f1ca3157-1e19-43c5-b6cf-5b793afe4a41
11816_1,ee221530-3534-48d0-91a7-0c48867d92fb
12286_1,6f8e4c10-e854-4664-a290-661d1ae26435
12077_0,014466c5-32c3-466e-a0c7-79f7c9aed869
11860_0,497c360c-bd39-437e-a723-d8dce39341de
11261_1,c139ba85-c006-4504-9608-59226c725b86
11764_0,6bbb1e57-29d8-43e1-8f32-37d5ae1e68d8
12319_0,487f60a2-560d-49e7-862a-4a5cf7de41b6
12044_i,c0c30625-eeac-41dd-8381-4c4d5ecab4bf
12226_0,6a396f71-5664-4265-bc3d-9241e57c13c2
14441_0,18f29aaf-f4f1-4f79-9b92-4b90f4b32df5
12677_1,679b28e6-2dad-4f26-9c05-45ad28e62a5e
11468_1,216afa22-68e7-4285-a37c-aa6d309ce88e
12139_0,ce446029-814a-4e55-b8d8-b21acd66f28d
12078_i,b4ec4dfc-3946-4c3f-a283-b7731cb50bbe
14119_0,41f8782b-2044-405b-890d-c662af3d48f0
11446_1,9f708567-6a92-4a9f-80da-29929a549c4f
12222_0,45ec5c17-8a74-45af-83ab-aaa6bf215cbd
12137_0,6c8061ee-1ae2-417b-99e3-c79437d13efb
12425_0,e65a8732-9fe2-41cc-a442-81bb43a023a2
12230_1,db347a56-7a57-4c93-a5e5-ebf55bccb25a
12191_0,fcaa02c6-6b36-4fe0-8911-51a5178f0a0c
11912_0,cacd8112-4db2-4904-b325-f18f8cd9cb35
12760_1,94e00d26-204e-439c-b5fa-71d95307339c
12605_0,457449bd-c3e8-4eab-a799-672b579642af
12098_3,794ee356-6cc4-42a1-9948-7ce60dce4097
13681_0,a00fe9e1-bc54-4652-914e-24e1c9b87777
12377_0,6e0a7fd5-70cd-4c7d-800d-0713e5fa0ca4
12272_0,8122b0ec-6e13-4a62-8fcf-218eca14e284
12417_0,c1b33b86-586b-4857-b1c8-ae9b9d87a3bf
13056_7,5ae8cdbc-97d9-4023-891f-8880070e66d0
12138_0,6b8fa26b-a10a-46b8-bea5-8cbd0185f336
12697_3,c70c7420-3118-4517-83f9-7d3928b8929b
13905_0,09476400-6f26-4609-bdb2-9a7e1c00f5e0
12653_2,81278332-4f17-49f0-8cc1-1bd3d9532ce8
12055_1,55edd06a-bc1d-44b5-92b2-b04c71526f6a
11981_0,af8e7008-c258-4554-9b12-bb4d160db8bc
13091_6,45f9a417-ae0c-44d3-ad6f-a26355be8516
12199_1,81392b6e-1c36-483e-84c1-2201ecf1d12d
12130_2,03e7f5b8-3e14-4385-8f4f-4a7fd4edb244
12054_0,bca44181-faa9-4fd5-b8ba-b39423ebba54
12667_0,e86e674b-97e4-4e35-924f-63b8a749979f
12082_0,7b7a0850-0b40-42fd-93b1-b05b54da4d01
12441_0,df6bf7ca-6fc5-41d9-98e1-410a0cf9e49e
12454_1,5b2f47c0-d683-4638-bdc0-74682dac8307
12237_i,1dc16923-f8d2-4a34-bd84-3ad0716eb928
12149_1,c8c3f13f-d7e1-4950-9fbb-65324c4a2742
12295_0,b955bfe7-a184-4ab3-82e8-fd630713b969
11905_0,fb190c56-f060-4784-9664-084d6780a1dc
12304_0,defd2b02-ace9-4a19-8322-adf61f0514c7
11626_0,487f60a2-560d-49e7-862a-4a5cf7de41b6
13872_0,1bdfc540-96ec-41d5-a0fb-5d5ff280ea4c
12767_1,bef3f8b3-c8e2-4c18-b8b9-3eabc9d45eec
12236_0,dbe97d27-2c6e-4609-a9fa-32514dfb7fe4
12192_0,b03fd036-3ef9-44ca-81b5-2ea3da5b9224
12705_0,eff1efdd-5627-4ca0-95ff-2d770170ceb6
12942_0,56052aca-ea0b-43f2-bad3-d4d627846fc3
12694_0,285b4d55-f3f2-4697-9ab9-4df51a6fde7c
12293_0,ed779a48-f74b-4f00-a7ba-5711151e2d58
13229_4,4577326e-52a3-4be5-b430-36b6d24a682f
13199_1,84698a06-ee3f-4797-b25b-9ebcc524c15e
12291_0,2d6d5fd9-9c6d-44d7-9085-44c2ce95afd2
13263_0,73e8ead5-02fe-4983-bf07-be4ac873849c
12791_0,8ac2577f-469c-4dc0-9fbe-3af11d91bd9b
12346_i,09cca8d3-d29c-4fd7-a359-881a5c28c2c5
12205_1,286679bd-b8a9-4bfe-94d0-bbbeeb4fa8d5
12674_0,322d3906-5ced-4c1e-9aee-279962f75811
12620_1,a964b191-e17d-4626-91da-ab859efda4b0
12533_0,5d57a2e5-cc79-430f-8372-6cddf8d17fa4
11721_2,f34414c4-a358-495a-9df5-a12ae3670db3
12122_2,cdeb5292-71ee-42f2-b89c-d51919969e60
11440_6,54835676-8533-4f17-b4ae-8aec400879bd
12577_0,3e5c6c75-20ae-4f76-80f3-56f165efc8fc
13630_0,0663cb88-1596-48fc-8f75-25f6e1572720
13375_0,2d541a72-3c14-4cc5-b43d-61ad889ee748
12258_0,2fa51c5f-47a1-4305-8b82-426baf56bc30
14003_1,dc8ff47a-764e-45ca-96ec-01c68408537e
13280_0,c23d7a29-849e-4de6-a309-2acd9aaed150
12546_0,3bf910d5-b6d5-4bb7-8e44-0a5b2fc0c04d
13675_0,075c7c1c-0872-42a0-8164-803d56d9b3c6
12790_0,1cae4afd-964e-4057-ba51-33c02e7615f6
12745_0,37ca0bc0-23a0-4b71-ae5d-2bd543413510
12913_0,257be58a-ce42-4f06-85c7-37710d92c1e9
11595_1,7add9dd2-bc7d-4c40-8a7e-1458c9f62856
12433_0,cc909063-7907-49af-9fbf-60a640abf5bd
12566_0,e6b5f3cd-5a94-46d3-b94d-b7273c2571d6
12540_1,aef51a95-14bb-4ca1-add9-b8159b4899a3
12744_1,e2ef6fe8-013b-4f67-8c1a-3eddbcf829dc
12762_0,44beab02-a200-4acc-82d3-bc0edac119ea
12820_0,89ff3255-c817-4e8f-b529-7a62811b0bb2
11037_1,af08e3db-45c6-4599-b0fd-dba01e937299
12957_0,67814dd9-4d48-433c-a4a9-55bb123c0815
12929_1,953ed493-cf5c-4bcf-89b0-3fa06104b1b7
12880_2,b79b13f6-58c6-4f63-8d15-6fa3a23d3c07
13859_0,d5ae68d4-b43d-4118-91e0-3a54c1389c0d
13881_0,0514a8c7-d78e-448d-838d-df7152d61136
12487_0,c5dcdb52-a644-4961-a461-042f62982df1
12855_1,ecb190d6-d724-47a7-82d4-dc15bb50ded5
12389_0,7fa44004-b92b-4e13-88ac-feae9afbffb8
12147_0,8824785f-8af3-4439-952c-b5f1f5c5cef5
12505_0,8a5b637f-798a-4aef-be2b-182b8c7afdfd
12162_0,f3d8d368-3051-48aa-8fa1-a3a0feb1daea
12812_0,e9da8a4a-d5a9-4c93-aca0-7557afd12c61
11984_3,db22304f-db45-4e59-9ddb-d93691a9eb8a
13042_0,7c440b42-c641-418a-b15d-3df252d94b39
13087_0,1d971978-608e-4fbf-a59c-7c1ae207a8e6
12758_0,71ba523f-3670-42fa-9c1f-bff530924fa0
12881_0,d98cfe18-3f81-491e-8a75-6a9cbed0923c
12619_0,31b0167a-12e9-4036-956b-6d5e2fffb367
12532_0,bba39b09-3833-4eb3-a83f-6d6cd5a35a34
12701_0,154d422a-740b-4dec-8148-6eea0f5091f0
13314_0,0bbdaa6b-3ebb-4d70-ad25-5f1bc821b81e
13504_0,ed76ff36-7b46-402b-b0bf-8de80e0a95db
12575_0,56f430a9-61a8-4b5e-926c-69c736ab662a
12940_0,8836ab7d-b988-4433-ae1f-de15058aad97
13098_0,4ee7ce7b-5100-42e4-8c74-3881ef7fae36
11816_2,ee221530-3534-48d0-91a7-0c48867d92fb
12678_0,6f8e4c10-e854-4664-a290-661d1ae26435
12340_0,497c360c-bd39-437e-a723-d8dce39341de
13184_0,6bbb1e57-29d8-43e1-8f32-37d5ae1e68d8
13160_0,487f60a2-560d-49e7-862a-4a5cf7de41b6
12856_0,5c519ba4-4341-4061-8e59-037d2149ee99
12933_0,6a396f71-5664-4265-bc3d-9241e57c13c2
12861_i,fdb5e017-ab45-49f3-9a62-b1b87b9d7d0a
14441_1,18f29aaf-f4f1-4f79-9b92-4b90f4b32df5
12677_2,679b28e6-2dad-4f26-9c05-45ad28e62a5e
12923_0,ce446029-814a-4e55-b8d8-b21acd66f28d
13256_0,b4ec4dfc-3946-4c3f-a283-b7731cb50bbe
14119_1,41f8782b-2044-405b-890d-c662af3d48f0
12897_i,a180e4d9-688b-4535-88f1-40af36cb6c49
12901_i,a66b97e2-d2f3-495a-8e2f-1dd01293bb98
13529_0,8c3ad926-9d7a-498d-87ff-b011a38c1bb8
12917_0,6c8061ee-1ae2-417b-99e3-c79437d13efb
13077_0,e65a8732-9fe2-41cc-a442-81bb43a023a2
13002_0,db347a56-7a57-4c93-a5e5-ebf55bccb25a
13134_0,fcaa02c6-6b36-4fe0-8911-51a5178f0a0c
13220_0,7f2304ac-9578-4418-88cc-4168f11e6ac8
14227_0,0d7cdb38-ef9c-40fc-811e-f097cb6e8818
13681_1,a00fe9e1-bc54-4652-914e-24e1c9b87777
12998_0,6e0a7fd5-70cd-4c7d-800d-0713e5fa0ca4
12885_0,c1b33b86-586b-4857-b1c8-ae9b9d87a3bf
13056_8,5ae8cdbc-97d9-4023-891f-8880070e66d0
12138_1,6b8fa26b-a10a-46b8-bea5-8cbd0185f336
13905_1,09476400-6f26-4609-bdb2-9a7e1c00f5e0
12967_0,81278332-4f17-49f0-8cc1-1bd3d9532ce8
13200_0,af8e7008-c258-4554-9b12-bb4d160db8bc
13091_7,45f9a417-ae0c-44d3-ad6f-a26355be8516
12941_0,64225a36-edc7-4cd9-b3a4-41cc08157484
13207_0,e86e674b-97e4-4e35-924f-63b8a749979f
13577_0,7b7a0850-0b40-42fd-93b1-b05b54da4d01
13041_0,055470b7-0745-45b1-a300-87839db215bf
13162_0,d390eb68-7b51-4841-82b9-d8a2ed5f01b3
13354_0,74ddf376-53ab-47d2-ae17-d0c7ee910099
11905_1,fb190c56-f060-4784-9664-084d6780a1dc
13301_0,923141dc-4b8b-4e58-adad-114af198880a
13666_0,487f60a2-560d-49e7-862a-4a5cf7de41b6
13872_1,1bdfc540-96ec-41d5-a0fb-5d5ff280ea4c
13221_0,bef3f8b3-c8e2-4c18-b8b9-3eabc9d45eec
13742_0,dbe97d27-2c6e-4609-a9fa-32514dfb7fe4
12705_1,eff1efdd-5627-4ca0-95ff-2d770170ceb6
13255_0,285b4d55-f3f2-4697-9ab9-4df51a6fde7c
13387_0,ed779a48-f74b-4f00-a7ba-5711151e2d58
13229_5,4577326e-52a3-4be5-b430-36b6d24a682f
13199_2,84698a06-ee3f-4797-b25b-9ebcc524c15e
13343_0,2d6d5fd9-9c6d-44d7-9085-44c2ce95afd2
13263_1,73e8ead5-02fe-4983-bf07-be4ac873849c
12791_1,8ac2577f-469c-4dc0-9fbe-3af11d91bd9b
12501_0,09cca8d3-d29c-4fd7-a359-881a5c28c2c5
13281_0,286679bd-b8a9-4bfe-94d0-bbbeeb4fa8d5
12674_1,322d3906-5ced-4c1e-9aee-279962f75811
13689_0,a964b191-e17d-4626-91da-ab859efda4b0
12932_0,75b2579b-939c-4ae4-afd2-ffed7af8bf62
12753_0,f34414c4-a358-495a-9df5-a12ae3670db3
13175_0,cdeb5292-71ee-42f2-b89c-d51919969e60
13658_0,967d8950-98c3-4934-935a-828b5ca30799
12978_0,3e5c6c75-20ae-4f76-80f3-56f165efc8fc
13630_1,0663cb88-1596-48fc-8f75-25f6e1572720
13375_1,2d541a72-3c14-4cc5-b43d-61ad889ee748
13550_0,b663d81b-efa7-4dce-ba0d-213d8650f023
14003_2,dc8ff47a-764e-45ca-96ec-01c68408537e
13280_1,c23d7a29-849e-4de6-a309-2acd9aaed150
14585_0,3bf910d5-b6d5-4bb7-8e44-0a5b2fc0c04d
13675_1,075c7c1c-0872-42a0-8164-803d56d9b3c6
13299_0,1cae4afd-964e-4057-ba51-33c02e7615f6
13230_0,37ca0bc0-23a0-4b71-ae5d-2bd543413510
13585_0,257be58a-ce42-4f06-85c7-37710d92c1e9
13735_0,b5d9acf9-588a-4173-8442-ded9fe874716
13809_0,44beab02-a200-4acc-82d3-bc0edac119ea
12820_1,89ff3255-c817-4e8f-b529-7a62811b0bb2
13638_0,af08e3db-45c6-4599-b0fd-dba01e937299
13100_0,67814dd9-4d48-433c-a4a9-55bb123c0815
13325_0,b79b13f6-58c6-4f63-8d15-6fa3a23d3c07
13859_1,d5ae68d4-b43d-4118-91e0-3a54c1389c0d
13881_1,0514a8c7-d78e-448d-838d-df7152d61136
13478_0,c5dcdb52-a644-4961-a461-042f62982df1
13344_0,8824785f-8af3-4439-952c-b5f1f5c5cef5
12505_1,8a5b637f-798a-4aef-be2b-182b8c7afdfd
13816_0,e9da8a4a-d5a9-4c93-aca0-7557afd12c61
13747_0,db22304f-db45-4e59-9ddb-d93691a9eb8a
13442_0,a63f12d4-0efb-4e0e-a70a-4d7148408fdf
13695_0,71ba523f-3670-42fa-9c1f-bff530924fa0
13621_0,bba39b09-3833-4eb3-a83f-6d6cd5a35a34
13562_0,154d422a-740b-4dec-8148-6eea0f5091f0
13696_0,0bbdaa6b-3ebb-4d70-ad25-5f1bc821b81e
13417_0,8836ab7d-b988-4433-ae1f-de15058aad97
13993_0,4ee7ce7b-5100-42e4-8c74-3881ef7fae36
11816_3,ee221530-3534-48d0-91a7-0c48867d92fb
12678_1,6f8e4c10-e854-4664-a290-661d1ae26435
13867_0,6bab4b30-57f6-43fc-a34f-3ac8e5b1f1a7
13686_0,6bbb1e57-29d8-43e1-8f32-37d5ae1e68d8
14044_0,96de6fed-0078-4649-9b57-cbd47be59bad
13587_0,168aa637-f57c-4d44-987c-76e1bed3ac9b
14023_0,6a396f71-5664-4265-bc3d-9241e57c13c2
13646_0,fdb5e017-ab45-49f3-9a62-b1b87b9d7d0a
14441_2,18f29aaf-f4f1-4f79-9b92-4b90f4b32df5
13775_0,b4ec4dfc-3946-4c3f-a283-b7731cb50bbe
14119_2,41f8782b-2044-405b-890d-c662af3d48f0
13636_0,a180e4d9-688b-4535-88f1-40af36cb6c49
13581_0,a66b97e2-d2f3-495a-8e2f-1dd01293bb98
13652_0,61f24cd0-b498-411c-bc08-f457a96b70a6
14306_0,6c8061ee-1ae2-417b-99e3-c79437d13efb
13077_1,e65a8732-9fe2-41cc-a442-81bb43a023a2
14148_0,db347a56-7a57-4c93-a5e5-ebf55bccb25a
13606_0,7f2304ac-9578-4418-88cc-4168f11e6ac8
14227_1,0d7cdb38-ef9c-40fc-811e-f097cb6e8818
13681_2,a00fe9e1-bc54-4652-914e-24e1c9b87777
13453_0,6e0a7fd5-70cd-4c7d-800d-0713e5fa0ca4
14042_0,c1b33b86-586b-4857-b1c8-ae9b9d87a3bf
14133_0,6b8fa26b-a10a-46b8-bea5-8cbd0185f336
13905_2,09476400-6f26-4609-bdb2-9a7e1c00f5e0
13700_0,81278332-4f17-49f0-8cc1-1bd3d9532ce8
13730_i,8f051604-87cf-4bbc-8356-d767709ecf59
14084_0,af8e7008-c258-4554-9b12-bb4d160db8bc
14587_0,45f9a417-ae0c-44d3-ad6f-a26355be8516
13593_0,64225a36-edc7-4cd9-b3a4-41cc08157484
13207_1,e86e674b-97e4-4e35-924f-63b8a749979f
14640_0,7b7a0850-0b40-42fd-93b1-b05b54da4d01
13827_0,c962f0d0-8fa7-4747-a17f-2ec7513dc138
14106_0,d91377ae-658a-4b47-a966-3d2b240d5700
13796_0,7df5e751-c88d-40e0-8377-74e6bb5f1f29
13858_0,fb190c56-f060-4784-9664-084d6780a1dc
13719_0,68879b0d-06f3-491a-8405-d6b3770b691c
14259_0,487f60a2-560d-49e7-862a-4a5cf7de41b6
13872_2,1bdfc540-96ec-41d5-a0fb-5d5ff280ea4c
13847_0,4ee34b41-9ab9-4a5c-a09a-9e357ad56b98
14011_0,4262efa7-cfb5-4447-add7-08f5a06cf3f6
13965_0,a36aeb6e-d2e9-4d81-9888-8b7a4c195fa4
14145_0,ed779a48-f74b-4f00-a7ba-5711151e2d58
13229_6,4577326e-52a3-4be5-b430-36b6d24a682f
13833_0,2d6d5fd9-9c6d-44d7-9085-44c2ce95afd2
14013_0,73e8ead5-02fe-4983-bf07-be4ac873849c
14061_0,8ac2577f-469c-4dc0-9fbe-3af11d91bd9b
14111_0,09cca8d3-d29c-4fd7-a359-881a5c28c2c5
13890_0,19b5ac3e-f2fd-4802-9840-7b680c3f950b
13629_0,3e5c6c75-20ae-4f76-80f3-56f165efc8fc
13855_0,2d541a72-3c14-4cc5-b43d-61ad889ee748
14017_0,dabccd5a-3e2d-45e9-b5f4-70ed51c181fd
14003_3,dc8ff47a-764e-45ca-96ec-01c68408537e
14585_1,3bf910d5-b6d5-4bb7-8e44-0a5b2fc0c04d
13870_0,075c7c1c-0872-42a0-8164-803d56d9b3c6
14075_0,37ca0bc0-23a0-4b71-ae5d-2bd543413510
13585_1,257be58a-ce42-4f06-85c7-37710d92c1e9
14497_0,b5d9acf9-588a-4173-8442-ded9fe874716
14112_0,44beab02-a200-4acc-82d3-bc0edac119ea
13638_1,af08e3db-45c6-4599-b0fd-dba01e937299
13966_0,b8a719be-a942-49c7-a074-6e69e8e8d8c0
13728_0,b79b13f6-58c6-4f63-8d15-6fa3a23d3c07
14130_0,d5ae68d4-b43d-4118-91e0-3a54c1389c0d
14105_i,23dc147a-df93-4743-9aa3-147d0af5c720
14163_0,e9da8a4a-d5a9-4c93-aca0-7557afd12c61
14578_0,7510d875-aae7-4e05-91f4-f64fd5d923be
14850_0,bba39b09-3833-4eb3-a83f-6d6cd5a35a34
14521_0,0bbdaa6b-3ebb-4d70-ad25-5f1bc821b81e
13993_1,4ee7ce7b-5100-42e4-8c74-3881ef7fae36
14451_0,6f8e4c10-e854-4664-a290-661d1ae26435
14438_i,2fd71783-399c-444a-9602-be237685bfa3
14608_0,96de6fed-0078-4649-9b57-cbd47be59bad
14023_1,6a396f71-5664-4265-bc3d-9241e57c13c2
14616_0,fdb5e017-ab45-49f3-9a62-b1b87b9d7d0a
14441_3,18f29aaf-f4f1-4f79-9b92-4b90f4b32df5
14271_0,b4ec4dfc-3946-4c3f-a283-b7731cb50bbe
14125_0,41f8782b-2044-405b-890d-c662af3d48f0
14240_0,a180e4d9-688b-4535-88f1-40af36cb6c49
14580_0,53166f01-a76b-41c4-8db4-109a718cf10c
14634_0,6c8061ee-1ae2-417b-99e3-c79437d13efb
13077_2,e65a8732-9fe2-41cc-a442-81bb43a023a2
14227_2,0d7cdb38-ef9c-40fc-811e-f097cb6e8818
14692_0,81278332-4f17-49f0-8cc1-1bd3d9532ce8
14593_0,45f9a417-ae0c-44d3-ad6f-a26355be8516
14640_1,7b7a0850-0b40-42fd-93b1-b05b54da4d01
14705_0,7df5e751-c88d-40e0-8377-74e6bb5f1f29
14599_0,fb190c56-f060-4784-9664-084d6780a1dc
14338_0,96de6fed-0078-4649-9b57-cbd47be59bad
14672_0,4262efa7-cfb5-4447-add7-08f5a06cf3f6
14843_0,a36aeb6e-d2e9-4d81-9888-8b7a4c195fa4
14820_0,09cca8d3-d29c-4fd7-a359-881a5c28c2c5
14813_0,dc8ff47a-764e-45ca-96ec-01c68408537e
14734_0,62bf8072-8f08-4c1b-860e-95f11fc0b2cc
14838_0,af08e3db-45c6-4599-b0fd-dba01e937299
