6280_i,2c4d3bd7-e061-4248-aeff-cb92c0ebd293
6289_i,cc00ff15-2474-4b4d-8190-49010023ecc6
6294_i,e69b6c01-93f4-4ced-b1ee-fbce6e9930e7
6295_i,f53ed0ae-930d-489c-b18b-a57147bbe631
6299_i,bd79f4ee-9246-4777-98ab-692e681edc40
6301_i,b3bced22-31fa-4668-87b9-e27613d4c10b
6305_i,4d537f66-c79a-4e65-b220-a3debba7fc4c
6307_i,236744c6-990f-49a5-a29d-a2c0aa1d28db
6316_i,64507699-e39c-4039-b711-c72d7a393325
6332_i,6b8c2885-ebf0-49ec-aaa8-7c30b4721dde
6337_i,4bcb2258-5eba-4bd8-a890-08bc222db1b3
6344_i,9a31abc5-0ace-4629-9a51-45aec7065b3c
6375_i,ab11fb94-6184-45cd-966a-1b5e09dbdf5e
6378_i,a661c330-1616-44a3-b56d-a9abc1ba0702
6379_i,2e541e0e-2c75-425e-adb0-ccbdad752d7a
6388_i,b87cf9ee-cfb1-4831-a4c6-88f0d496a2b8
6398_i,cc85872c-05c4-452f-b40b-45e5127af0dc
6409_i,d1f6ea84-e2ce-4ebb-81d1-1aad1f3c9d81
6410_i,b1b810e5-d897-43a7-b2ba-f1404583b77a
6411_i,4a766a67-c10b-478f-8e38-876880a02dad
6414_i,5d683444-a416-41d7-b7b1-f5bd8d0344c3
6416_i,95313d98-ba49-4bdf-ba18-7cea10109454
6417_i,c5a13734-9e80-43a4-96a1-e13cb88e30ef
6418_i,8bfba826-c52e-49fe-b83f-88f738b577c3
6421_i,4c4bd7c1-326b-4873-8626-1b21a60fd67a
6431_i,58bf9b88-1078-47f9-9fd2-6c0239bc402f
6434_i,a3ec7273-b8f5-46f9-afbf-35dd836eb7a5
6435_i,327f4581-6587-4b21-94e4-13087013c263
6456_i,99e2a59c-55f1-4c2a-bd38-3d5350fd2bc7
6459_i,003b97d0-6241-4f52-92f3-734ee5ae8fdc
6464_i,794aa0fe-848a-48f3-86f8-e2724570970f
6466_i,27a3ca5c-9070-406e-8b8d-1cfcdcdb0d6f
6481_i,002b7f20-448d-478c-ad4c-5fdf24cde196
6499_i,940e1c82-ad12-455c-a721-e58c32fbd491
6500_i,adfb37b7-061c-4282-b699-8b03757f1c58
6503_i,02e62664-5ca1-4922-8f70-92e770bb6c42
6522_i,dfc78eff-c53c-4369-9b8e-aebbf35ed7b1
6531_i,ba1f2b0d-a0fb-4e61-bbb9-06709bb7fd7e
6538_i,e3b3dae7-bcfa-402b-99f1-654db8841e19
6548_i,01dffd15-8b78-48e5-9ff1-eae6769d8d8a
6552_i,b4ffaf9f-e982-4d6a-9caa-e671d6369171
6557_i,3b381f9e-3d01-485a-8cbe-ae1d086a7f2c
6573_i,779bb34b-e93d-4e09-baa9-92f19574e736
6580_i,b78833ea-e3e5-4935-a271-e36e070a4aab
6614_i,3228382b-b350-42c4-9252-039d9a5141e6
6639_i,6c536253-2d67-494d-b192-66eae6fae6e6
6645_i,1d6fa603-c40e-4d59-b03a-7a72acf45b95
6659_i,f382cab9-f604-48e0-94a2-241ff24e60c3
6660_i,87431c6f-6046-4f31-b887-c8da3aca9f57
6662_i,dc4e5d23-2748-4530-b70e-69bb02d0509b
6712_i,42c6ee89-e248-43f7-bed2-d48221358977
6736_i,9eef1eaf-0311-4231-9c4c-fab57310fecc
6759_i,4aa742d5-10df-459f-af27-eb4d436b0b7c
6762_i,580d4dc0-89e2-4563-9e40-2d7176619026
6769_i,2f54591b-d573-4731-8fee-1c7ab1eea764
6784_i,f297e328-8b24-4bf6-a577-73144ed933f5
6791_i,af8bee58-d9ca-44a6-a12a-84e7c9dde6f9
6807_i,1842f16e-35d7-4b5c-922e-baabecf8646c
6814_i,9a7f9eec-6a30-45d4-99d0-aac85372a1a7
6819_i,698d10c4-05b4-4ed8-81fa-0b74208ca571
6821_i,0f302ddc-9662-41e0-bd02-f593ff49baca
6834_i,27f0d11a-0aa1-4379-923d-9fc4afb0456b
6839_i,bf9e81d0-bff5-4c0d-b5a9-fd80a7685407
6856_i,ba23d60d-6856-46bc-979c-099d9b01c7e5
6869_i,236744c6-990f-49a5-a29d-a2c0aa1d28db
6871_i,49f00e61-4b4a-4255-ac58-69e10e5ab353
6885_i,d87e7996-bce5-4162-a5b6-63ded33a4366
6887_i,2046a68d-3f58-4ca6-8e9f-702a6b681d82
6904_i,e4f9256a-5962-4995-89f0-be191b723118
6906_i,dec7f87f-72bd-4201-b16d-9d5d66bd7a44
6933_i,0657a843-5371-42f7-aa95-58d85560dba9
6941_i,f9513d52-fcc7-4963-948a-7ac9b782df37
6942_i,cdef2c76-a551-4140-9f76-b691bd8fc4af
6948_i,8a7358ef-de91-4d27-a3da-ab2092fc6c7b
6979_i,a9afc458-9edc-4dd0-bc55-3f08b4da94cd
6981_i,d4e148bf-5d92-4a5e-9ed6-36e2ead4350b
6988_i,1d28e7cc-0636-4bbe-a6c3-dd20defeaaa3
6991_i,4d29b502-51db-46cc-ac85-4608e0e49cdd
7017_i,adfda4c9-2e89-43ee-9ce7-6737bb24e6f4
7023_i,87f77d32-df50-4089-8e9d-1d748913b6d3
7027_i,f7fe848c-4176-4e14-863f-29493818710b
7035_i,616a8dbf-6a3a-4c70-b151-70aaf5dfd69d
7059_i,5368f922-f0e1-4a1a-8df5-1156e305d099
7073_i,687b85a1-921c-4ce5-9601-ca958d7bee76
7080_i,9f66bd24-4092-4248-9725-d852c6191316
7137_i,b983a4dc-fc86-4ce6-8ab6-5762f87f86ec
7141_i,2c4d3bd7-e061-4248-aeff-cb92c0ebd293
7152_i,da84500b-89d7-460d-a2c4-e2ffb78678a0
7157_i,67207f44-3332-4815-bc38-d6964acf4267
7165_i,80570615-31d5-42f8-8aa6-0dae995c4c38
7175_i,2842145f-de4a-4ea3-8a4b-07d0262c03e6
7185_i,f808a540-5642-4212-a1e5-04675558792c
7188_i,cfa84cba-676c-4fc1-b86c-dcbcf84bf366
7193_i,8495b3de-1935-4c46-a23c-3a3fa69bfb41
7254_i,b75e623a-5714-4b1b-ace3-252af05c7d51
7261_i,9372dc9c-f5b3-4c87-9622-a4ad3794fdcb
7273_i,4a766a67-c10b-478f-8e38-876880a02dad
7319_i,6865cc73-a54b-41e4-9b29-f92ccf7b2184
7338_i,a88a3cb4-39e0-4dcf-8151-41c4beecde77
7377_i,2ea4c2d7-4f6d-40e3-a200-b944301d9b61
7381_i,a4df92d3-d666-4dc9-b3c0-930136cb2149
7402_i,c26d8221-0346-441a-85c1-c665bebeb53c
7412_i,06317b8c-9586-42ba-9a5f-d1f16ac81cc3
7441_i,88c248fa-312a-4084-b8aa-96c71316dac9
7460_i,d5334422-fa1c-433c-8605-d9611c1b8569
7473_i,d11b6bc9-0eaa-47a1-a66a-08c4783d29dc
7502_i,19a5374b-9145-4cf6-b4ad-2e9ec5f81d85
7515_i,8ba556a0-4afa-4a2c-9d5f-0e0b08549d4e
7516_i,69fc68a9-03e5-4726-9f0b-9179eb969347
7563_i,847d355b-157d-4724-b38b-685bc824e99e
7572_i,92fc5f33-745f-490f-8d62-f0d8fb21d495
7593_i,18808ba7-d646-4b71-8709-9cfed66981be
7599_i,3a1e8576-fff2-4043-8171-da79a143e0de
7612_i,5de96519-7d99-4d5d-bcad-ac258bc4dfcc
7630_i,39847621-e283-42fc-b1c8-9421ab9b1c8a
7724_i,197a95bd-d233-4b7a-ad03-6f044d20bc87
7731_i,a3a7a881-f1e4-4d4b-a724-c4f66a316171
7768_i,86d4a04c-dbab-43a9-9d12-eb2ce98c7bdf
7769_i,40f45a02-1992-4e84-9050-78d88e542093
7783_i,d2422817-7784-47f4-9cc8-4b3662850224
7944_0,2c4d3bd7-e061-4248-aeff-cb92c0ebd293
7948_0,cc00ff15-2474-4b4d-8190-49010023ecc6
8449_0,e69b6c01-93f4-4ced-b1ee-fbce6e9930e7
7960_0,f53ed0ae-930d-489c-b18b-a57147bbe631
8097_0,28e68d42-9951-47bf-9541-a5c61cbab1c9
8027_0,b3bced22-31fa-4668-87b9-e27613d4c10b
11178_0,ff7e7911-c05a-4efa-8a5e-2d2561fd74a3
8129_0,236744c6-990f-49a5-a29d-a2c0aa1d28db
7838_i,c52a70f0-9b99-4f2b-a319-2192c32c731f
8395_0,eb0ac0d9-30f8-436f-8cd7-1b8d568b6735
7853_i,ce1c663c-6296-4075-9e63-5138976320e0
8236_0,6b8c2885-ebf0-49ec-aaa8-7c30b4721dde
8295_0,0a29474f-df0f-4dd1-97b5-952202c58663
7898_i,ae8a48c7-ff3e-48ec-a50f-3d08e75e452c
8407_0,ab11fb94-6184-45cd-966a-1b5e09dbdf5e
7834_0,e3838bfc-82bf-4720-a2dd-c1c51ba71ee4
8657_0,b87cf9ee-cfb1-4831-a4c6-88f0d496a2b8
7915_i,236744c6-990f-49a5-a29d-a2c0aa1d28db
7961_0,cc85872c-05c4-452f-b40b-45e5127af0dc
7652_0,d1f6ea84-e2ce-4ebb-81d1-1aad1f3c9d81
8303_0,4a766a67-c10b-478f-8e38-876880a02dad
7889_0,95313d98-ba49-4bdf-ba18-7cea10109454
9182_0,c5a13734-9e80-43a4-96a1-e13cb88e30ef
13056_0,fd72ed0e-9e34-4ca8-964a-94b9824a2181
7104_0,4c4bd7c1-326b-4873-8626-1b21a60fd67a
8174_0,58bf9b88-1078-47f9-9fd2-6c0239bc402f
7857_0,a3ec7273-b8f5-46f9-afbf-35dd836eb7a5
8065_0,327f4581-6587-4b21-94e4-13087013c263
7971_0,99e2a59c-55f1-4c2a-bd38-3d5350fd2bc7
8148_0,003b97d0-6241-4f52-92f3-734ee5ae8fdc
8229_0,794aa0fe-848a-48f3-86f8-e2724570970f
9644_0,1465505e-015e-405a-8ad5-4c9fd89dd4c3
8244_0,002b7f20-448d-478c-ad4c-5fdf24cde196
8012_i,148bfec7-a626-42ab-be57-50900b8d1376
7967_0,b4ffaf9f-e982-4d6a-9caa-e671d6369171
8151_0,dfc78eff-c53c-4369-9b8e-aebbf35ed7b1
8251_0,ba1f2b0d-a0fb-4e61-bbb9-06709bb7fd7e
8069_0,e3b3dae7-bcfa-402b-99f1-654db8841e19
8056_i,d6093ca1-6b42-4704-8d1d-b88180000732
7103_0,01dffd15-8b78-48e5-9ff1-eae6769d8d8a
8948_0,d664751e-fcd1-41ef-9c7a-773336d1877f
8073_i,cb8d54b1-8d05-4c78-a18a-262f8e619dea
8173_0,779bb34b-e93d-4e09-baa9-92f19574e736
8436_0,991249c6-f9f8-42cd-9db3-60e197552515
8089_i,fdc8bd28-7c9a-4c3b-aafe-a263fa26347b
8101_i,0dbf1ec2-cdc2-4c76-9667-18f15e5d1bf8
8385_0,3228382b-b350-42c4-9252-039d9a5141e6
8703_0,6c536253-2d67-494d-b192-66eae6fae6e6
8255_0,1d6fa603-c40e-4d59-b03a-7a72acf45b95
8130_i,bf0148f8-c938-4249-b5fa-222f4901ac90
8135_i,c1e5728e-f946-436f-b34d-65c1623825ed
8172_0,f382cab9-f604-48e0-94a2-241ff24e60c3
8159_0,dc4e5d23-2748-4530-b70e-69bb02d0509b
8169_i,f2bbea3f-8c01-4165-a532-0685409985d9
8192_i,af02b4b1-674b-44ad-a2ed-e422e7701d49
8337_0,42c6ee89-e248-43f7-bed2-d48221358977
8211_i,b3757be5-a9e7-43f3-a848-30682ccd46e6
8897_0,9eef1eaf-0311-4231-9c4c-fab57310fecc
8422_0,4aa742d5-10df-459f-af27-eb4d436b0b7c
8322_0,580d4dc0-89e2-4563-9e40-2d7176619026
8205_0,2f54591b-d573-4731-8fee-1c7ab1eea764
11134_0,d715319e-4241-4922-bac5-a6ad35a2e3aa
8553_0,af8bee58-d9ca-44a6-a12a-84e7c9dde6f9
8356_0,1842f16e-35d7-4b5c-922e-baabecf8646c
8832_0,9a7f9eec-6a30-45d4-99d0-aac85372a1a7
8185_0,698d10c4-05b4-4ed8-81fa-0b74208ca571
9724_0,9ea3017b-ff30-4c93-9f8e-f2fa167021ef
7755_0,27f0d11a-0aa1-4379-923d-9fc4afb0456b
8667_0,e6ae6c77-0011-44ea-8812-9b0b5c23a53f
8658_0,bf6b89e0-25ec-4bdb-8a78-76af3d112c11
8247_0,1609910f-e9d0-439b-a8ac-ba9e6b50fafa
9103_0,d87e7996-bce5-4162-a5b6-63ded33a4366
8710_0,b74d33dc-226a-497e-b9ed-ee89b56ef632
8317_0,e4f9256a-5962-4995-89f0-be191b723118
8789_0,dec7f87f-72bd-4201-b16d-9d5d66bd7a44
9207_0,6f4d96a5-a7ab-4546-82ab-c71bb3c6cf89
9081_0,0c1125be-ab33-4688-aaeb-604d304a3033
9385_0,2ae3fe92-4045-473d-a552-c17683c72858
9085_0,d6ef3a74-c10e-4e04-a51a-f763b0f57fa5
8740_0,9de1562c-8dce-42c2-98a5-c4ba8783c406
7787_0,d4e148bf-5d92-4a5e-9ed6-36e2ead4350b
8224_0,1d28e7cc-0636-4bbe-a6c3-dd20defeaaa3
8245_0,4d29b502-51db-46cc-ac85-4608e0e49cdd
10401_0,cdc79b39-362b-40a6-a91b-2d5963ade777
9197_0,06070859-ae32-46e2-88c4-290678f01834
8804_0,f7fe848c-4176-4e14-863f-29493818710b
8270_0,616a8dbf-6a3a-4c70-b151-70aaf5dfd69d
8313_0,5368f922-f0e1-4a1a-8df5-1156e305d099
8297_0,687b85a1-921c-4ce5-9601-ca958d7bee76
8243_0,9f66bd24-4092-4248-9725-d852c6191316
8558_0,0c22aad2-9bad-4403-b341-cf0d8060763d
7152_0,da84500b-89d7-460d-a2c4-e2ffb78678a0
8645_0,a6f83f79-ffc3-4a21-a328-b7ee664e930f
8643_0,4a56f177-2881-46e9-a8ab-8ed7febc2dea
8096_0,f808a540-5642-4212-a1e5-04675558792c
8370_0,cfa84cba-676c-4fc1-b86c-dcbcf84bf366
8711_0,8495b3de-1935-4c46-a23c-3a3fa69bfb41
8933_0,bbc751bd-0555-4f2d-ba41-ccc12ed1e774
8745_0,fe1ee96f-d8bb-4300-868f-9c4d8322cc19
8314_0,4a766a67-c10b-478f-8e38-876880a02dad
8221_0,6865cc73-a54b-41e4-9b29-f92ccf7b2184
8294_i,3032aa38-5ea8-43ae-afd9-5d32603f9845
8304_i,236744c6-990f-49a5-a29d-a2c0aa1d28db
8339_0,940e1c82-ad12-455c-a721-e58c32fbd491
8346_i,084ce14f-3615-4c3a-8f58-2cad75c6a7d9
8368_i,b3d4a89a-73b8-43d0-98ce-bd8877fa7758
8390_i,dff8782e-4249-4749-9a44-91ab1d82b4b8
9422_0,2ea4c2d7-4f6d-40e3-a200-b944301d9b61
8400_i,e9156af3-abe5-4b6e-928c-b1ccdeeafbae
8516_0,a4df92d3-d666-4dc9-b3c0-930136cb2149
8426_i,5b5ecf98-3e70-4bd2-ac59-c5942e8d4da1
8622_0,c26d8221-0346-441a-85c1-c665bebeb53c
8445_i,a1ec2f6c-fd16-490f-b00e-a49e7935f803
9405_0,06317b8c-9586-42ba-9a5f-d1f16ac81cc3
9098_0,fc54d74c-c1c5-48e7-9166-b7485a0329d3
8478_i,98915ab6-3d2e-4adb-8fec-b908c96ce502
8486_0,d11b6bc9-0eaa-47a1-a66a-08c4783d29dc
8504_i,6c4f7a2c-e3e0-457c-ae8a-9bde1146fb46
8664_0,a3cf3707-3a8f-4b6e-9574-30a56b6ce7eb
8321_0,8ba556a0-4afa-4a2c-9d5f-0e0b08549d4e
8525_0,b2280da6-223b-47af-8295-38637733da5e
8500_0,847d355b-157d-4724-b38b-685bc824e99e
8579_i,b33a8ec8-a3ed-4b94-bca3-b4ad98dff933
8587_0,18808ba7-d646-4b71-8709-9cfed66981be
8410_0,80e2a841-8645-452d-8f60-67d132e41e59
8594_i,4475dff8-2f31-4b1d-b02f-6b06f1b19a42
13091_0,5de96519-7d99-4d5d-bcad-ac258bc4dfcc
8927_0,67e56e15-cd5b-4bd9-92da-d33f8e356979
10032_0,197a95bd-d233-4b7a-ad03-6f044d20bc87
8698_0,a3a7a881-f1e4-4d4b-a724-c4f66a316171
10752_0,83013abf-5e52-4207-8ae6-81fd7cebbfb2
8967_0,40f45a02-1992-4e84-9050-78d88e542093
8610_0,d2422817-7784-47f4-9cc8-4b3662850224
9400_0,b1c1b405-20d3-4f35-bab3-487a142ac91e
8709_0,85f70e03-ba75-4102-bfb1-1f9c1d13508a
9930_0,ce801d85-4b00-4625-9c6a-52f1e92d946a
8097_1,28e68d42-9951-47bf-9541-a5c61cbab1c9
10405_0,b3bced22-31fa-4668-87b9-e27613d4c10b
11178_1,ff7e7911-c05a-4efa-8a5e-2d2561fd74a3
8129_1,236744c6-990f-49a5-a29d-a2c0aa1d28db
11440_0,c52a70f0-9b99-4f2b-a319-2192c32c731f
8395_1,eb0ac0d9-30f8-436f-8cd7-1b8d568b6735
9787_0,ce4a432f-def7-4c5c-a2c3-9dfac47b17d7
8431_0,6b8c2885-ebf0-49ec-aaa8-7c30b4721dde
8694_0,0a29474f-df0f-4dd1-97b5-952202c58663
8818_0,ae8a48c7-ff3e-48ec-a50f-3d08e75e452c
8604_0,ab11fb94-6184-45cd-966a-1b5e09dbdf5e
8323_0,e3838bfc-82bf-4720-a2dd-c1c51ba71ee4
8657_1,b87cf9ee-cfb1-4831-a4c6-88f0d496a2b8
8766_0,236744c6-990f-49a5-a29d-a2c0aa1d28db
7961_1,cc85872c-05c4-452f-b40b-45e5127af0dc
8765_0,d1f6ea84-e2ce-4ebb-81d1-1aad1f3c9d81
8406_0,4a766a67-c10b-478f-8e38-876880a02dad
8498_0,95313d98-ba49-4bdf-ba18-7cea10109454
9182_1,c5a13734-9e80-43a4-96a1-e13cb88e30ef
13056_1,fd72ed0e-9e34-4ca8-964a-94b9824a2181
8428_0,4c4bd7c1-326b-4873-8626-1b21a60fd67a
8416_0,58bf9b88-1078-47f9-9fd2-6c0239bc402f
10005_0,69f69456-4e89-43ab-8b9b-3b5c0331a4e7
8663_0,327f4581-6587-4b21-94e4-13087013c263
8397_0,003b97d0-6241-4f52-92f3-734ee5ae8fdc
8741_0,794aa0fe-848a-48f3-86f8-e2724570970f
9644_1,1465505e-015e-405a-8ad5-4c9fd89dd4c3
8905_0,002b7f20-448d-478c-ad4c-5fdf24cde196
8631_0,148bfec7-a626-42ab-be57-50900b8d1376
8618_0,b4ffaf9f-e982-4d6a-9caa-e671d6369171
8599_0,dfc78eff-c53c-4369-9b8e-aebbf35ed7b1
8879_0,ba1f2b0d-a0fb-4e61-bbb9-06709bb7fd7e
8613_0,e3b3dae7-bcfa-402b-99f1-654db8841e19
8345_0,d6093ca1-6b42-4704-8d1d-b88180000732
8351_0,01dffd15-8b78-48e5-9ff1-eae6769d8d8a
8948_1,d664751e-fcd1-41ef-9c7a-773336d1877f
8394_0,779bb34b-e93d-4e09-baa9-92f19574e736
8436_1,991249c6-f9f8-42cd-9db3-60e197552515
8647_0,fdc8bd28-7c9a-4c3b-aafe-a263fa26347b
8870_0,3228382b-b350-42c4-9252-039d9a5141e6
8703_1,6c536253-2d67-494d-b192-66eae6fae6e6
8534_0,1d6fa603-c40e-4d59-b03a-7a72acf45b95
10029_0,200dadb2-918c-44d4-ba93-5cfa0d1f28be
9747_0,c1e5728e-f946-436f-b34d-65c1623825ed
8609_0,f382cab9-f604-48e0-94a2-241ff24e60c3
9748_0,dc4e5d23-2748-4530-b70e-69bb02d0509b
8584_0,f2bbea3f-8c01-4165-a532-0685409985d9
9026_0,af02b4b1-674b-44ad-a2ed-e422e7701d49
8337_1,42c6ee89-e248-43f7-bed2-d48221358977
9127_0,789939e7-ee63-4794-badb-f34ee57873a4
8897_1,9eef1eaf-0311-4231-9c4c-fab57310fecc
8422_1,4aa742d5-10df-459f-af27-eb4d436b0b7c
8719_0,580d4dc0-89e2-4563-9e40-2d7176619026
11134_1,d715319e-4241-4922-bac5-a6ad35a2e3aa
8585_0,af8bee58-d9ca-44a6-a12a-84e7c9dde6f9
8697_0,1842f16e-35d7-4b5c-922e-baabecf8646c
8832_1,9a7f9eec-6a30-45d4-99d0-aac85372a1a7
8185_1,698d10c4-05b4-4ed8-81fa-0b74208ca571
9724_1,9ea3017b-ff30-4c93-9f8e-f2fa167021ef
7755_1,27f0d11a-0aa1-4379-923d-9fc4afb0456b
8667_1,e6ae6c77-0011-44ea-8812-9b0b5c23a53f
8658_1,bf6b89e0-25ec-4bdb-8a78-76af3d112c11
8718_0,1609910f-e9d0-439b-a8ac-ba9e6b50fafa
9103_1,d87e7996-bce5-4162-a5b6-63ded33a4366
8710_1,b74d33dc-226a-497e-b9ed-ee89b56ef632
8620_0,e4f9256a-5962-4995-89f0-be191b723118
8789_1,dec7f87f-72bd-4201-b16d-9d5d66bd7a44
9207_1,6f4d96a5-a7ab-4546-82ab-c71bb3c6cf89
9081_1,0c1125be-ab33-4688-aaeb-604d304a3033
9385_1,2ae3fe92-4045-473d-a552-c17683c72858
9085_1,d6ef3a74-c10e-4e04-a51a-f763b0f57fa5
8740_1,9de1562c-8dce-42c2-98a5-c4ba8783c406
7787_1,d4e148bf-5d92-4a5e-9ed6-36e2ead4350b
8224_1,1d28e7cc-0636-4bbe-a6c3-dd20defeaaa3
8245_1,4d29b502-51db-46cc-ac85-4608e0e49cdd
10401_1,cdc79b39-362b-40a6-a91b-2d5963ade777
9197_1,06070859-ae32-46e2-88c4-290678f01834
8804_1,f7fe848c-4176-4e14-863f-29493818710b
9136_0,616a8dbf-6a3a-4c70-b151-70aaf5dfd69d
8297_1,687b85a1-921c-4ce5-9601-ca958d7bee76
9245_0,9f66bd24-4092-4248-9725-d852c6191316
8654_0,0c22aad2-9bad-4403-b341-cf0d8060763d
7152_1,da84500b-89d7-460d-a2c4-e2ffb78678a0
8645_1,a6f83f79-ffc3-4a21-a328-b7ee664e930f
8643_1,4a56f177-2881-46e9-a8ab-8ed7febc2dea
8738_0,f808a540-5642-4212-a1e5-04675558792c
8869_0,cfa84cba-676c-4fc1-b86c-dcbcf84bf366
8711_1,8495b3de-1935-4c46-a23c-3a3fa69bfb41
8933_1,bbc751bd-0555-4f2d-ba41-ccc12ed1e774
8616_i,0868f6e7-70bc-47af-b242-a3e01d699e7e
8745_1,fe1ee96f-d8bb-4300-868f-9c4d8322cc19
8783_0,4a766a67-c10b-478f-8e38-876880a02dad
8668_i,a23d1239-bbfd-4602-a221-16a8859083ce
8693_i,a5196105-af58-4d90-817a-35c48491c5a3
8704_i,0ebf5df4-81bd-47a5-8caf-31d2648aee85
8714_i,20a7147d-5144-4f9c-9f2c-48c596d642d0
8857_0,6865cc73-a54b-41e4-9b29-f92ccf7b2184
8625_0,3032aa38-5ea8-43ae-afd9-5d32603f9845
8659_0,5df88e04-be40-4878-bb03-d38f0c6f6c05
8560_0,940e1c82-ad12-455c-a721-e58c32fbd491
8946_0,084ce14f-3615-4c3a-8f58-2cad75c6a7d9
9008_0,b3d4a89a-73b8-43d0-98ce-bd8877fa7758
9086_0,dff8782e-4249-4749-9a44-91ab1d82b4b8
9422_1,2ea4c2d7-4f6d-40e3-a200-b944301d9b61
8686_0,e9156af3-abe5-4b6e-928c-b1ccdeeafbae
10146_0,a4df92d3-d666-4dc9-b3c0-930136cb2149
9659_0,5b5ecf98-3e70-4bd2-ac59-c5942e8d4da1
8622_1,c26d8221-0346-441a-85c1-c665bebeb53c
8445_0,a1ec2f6c-fd16-490f-b00e-a49e7935f803
8823_i,c5d32869-e814-44fc-bbca-5c33b5eaae67
9405_1,06317b8c-9586-42ba-9a5f-d1f16ac81cc3
9098_1,fc54d74c-c1c5-48e7-9166-b7485a0329d3
8793_0,fd41f7f9-4408-40fc-9d5f-c3d410bd1237
10341_0,31c8adbe-a602-4a07-9f77-8c58f2af4151
8504_0,6c4f7a2c-e3e0-457c-ae8a-9bde1146fb46
8872_i,48255b44-9814-495e-b6f2-7a288a388136
8664_1,a3cf3707-3a8f-4b6e-9574-30a56b6ce7eb
8995_0,8ba556a0-4afa-4a2c-9d5f-0e0b08549d4e
8894_0,b2280da6-223b-47af-8295-38637733da5e
8901_i,95dbebff-04b6-4a92-841a-b782ffa4a7ea
8912_i,3e2f0832-a7f1-4d1d-b283-daae55dfb549
8886_0,847d355b-157d-4724-b38b-685bc824e99e
8986_0,b33a8ec8-a3ed-4b94-bca3-b4ad98dff933
8934_0,18808ba7-d646-4b71-8709-9cfed66981be
10324_0,d9ab72e7-bc2a-459b-8214-714a0035d3cc
9100_0,4475dff8-2f31-4b1d-b02f-6b06f1b19a42
13091_1,5de96519-7d99-4d5d-bcad-ac258bc4dfcc
8977_0,67e56e15-cd5b-4bd9-92da-d33f8e356979
9001_i,65947c1f-e47d-4dc1-b756-fe9b7044c0e3
10032_1,197a95bd-d233-4b7a-ad03-6f044d20bc87
11796_0,a3a7a881-f1e4-4d4b-a724-c4f66a316171
10752_1,83013abf-5e52-4207-8ae6-81fd7cebbfb2
9122_0,40f45a02-1992-4e84-9050-78d88e542093
9587_0,c7dc4b83-39f3-4cc3-b86f-fac5c76de8eb
9072_i,c95dcb28-e9d1-4be4-a4f9-f693fdfb0397
9400_1,b1c1b405-20d3-4f35-bab3-487a142ac91e
9147_0,be5a527d-1afb-4017-b172-3ccf2a562a62
9930_1,ce801d85-4b00-4625-9c6a-52f1e92d946a
9997_0,525ce5ab-0954-4dd6-b6b5-024b8081dc5c
10405_1,b3bced22-31fa-4668-87b9-e27613d4c10b
11178_2,ff7e7911-c05a-4efa-8a5e-2d2561fd74a3
8801_0,bb868d05-9bef-4400-9470-17321ac27df9
11440_1,c52a70f0-9b99-4f2b-a319-2192c32c731f
8395_2,eb0ac0d9-30f8-436f-8cd7-1b8d568b6735
9787_1,ce4a432f-def7-4c5c-a2c3-9dfac47b17d7
9151_0,14197e7b-b83e-4962-9a88-5972ea2a5754
9281_0,ae8a48c7-ff3e-48ec-a50f-3d08e75e452c
9192_0,ab11fb94-6184-45cd-966a-1b5e09dbdf5e
9292_0,d75a89bf-44f2-4d02-bed8-e9d99ddad9b1
10041_0,b87cf9ee-cfb1-4831-a4c6-88f0d496a2b8
9387_0,236744c6-990f-49a5-a29d-a2c0aa1d28db
8932_0,cc85872c-05c4-452f-b40b-45e5127af0dc
9562_0,d1f6ea84-e2ce-4ebb-81d1-1aad1f3c9d81
9445_0,4a766a67-c10b-478f-8e38-876880a02dad
9188_i,e7d69de1-60cc-4085-b2d2-5522a25aaa8b
9269_0,95313d98-ba49-4bdf-ba18-7cea10109454
9182_2,c5a13734-9e80-43a4-96a1-e13cb88e30ef
13056_2,fd72ed0e-9e34-4ca8-964a-94b9824a2181
9175_0,4c4bd7c1-326b-4873-8626-1b21a60fd67a
9196_i,c5d32869-e814-44fc-bbca-5c33b5eaae67
9443_0,98fad604-85fd-408e-893c-73ec6735a5eb
10005_1,69f69456-4e89-43ab-8b9b-3b5c0331a4e7
8939_0,327f4581-6587-4b21-94e4-13087013c263
9357_0,003b97d0-6241-4f52-92f3-734ee5ae8fdc
9586_0,794aa0fe-848a-48f3-86f8-e2724570970f
9644_2,1465505e-015e-405a-8ad5-4c9fd89dd4c3
9240_i,567069f3-c7ba-4a36-a96d-6aff189a47b8
9756_0,002b7f20-448d-478c-ad4c-5fdf24cde196
10281_0,148bfec7-a626-42ab-be57-50900b8d1376
9259_i,7c34640f-4fdf-4cec-91d0-e9bbe22601fc
9208_0,b4ffaf9f-e982-4d6a-9caa-e671d6369171
9234_0,dfc78eff-c53c-4369-9b8e-aebbf35ed7b1
9307_0,b4148f42-6140-4758-acef-98daaf58521c
8613_1,e3b3dae7-bcfa-402b-99f1-654db8841e19
8951_0,d6093ca1-6b42-4704-8d1d-b88180000732
9291_i,40915352-9eff-47ff-8f72-1e478fc21e8c
9392_0,01dffd15-8b78-48e5-9ff1-eae6769d8d8a
9594_0,d664751e-fcd1-41ef-9c7a-773336d1877f
9295_i,58ab085e-07a0-4d11-beef-3727c7e2e01d
9437_0,779bb34b-e93d-4e09-baa9-92f19574e736
8619_0,991249c6-f9f8-42cd-9db3-60e197552515
9726_0,fdc8bd28-7c9a-4c3b-aafe-a263fa26347b
10058_0,3228382b-b350-42c4-9252-039d9a5141e6
10364_0,6c536253-2d67-494d-b192-66eae6fae6e6
9498_0,1d6fa603-c40e-4d59-b03a-7a72acf45b95
10029_1,200dadb2-918c-44d4-ba93-5cfa0d1f28be
9747_1,c1e5728e-f946-436f-b34d-65c1623825ed
9310_0,f382cab9-f604-48e0-94a2-241ff24e60c3
9748_1,dc4e5d23-2748-4530-b70e-69bb02d0509b
9354_0,643c1fa5-b8ea-41f5-b04b-25a13b28f69f
9026_1,af02b4b1-674b-44ad-a2ed-e422e7701d49
9375_0,42c6ee89-e248-43f7-bed2-d48221358977
9508_0,789939e7-ee63-4794-badb-f34ee57873a4
10819_0,9eef1eaf-0311-4231-9c4c-fab57310fecc
9477_0,b8c2f36b-711e-4cb4-b487-3260629e2772
9324_0,580d4dc0-89e2-4563-9e40-2d7176619026
9397_i,f740a278-61ca-4f52-99c1-3189f6759139
11134_2,d715319e-4241-4922-bac5-a6ad35a2e3aa
9401_i,736bb74b-37f3-49dd-b544-dfc628899ce2
9790_0,1842f16e-35d7-4b5c-922e-baabecf8646c
10431_0,9a7f9eec-6a30-45d4-99d0-aac85372a1a7
8712_0,698d10c4-05b4-4ed8-81fa-0b74208ca571
9724_2,9ea3017b-ff30-4c93-9f8e-f2fa167021ef
9420_i,5ef31496-4a1f-45b0-9c20-768a8ca49e1a
9300_0,27f0d11a-0aa1-4379-923d-9fc4afb0456b
8667_2,e6ae6c77-0011-44ea-8812-9b0b5c23a53f
8658_2,bf6b89e0-25ec-4bdb-8a78-76af3d112c11
9469_0,1609910f-e9d0-439b-a8ac-ba9e6b50fafa
9103_2,d87e7996-bce5-4162-a5b6-63ded33a4366
9453_i,45036805-498c-4ed1-aec0-2cc60fccf77e
9474_0,e4f9256a-5962-4995-89f0-be191b723118
9633_0,dec7f87f-72bd-4201-b16d-9d5d66bd7a44
9491_i,c9c98385-2f87-4916-98cf-da83333980fe
9501_i,45280f01-4aca-4922-ac50-65a62a35f5c7
9504_i,411f6166-d365-4fd9-9ad9-96e8191b619c
9207_2,6f4d96a5-a7ab-4546-82ab-c71bb3c6cf89
9555_0,0c1125be-ab33-4688-aaeb-604d304a3033
9722_0,2ae3fe92-4045-473d-a552-c17683c72858
10379_0,189bfb9a-d80a-4cf6-9e8b-0776654ca254
8916_0,9de1562c-8dce-42c2-98a5-c4ba8783c406
9861_0,e8b5deaf-65c2-440c-b435-b16993f41ed2
9044_0,1d28e7cc-0636-4bbe-a6c3-dd20defeaaa3
9926_0,ac8e699e-16d8-4038-a7b4-6d19d70195bc
10401_2,cdc79b39-362b-40a6-a91b-2d5963ade777
11280_0,87f77d32-df50-4089-8e9d-1d748913b6d3
9990_0,cde66c25-ccf0-4f94-9576-028542bba8d0
9205_0,12ee594d-b2f9-496e-8b5d-09064db0aee8
9574_i,3f636cb3-4ba8-4604-ba58-2b4c909c1ef4
9847_0,687b85a1-921c-4ce5-9601-ca958d7bee76
9588_0,9f66bd24-4092-4248-9725-d852c6191316
9678_0,0308ad02-d0d5-4061-97b8-05a0be0cce09
9624_i,9e3e901b-01b3-4f0b-a186-47497b226c87
9627_i,20f6a892-be68-4b9b-8e77-7ebbec5833c9
10226_0,2f1d208c-358a-423a-b149-05cbc3de003a
9634_i,6378f7e2-8734-4b1e-b41a-ebd1fdd19efa
9638_i,01dffd15-8b78-48e5-9ff1-eae6769d8d8a
9758_0,2842145f-de4a-4ea3-8a4b-07d0262c03e6
11060_0,575a58f4-318c-4d8a-91ee-a9b63d3efb7a
9665_0,cfa84cba-676c-4fc1-b86c-dcbcf84bf366
9658_i,c1bcfb50-5bcd-482f-89be-21e9471e85ce
9683_0,56d0896e-f1e1-45f8-9b01-65664f27ddb1
9676_i,e8305fa9-ec36-4d1b-a287-1061787bb56a
9642_0,9c18ae2c-e157-437c-9bb3-0dc90cd92fd0
10065_0,0868f6e7-70bc-47af-b242-a3e01d699e7e
10142_0,986ec275-3d9e-4724-88c4-41fb6ab651d6
9436_0,a23d1239-bbfd-4602-a221-16a8859083ce
10420_0,0ebf5df4-81bd-47a5-8caf-31d2648aee85
10167_0,20a7147d-5144-4f9c-9f2c-48c596d642d0
9965_0,6865cc73-a54b-41e4-9b29-f92ccf7b2184
8560_1,940e1c82-ad12-455c-a721-e58c32fbd491
9962_0,9a7f9eec-6a30-45d4-99d0-aac85372a1a7
13229_0,b3d4a89a-73b8-43d0-98ce-bd8877fa7758
9941_0,dff8782e-4249-4749-9a44-91ab1d82b4b8
9721_0,e9156af3-abe5-4b6e-928c-b1ccdeeafbae
10146_1,a4df92d3-d666-4dc9-b3c0-930136cb2149
9659_1,5b5ecf98-3e70-4bd2-ac59-c5942e8d4da1
9984_0,8856a1e9-5ee1-4a53-83b2-619ccf6c52f6
9551_0,a1ec2f6c-fd16-490f-b00e-a49e7935f803
9784_0,d6ef3a74-c10e-4e04-a51a-f763b0f57fa5
9781_i,a6a771de-f31b-41ca-9343-0a7fae24bb55
9405_2,06317b8c-9586-42ba-9a5f-d1f16ac81cc3
9581_0,fc54d74c-c1c5-48e7-9166-b7485a0329d3
9983_0,fd41f7f9-4408-40fc-9d5f-c3d410bd1237
10341_1,31c8adbe-a602-4a07-9f77-8c58f2af4151
8504_1,6c4f7a2c-e3e0-457c-ae8a-9bde1146fb46
9833_0,a407cdb4-c725-41ce-bc3a-3ab814e26184
9823_0,bffd0d23-d5b3-4928-9ba4-25c196f1191f
10988_0,8ba556a0-4afa-4a2c-9d5f-0e0b08549d4e
9849_0,9f1ff746-b117-4471-98cb-9f4de6338190
9771_0,3e2f0832-a7f1-4d1d-b283-daae55dfb549
9870_i,73cd24cd-2bab-46b7-9402-53ef61c330d8
9460_0,847d355b-157d-4724-b38b-685bc824e99e
9732_0,b33a8ec8-a3ed-4b94-bca3-b4ad98dff933
10224_0,18808ba7-d646-4b71-8709-9cfed66981be
10324_1,d9ab72e7-bc2a-459b-8214-714a0035d3cc
13091_2,5de96519-7d99-4d5d-bcad-ac258bc4dfcc
9968_0,67e56e15-cd5b-4bd9-92da-d33f8e356979
9942_i,00572dc9-d04e-4a12-b15c-73f5423c733b
9960_i,ba62fba0-e51d-4c10-8887-f2aeaf34e74d
9961_i,2789a5da-c52c-4c77-8693-71052e779f86
10692_0,65947c1f-e47d-4dc1-b756-fe9b7044c0e3
9998_i,eef70641-fb9c-40b1-9b21-36c74f164962
10032_2,197a95bd-d233-4b7a-ad03-6f044d20bc87
11796_1,a3a7a881-f1e4-4d4b-a724-c4f66a316171
10752_2,83013abf-5e52-4207-8ae6-81fd7cebbfb2
10134_0,40f45a02-1992-4e84-9050-78d88e542093
9657_0,d2422817-7784-47f4-9cc8-4b3662850224
9953_0,c95dcb28-e9d1-4be4-a4f9-f693fdfb0397
10051_i,1d3c5a05-b955-419e-8222-be69cee6292d
9853_0,b1c1b405-20d3-4f35-bab3-487a142ac91e
10265_0,d947b6a9-007d-4422-bf37-8692bef5e385
9930_2,ce801d85-4b00-4625-9c6a-52f1e92d946a
10024_0,525ce5ab-0954-4dd6-b6b5-024b8081dc5c
10405_2,b3bced22-31fa-4668-87b9-e27613d4c10b
10068_i,24030cb4-b73e-4f8a-861f-a9641e1ed883
11178_3,ff7e7911-c05a-4efa-8a5e-2d2561fd74a3
9769_0,bb868d05-9bef-4400-9470-17321ac27df9
11440_2,c52a70f0-9b99-4f2b-a319-2192c32c731f
10204_0,bdf926b0-294f-4b6d-9579-585adb3f3024
10037_0,515ba888-f2e1-45c6-a691-0cfbc686389c
10360_0,14197e7b-b83e-4962-9a88-5972ea2a5754
10091_i,cc8a69af-70b8-45eb-af8f-26f09d021dd1
10106_0,ae8a48c7-ff3e-48ec-a50f-3d08e75e452c
10107_i,ac0eea24-d6ed-4a7d-9c3c-a2d66688087a
10203_0,ab11fb94-6184-45cd-966a-1b5e09dbdf5e
10145_0,72f1df63-14ca-4f98-b432-d01b8340070b
10041_1,b87cf9ee-cfb1-4831-a4c6-88f0d496a2b8
10073_0,236744c6-990f-49a5-a29d-a2c0aa1d28db
12098_0,cc85872c-05c4-452f-b40b-45e5127af0dc
10125_0,4a766a67-c10b-478f-8e38-876880a02dad
10218_0,e7d69de1-60cc-4085-b2d2-5522a25aaa8b
10550_0,c5a13734-9e80-43a4-96a1-e13cb88e30ef
13056_3,fd72ed0e-9e34-4ca8-964a-94b9824a2181
10113_0,4c4bd7c1-326b-4873-8626-1b21a60fd67a
10318_0,c71e7dda-6129-4c85-accd-a08c4e2c89aa
12697_0,b33ff8e4-bfe8-4c0c-9977-8f6134b7883d
10005_2,69f69456-4e89-43ab-8b9b-3b5c0331a4e7
9954_0,327f4581-6587-4b21-94e4-13087013c263
10332_0,003b97d0-6241-4f52-92f3-734ee5ae8fdc
10630_0,794aa0fe-848a-48f3-86f8-e2724570970f
12130_0,dc14a1f6-03ac-4e1d-8950-f3f0eabc148a
10969_0,567069f3-c7ba-4a36-a96d-6aff189a47b8
10110_0,002b7f20-448d-478c-ad4c-5fdf24cde196
10281_1,148bfec7-a626-42ab-be57-50900b8d1376
10383_0,95f912de-6576-4314-b8f4-899c5784190e
10350_0,e6e3af55-d488-4255-bbc7-2850e17ee5f5
10214_i,38e5d88e-e5c8-4bf4-ae9a-d78df8048fdc
10486_0,dfc78eff-c53c-4369-9b8e-aebbf35ed7b1
10525_0,a8495d91-f5a7-49e2-a340-b37015626e10
10314_0,d6093ca1-6b42-4704-8d1d-b88180000732
10687_0,14b34375-60ce-4754-bcc9-c32ecd0f25a5
10267_0,01dffd15-8b78-48e5-9ff1-eae6769d8d8a
10088_0,8c0a20c0-7da7-4643-bcf1-8fb598d714d9
10347_0,58ab085e-07a0-4d11-beef-3727c7e2e01d
10851_0,779bb34b-e93d-4e09-baa9-92f19574e736
11769_0,fdc8bd28-7c9a-4c3b-aafe-a263fa26347b
10362_0,3228382b-b350-42c4-9252-039d9a5141e6
10364_1,6c536253-2d67-494d-b192-66eae6fae6e6
10398_0,1d6fa603-c40e-4d59-b03a-7a72acf45b95
10143_0,d7d9fe0a-7b23-4c26-a405-e14ef37c3a9a
12142_0,c1e5728e-f946-436f-b34d-65c1623825ed
10148_0,dc4e5d23-2748-4530-b70e-69bb02d0509b
10822_0,643c1fa5-b8ea-41f5-b04b-25a13b28f69f
9615_0,44e5da4a-bc3c-448c-bf72-857f97bf70ce
10308_0,b3757be5-a9e7-43f3-a848-30682ccd46e6
10819_1,9eef1eaf-0311-4231-9c4c-fab57310fecc
10359_i,2790dc4a-e460-4d0f-8f45-0e34eeaaf273
10374_0,b8c2f36b-711e-4cb4-b487-3260629e2772
10387_0,73781156-3060-44c0-81f9-be89f08ca365
11134_3,d715319e-4241-4922-bac5-a6ad35a2e3aa
10591_0,736bb74b-37f3-49dd-b544-dfc628899ce2
10048_0,1842f16e-35d7-4b5c-922e-baabecf8646c
10431_1,9a7f9eec-6a30-45d4-99d0-aac85372a1a7
10456_0,e314a080-0c50-4ae4-9dca-a3127f9fe574
10480_0,5ef31496-4a1f-45b0-9c20-768a8ca49e1a
11109_0,27f0d11a-0aa1-4379-923d-9fc4afb0456b
10261_0,d35bcb05-e4e7-4197-9a64-0cc7880567b7
10307_0,d11ea131-bd3c-4004-b17a-1a2a5176b8d4
10481_0,1609910f-e9d0-439b-a8ac-ba9e6b50fafa
10475_0,45036805-498c-4ed1-aec0-2cc60fccf77e
10499_0,e4f9256a-5962-4995-89f0-be191b723118
9999_0,c9c98385-2f87-4916-98cf-da83333980fe
10665_0,45280f01-4aca-4922-ac50-65a62a35f5c7
10544_0,411f6166-d365-4fd9-9ad9-96e8191b619c
11054_0,6f4d96a5-a7ab-4546-82ab-c71bb3c6cf89
11535_0,89c2b852-6eb6-4f71-9b6a-22425d359a62
10596_0,d6ef3a74-c10e-4e04-a51a-f763b0f57fa5
10623_0,e8b5deaf-65c2-440c-b435-b16993f41ed2
10197_0,c2b2aa8d-6b2f-4026-a366-2ba6acf12459
10501_i,59945d7b-3d22-4d73-aaa8-7d63612240bc
10494_0,b0197f95-c490-42bc-b288-d62a260cc48a
11280_1,87f77d32-df50-4089-8e9d-1d748913b6d3
12083_0,cde66c25-ccf0-4f94-9576-028542bba8d0
10793_0,5ef0d213-6ee6-4aee-92ce-861a772740be
11382_0,7921837d-8f79-4b2d-bfe4-795abca0feb3
10535_i,d7af2aff-0c1a-4d53-b66b-da3d9fe1ddfd
10556_i,41e5787e-e71b-4291-96d3-8231cb1ca3f2
11984_0,9f66bd24-4092-4248-9725-d852c6191316
10805_0,19ffc72a-008a-4a0f-a7be-f3391c1c414e
10795_0,9e3e901b-01b3-4f0b-a186-47497b226c87
10911_0,8463435a-06a0-4095-8e7e-d9053acfd135
11353_0,2f1d208c-358a-423a-b149-05cbc3de003a
12592_0,7381f04b-c65e-4265-a5b3-5a969b6e86e3
10442_0,01dffd15-8b78-48e5-9ff1-eae6769d8d8a
11238_0,2842145f-de4a-4ea3-8a4b-07d0262c03e6
11060_1,575a58f4-318c-4d8a-91ee-a9b63d3efb7a
10658_0,cfa84cba-676c-4fc1-b86c-dcbcf84bf366
10768_0,31c8adbe-a602-4a07-9f77-8c58f2af4151
10686_i,b6e5537c-8e5e-43c1-8250-bed6ef6f5903
11840_0,9a169032-1781-42da-b99a-c7f52f2233c9
11118_0,0868f6e7-70bc-47af-b242-a3e01d699e7e
11093_0,9372dc9c-f5b3-4c87-9622-a4ad3794fdcb
9436_1,a23d1239-bbfd-4602-a221-16a8859083ce
11064_0,0ebf5df4-81bd-47a5-8caf-31d2648aee85
11614_0,20a7147d-5144-4f9c-9f2c-48c596d642d0
10185_0,6865cc73-a54b-41e4-9b29-f92ccf7b2184
8560_2,940e1c82-ad12-455c-a721-e58c32fbd491
10922_0,9a7f9eec-6a30-45d4-99d0-aac85372a1a7
13229_1,b3d4a89a-73b8-43d0-98ce-bd8877fa7758
10791_0,dff8782e-4249-4749-9a44-91ab1d82b4b8
11248_0,a4df92d3-d666-4dc9-b3c0-930136cb2149
11394_0,8856a1e9-5ee1-4a53-83b2-619ccf6c52f6
12122_0,a1ec2f6c-fd16-490f-b00e-a49e7935f803
11100_0,d6ef3a74-c10e-4e04-a51a-f763b0f57fa5
11754_0,89c9c744-7e30-45d4-9600-f9570e60bd6c
9405_3,06317b8c-9586-42ba-9a5f-d1f16ac81cc3
10536_0,c1bc961c-88b0-42e5-9c52-62b117c106d3
11453_0,fd41f7f9-4408-40fc-9d5f-c3d410bd1237
10916_i,e5579efe-5669-49e2-bda4-b3193ccd7766
11334_0,24711231-1e33-4e02-9e85-d2cd7fa21b0b
11113_0,a3cf3707-3a8f-4b6e-9574-30a56b6ce7eb
10988_1,8ba556a0-4afa-4a2c-9d5f-0e0b08549d4e
10844_0,3e2f0832-a7f1-4d1d-b283-daae55dfb549
10863_0,73cd24cd-2bab-46b7-9402-53ef61c330d8
10973_i,b81c104c-b18c-47e3-a903-f7c4827c720c
10773_0,847d355b-157d-4724-b38b-685bc824e99e
11011_0,b33a8ec8-a3ed-4b94-bca3-b4ad98dff933
12055_0,18808ba7-d646-4b71-8709-9cfed66981be
10879_0,80e2a841-8645-452d-8f60-67d132e41e59
13091_3,5de96519-7d99-4d5d-bcad-ac258bc4dfcc
10994_0,00572dc9-d04e-4a12-b15c-73f5423c733b
11739_0,ba62fba0-e51d-4c10-8887-f2aeaf34e74d
11034_0,dfbfbfe5-598a-46ba-a2e0-544dd40f0a07
10961_0,65947c1f-e47d-4dc1-b756-fe9b7044c0e3
10776_0,eef70641-fb9c-40b1-9b21-36c74f164962
11730_0,197a95bd-d233-4b7a-ad03-6f044d20bc87
11796_2,a3a7a881-f1e4-4d4b-a724-c4f66a316171
11301_0,40f45a02-1992-4e84-9050-78d88e542093
11721_0,d2422817-7784-47f4-9cc8-4b3662850224
11321_0,b1c1b405-20d3-4f35-bab3-487a142ac91e
11150_0,85f70e03-ba75-4102-bfb1-1f9c1d13508a
11237_0,525ce5ab-0954-4dd6-b6b5-024b8081dc5c
11220_0,b3bced22-31fa-4668-87b9-e27613d4c10b
11527_0,24030cb4-b73e-4f8a-861f-a9641e1ed883
11178_4,ff7e7911-c05a-4efa-8a5e-2d2561fd74a3
11342_0,236744c6-990f-49a5-a29d-a2c0aa1d28db
11440_3,c52a70f0-9b99-4f2b-a319-2192c32c731f
11446_0,215b91f2-e504-4e5a-8919-56eadb52397c
11227_0,9061fd02-ab98-435f-9b7c-12ebb7a54fe5
11377_0,902d42ef-d456-4d6b-b128-c93699f6a13e
11645_0,a3c9936f-a41d-4bf5-8210-34a7b8342598
11152_0,ab11fb94-6184-45cd-966a-1b5e09dbdf5e
11386_0,e3838bfc-82bf-4720-a2dd-c1c51ba71ee4
12760_0,c45d4676-9f22-4f4f-aa34-197f19e959e3
12106_0,236744c6-990f-49a5-a29d-a2c0aa1d28db
12098_1,cc85872c-05c4-452f-b40b-45e5127af0dc
11364_0,4a766a67-c10b-478f-8e38-876880a02dad
10886_0,e7d69de1-60cc-4085-b2d2-5522a25aaa8b
11431_0,c5a13734-9e80-43a4-96a1-e13cb88e30ef
13056_4,fd72ed0e-9e34-4ca8-964a-94b9824a2181
11327_0,4c4bd7c1-326b-4873-8626-1b21a60fd67a
12454_0,d6ef3a74-c10e-4e04-a51a-f763b0f57fa5
12697_1,b33ff8e4-bfe8-4c0c-9977-8f6134b7883d
11345_0,69f69456-4e89-43ab-8b9b-3b5c0331a4e7
12653_0,327f4581-6587-4b21-94e4-13087013c263
10974_0,003b97d0-6241-4f52-92f3-734ee5ae8fdc
12199_0,794aa0fe-848a-48f3-86f8-e2724570970f
12130_1,dc14a1f6-03ac-4e1d-8950-f3f0eabc148a
12198_0,567069f3-c7ba-4a36-a96d-6aff189a47b8
11284_i,bea00b79-b115-4cd3-8786-ebe84bcc2835
11506_0,002b7f20-448d-478c-ad4c-5fdf24cde196
12103_0,83013abf-5e52-4207-8ae6-81fd7cebbfb2
11574_0,95f912de-6576-4314-b8f4-899c5784190e
11200_0,71e8c31d-28ec-432e-9b85-3fcd1489bc47
11013_0,38e5d88e-e5c8-4bf4-ae9a-d78df8048fdc
12149_0,dfc78eff-c53c-4369-9b8e-aebbf35ed7b1
11444_0,484f998a-9d01-4c3c-ab00-72d7ff13902b
11493_0,14b34375-60ce-4754-bcc9-c32ecd0f25a5
11376_0,01dffd15-8b78-48e5-9ff1-eae6769d8d8a
11397_0,d664751e-fcd1-41ef-9c7a-773336d1877f
12620_0,58ab085e-07a0-4d11-beef-3727c7e2e01d
11359_0,779bb34b-e93d-4e09-baa9-92f19574e736
11769_1,fdc8bd28-7c9a-4c3b-aafe-a263fa26347b
11373_i,4e12d14e-1457-4bc7-b4c3-705719f5f227
11491_0,3228382b-b350-42c4-9252-039d9a5141e6
13199_0,6c536253-2d67-494d-b192-66eae6fae6e6
11354_0,1d6fa603-c40e-4d59-b03a-7a72acf45b95
11240_0,200dadb2-918c-44d4-ba93-5cfa0d1f28be
12142_1,c1e5728e-f946-436f-b34d-65c1623825ed
11435_0,dc4e5d23-2748-4530-b70e-69bb02d0509b
11412_i,49a37d60-dcec-4aa4-9630-7a7d4c68db58
11617_0,643c1fa5-b8ea-41f5-b04b-25a13b28f69f
12202_0,b3757be5-a9e7-43f3-a848-30682ccd46e6
11447_i,16540c60-c394-4762-a7bd-587bf5327302
12286_0,2790dc4a-e460-4d0f-8f45-0e34eeaaf273
11324_0,580d4dc0-89e2-4563-9e40-2d7176619026
11134_4,d715319e-4241-4922-bac5-a6ad35a2e3aa
11899_0,736bb74b-37f3-49dd-b544-dfc628899ce2
11985_0,1842f16e-35d7-4b5c-922e-baabecf8646c
11625_0,9a7f9eec-6a30-45d4-99d0-aac85372a1a7
11286_0,e314a080-0c50-4ae4-9dca-a3127f9fe574
11508_i,3f12c0fe-3501-4362-82d8-28c88f456617
11452_0,5ef31496-4a1f-45b0-9c20-768a8ca49e1a
11165_0,27f0d11a-0aa1-4379-923d-9fc4afb0456b
11920_0,bf6b89e0-25ec-4bdb-8a78-76af3d112c11
11698_0,1609910f-e9d0-439b-a8ac-ba9e6b50fafa
12880_0,45036805-498c-4ed1-aec0-2cc60fccf77e
12744_0,e4f9256a-5962-4995-89f0-be191b723118
12479_0,c9c98385-2f87-4916-98cf-da83333980fe
11710_0,411f6166-d365-4fd9-9ad9-96e8191b619c
12929_0,8a7358ef-de91-4d27-a3da-ab2092fc6c7b
11822_0,4d29b502-51db-46cc-ac85-4608e0e49cdd
11732_0,cdc79b39-362b-40a6-a91b-2d5963ade777
12855_0,87f77d32-df50-4089-8e9d-1d748913b6d3
12083_1,cde66c25-ccf0-4f94-9576-028542bba8d0
10793_1,5ef0d213-6ee6-4aee-92ce-861a772740be
11794_0,7921837d-8f79-4b2d-bfe4-795abca0feb3
11035_0,d7af2aff-0c1a-4d53-b66b-da3d9fe1ddfd
11878_0,41e5787e-e71b-4291-96d3-8231cb1ca3f2
11984_1,9f66bd24-4092-4248-9725-d852c6191316
11664_i,4dd310e0-e29d-4ede-a090-877fbb752303
11646_0,b1c1b405-20d3-4f35-bab3-487a142ac91e
12328_0,9e3e901b-01b3-4f0b-a186-47497b226c87
11902_0,8463435a-06a0-4095-8e7e-d9053acfd135
11353_1,2f1d208c-358a-423a-b149-05cbc3de003a
12592_1,7381f04b-c65e-4265-a5b3-5a969b6e86e3
12588_0,01dffd15-8b78-48e5-9ff1-eae6769d8d8a
11619_0,2aaf6698-3586-4ff6-b0d8-f65f28ade14f
11930_0,575a58f4-318c-4d8a-91ee-a9b63d3efb7a
11689_0,cfa84cba-676c-4fc1-b86c-dcbcf84bf366
11647_0,31c8adbe-a602-4a07-9f77-8c58f2af4151
11744_0,7dfe9baa-7e35-4971-8900-5febc08c0061
11840_1,9a169032-1781-42da-b99a-c7f52f2233c9
12540_0,0868f6e7-70bc-47af-b242-a3e01d699e7e
11816_0,9372dc9c-f5b3-4c87-9622-a4ad3794fdcb
11037_0,a23d1239-bbfd-4602-a221-16a8859083ce
11799_0,81b444df-ac71-478c-81dd-c63b8f23183e
11860_0,6865cc73-a54b-41e4-9b29-f92ccf7b2184
13229_2,b3d4a89a-73b8-43d0-98ce-bd8877fa7758
11993_0,dff8782e-4249-4749-9a44-91ab1d82b4b8
11261_0,a4df92d3-d666-4dc9-b3c0-930136cb2149
11811_0,8856a1e9-5ee1-4a53-83b2-619ccf6c52f6
12122_1,a1ec2f6c-fd16-490f-b00e-a49e7935f803
11938_0,d6ef3a74-c10e-4e04-a51a-f763b0f57fa5
12137_0,89c9c744-7e30-45d4-9600-f9570e60bd6c
12226_0,ba7d62ae-3ff6-426c-8634-7cc330525399
12677_0,fc54d74c-c1c5-48e7-9166-b7485a0329d3
11970_0,fd41f7f9-4408-40fc-9d5f-c3d410bd1237
11982_0,e5579efe-5669-49e2-bda4-b3193ccd7766
11334_1,24711231-1e33-4e02-9e85-d2cd7fa21b0b
12230_0,8ba556a0-4afa-4a2c-9d5f-0e0b08549d4e
12136_0,73cd24cd-2bab-46b7-9402-53ef61c330d8
12091_0,b81c104c-b18c-47e3-a903-f7c4827c720c
12377_0,847d355b-157d-4724-b38b-685bc824e99e
11595_0,b33a8ec8-a3ed-4b94-bca3-b4ad98dff933
12055_1,18808ba7-d646-4b71-8709-9cfed66981be
13091_4,5de96519-7d99-4d5d-bcad-ac258bc4dfcc
12192_0,00572dc9-d04e-4a12-b15c-73f5423c733b
12044_i,6ca22c86-cf78-4439-97ee-685d88d4a917
12694_0,ba62fba0-e51d-4c10-8887-f2aeaf34e74d
12078_i,5b5d4408-22d0-41b4-a005-be5f70de6c12
12533_0,eef70641-fb9c-40b1-9b21-36c74f164962
12942_0,197a95bd-d233-4b7a-ad03-6f044d20bc87
12674_0,40f45a02-1992-4e84-9050-78d88e542093
11721_1,d2422817-7784-47f4-9cc8-4b3662850224
14441_0,b1c1b405-20d3-4f35-bab3-487a142ac91e
11468_0,85f70e03-ba75-4102-bfb1-1f9c1d13508a
12510_0,e24429ab-b6a1-44c9-87ac-f0618b3485f1
14119_0,236744c6-990f-49a5-a29d-a2c0aa1d28db
11440_4,c52a70f0-9b99-4f2b-a319-2192c32c731f
11446_1,215b91f2-e504-4e5a-8919-56eadb52397c
12267_0,14197e7b-b83e-4962-9a88-5972ea2a5754
12237_i,d7072a63-a7a0-442d-b17b-5651bd94ecc5
13375_0,ae8a48c7-ff3e-48ec-a50f-3d08e75e452c
12380_0,a3c9936f-a41d-4bf5-8210-34a7b8342598
12212_0,ab11fb94-6184-45cd-966a-1b5e09dbdf5e
12760_1,c45d4676-9f22-4f4f-aa34-197f19e959e3
12546_0,236744c6-990f-49a5-a29d-a2c0aa1d28db
12194_0,cc85872c-05c4-452f-b40b-45e5127af0dc
13681_0,4a766a67-c10b-478f-8e38-876880a02dad
12441_0,e7d69de1-60cc-4085-b2d2-5522a25aaa8b
12525_0,c5a13734-9e80-43a4-96a1-e13cb88e30ef
13056_5,fd72ed0e-9e34-4ca8-964a-94b9824a2181
12138_0,30baa2d6-8c35-4fd5-9037-251dcf1c4e2f
12454_1,d6ef3a74-c10e-4e04-a51a-f763b0f57fa5
12697_2,b33ff8e4-bfe8-4c0c-9977-8f6134b7883d
13905_0,69f69456-4e89-43ab-8b9b-3b5c0331a4e7
12653_1,327f4581-6587-4b21-94e4-13087013c263
11981_0,003b97d0-6241-4f52-92f3-734ee5ae8fdc
12603_0,794aa0fe-848a-48f3-86f8-e2724570970f
12130_2,dc14a1f6-03ac-4e1d-8950-f3f0eabc148a
12346_i,3bdc6b5f-f9c8-459c-9d04-4c1a8aeead87
13872_0,567069f3-c7ba-4a36-a96d-6aff189a47b8
12598_0,bea00b79-b115-4cd3-8786-ebe84bcc2835
12082_0,002b7f20-448d-478c-ad4c-5fdf24cde196
12103_1,83013abf-5e52-4207-8ae6-81fd7cebbfb2
12705_0,95f912de-6576-4314-b8f4-899c5784190e
12504_0,38e5d88e-e5c8-4bf4-ae9a-d78df8048fdc
13162_0,dfc78eff-c53c-4369-9b8e-aebbf35ed7b1
12492_0,15b65a67-46f8-4dd7-8029-0cf251625c94
12791_0,14b34375-60ce-4754-bcc9-c32ecd0f25a5
12381_0,01dffd15-8b78-48e5-9ff1-eae6769d8d8a
12767_0,d664751e-fcd1-41ef-9c7a-773336d1877f
12620_1,58ab085e-07a0-4d11-beef-3727c7e2e01d
12236_0,779bb34b-e93d-4e09-baa9-92f19574e736
12389_0,fdc8bd28-7c9a-4c3b-aafe-a263fa26347b
12425_0,4e12d14e-1457-4bc7-b4c3-705719f5f227
12513_0,3228382b-b350-42c4-9252-039d9a5141e6
13199_1,6c536253-2d67-494d-b192-66eae6fae6e6
12291_0,1d6fa603-c40e-4d59-b03a-7a72acf45b95
12812_0,c1e5728e-f946-436f-b34d-65c1623825ed
12205_0,dc4e5d23-2748-4530-b70e-69bb02d0509b
12417_0,49a37d60-dcec-4aa4-9630-7a7d4c68db58
13042_0,643c1fa5-b8ea-41f5-b04b-25a13b28f69f
12508_0,16540c60-c394-4762-a7bd-587bf5327302
12286_1,2790dc4a-e460-4d0f-8f45-0e34eeaaf273
12577_0,580d4dc0-89e2-4563-9e40-2d7176619026
13630_0,53826b26-59ba-433b-9d48-11a977c41b48
12433_0,736bb74b-37f3-49dd-b544-dfc628899ce2
12258_0,1842f16e-35d7-4b5c-922e-baabecf8646c
14003_0,9a7f9eec-6a30-45d4-99d0-aac85372a1a7
13280_0,e314a080-0c50-4ae4-9dca-a3127f9fe574
11626_0,3f12c0fe-3501-4362-82d8-28c88f456617
12762_0,5ef31496-4a1f-45b0-9c20-768a8ca49e1a
12745_0,27f0d11a-0aa1-4379-923d-9fc4afb0456b
12913_0,cfac48fa-dfc6-41be-b48e-780a94f5a217
12880_1,45036805-498c-4ed1-aec0-2cc60fccf77e
12744_1,e4f9256a-5962-4995-89f0-be191b723118
12487_0,c9c98385-2f87-4916-98cf-da83333980fe
12505_0,411f6166-d365-4fd9-9ad9-96e8191b619c
12929_1,8a7358ef-de91-4d27-a3da-ab2092fc6c7b
13881_0,cdc79b39-362b-40a6-a91b-2d5963ade777
12855_1,87f77d32-df50-4089-8e9d-1d748913b6d3
12147_0,cde66c25-ccf0-4f94-9576-028542bba8d0
12162_0,a4d3576f-f4d5-4fce-8549-ea8e260074f1
12881_0,7921837d-8f79-4b2d-bfe4-795abca0feb3
13134_0,d7af2aff-0c1a-4d53-b66b-da3d9fe1ddfd
13036_0,9f66bd24-4092-4248-9725-d852c6191316
12790_0,4dd310e0-e29d-4ede-a090-877fbb752303
12758_0,b1c1b405-20d3-4f35-bab3-487a142ac91e
12940_0,9ca90156-ccce-4372-a3b5-6a6010b2b1d7
12619_0,2f1d208c-358a-423a-b149-05cbc3de003a
13098_0,9dcde63e-8653-467c-985d-e2b13423557c
13334_0,2842145f-de4a-4ea3-8a4b-07d0262c03e6
12781_0,cce3dac6-802f-4d87-afb1-79916b6cd18f
13314_0,cfa84cba-676c-4fc1-b86c-dcbcf84bf366
11905_0,b6e5537c-8e5e-43c1-8250-bed6ef6f5903
11816_1,9372dc9c-f5b3-4c87-9622-a4ad3794fdcb
11037_1,a23d1239-bbfd-4602-a221-16a8859083ce
12861_i,ef8903fc-607b-4857-9e17-21da8aa5e168
13859_0,20a7147d-5144-4f9c-9f2c-48c596d642d0
12340_0,ca59d694-20d0-40e3-95f6-417600b40ae3
12897_i,30efb181-32ec-49df-8ccc-851031177ccc
12901_i,e9ce2ce9-03d3-4369-b960-467da33d8586
13229_3,b3d4a89a-73b8-43d0-98ce-bd8877fa7758
13263_0,4013d6fd-a473-49aa-8449-37b5c7d91505
13160_0,8856a1e9-5ee1-4a53-83b2-619ccf6c52f6
12992_0,1d372b97-3cf2-4ebe-a0d9-3f52e8dc2341
13087_0,d6ef3a74-c10e-4e04-a51a-f763b0f57fa5
14306_0,89c9c744-7e30-45d4-9600-f9570e60bd6c
12933_0,06317b8c-9586-42ba-9a5f-d1f16ac81cc3
12677_1,fc54d74c-c1c5-48e7-9166-b7485a0329d3
13675_0,e5579efe-5669-49e2-bda4-b3193ccd7766
13504_0,48255b44-9814-495e-b6f2-7a288a388136
13002_0,8ba556a0-4afa-4a2c-9d5f-0e0b08549d4e
13207_0,73cd24cd-2bab-46b7-9402-53ef61c330d8
12820_0,663a178c-4c53-4164-ad67-2c812fb2ea01
13157_0,847d355b-157d-4724-b38b-685bc824e99e
13356_0,5de96519-7d99-4d5d-bcad-ac258bc4dfcc
13238_0,6ca22c86-cf78-4439-97ee-685d88d4a917
13255_0,ba62fba0-e51d-4c10-8887-f2aeaf34e74d
13256_0,5b5d4408-22d0-41b4-a005-be5f70de6c12
13372_0,eef70641-fb9c-40b1-9b21-36c74f164962
12753_0,d2422817-7784-47f4-9cc8-4b3662850224
14441_1,b1c1b405-20d3-4f35-bab3-487a142ac91e
12948_0,525ce5ab-0954-4dd6-b6b5-024b8081dc5c
14119_1,236744c6-990f-49a5-a29d-a2c0aa1d28db
13658_0,e5ec92b8-0256-4ff9-b742-580c281caa5b
13529_0,14197e7b-b83e-4962-9a88-5972ea2a5754
13827_0,337b9748-0c35-4e84-9357-e5bb4fd3ee3c
13375_1,ae8a48c7-ff3e-48ec-a50f-3d08e75e452c
13466_0,ab11fb94-6184-45cd-966a-1b5e09dbdf5e
14227_0,c45d4676-9f22-4f4f-aa34-197f19e959e3
14585_0,236744c6-990f-49a5-a29d-a2c0aa1d28db
13681_1,4a766a67-c10b-478f-8e38-876880a02dad
13384_0,fd72ed0e-9e34-4ca8-964a-94b9824a2181
14133_0,30baa2d6-8c35-4fd5-9037-251dcf1c4e2f
13905_1,69f69456-4e89-43ab-8b9b-3b5c0331a4e7
13596_0,327f4581-6587-4b21-94e4-13087013c263
13484_0,003b97d0-6241-4f52-92f3-734ee5ae8fdc
13392_0,3bdc6b5f-f9c8-459c-9d04-4c1a8aeead87
13872_1,567069f3-c7ba-4a36-a96d-6aff189a47b8
13686_0,bea00b79-b115-4cd3-8786-ebe84bcc2835
13577_0,ac574926-0d39-4d47-8336-41de7efd1553
13100_0,054a2f63-cf0c-4e6c-ab8e-104804641eda
14106_0,dfc78eff-c53c-4369-9b8e-aebbf35ed7b1
13662_0,ba1f2b0d-a0fb-4e61-bbb9-06709bb7fd7e
14061_0,14b34375-60ce-4754-bcc9-c32ecd0f25a5
13719_0,01dffd15-8b78-48e5-9ff1-eae6769d8d8a
13740_0,d664751e-fcd1-41ef-9c7a-773336d1877f
13689_0,58ab085e-07a0-4d11-beef-3727c7e2e01d
13742_0,779bb34b-e93d-4e09-baa9-92f19574e736
13077_0,4e12d14e-1457-4bc7-b4c3-705719f5f227
14145_0,3228382b-b350-42c4-9252-039d9a5141e6
13751_0,1d6fa603-c40e-4d59-b03a-7a72acf45b95
13816_0,c1e5728e-f946-436f-b34d-65c1623825ed
14042_0,49a37d60-dcec-4aa4-9630-7a7d4c68db58
13593_0,16540c60-c394-4762-a7bd-587bf5327302
12678_0,2790dc4a-e460-4d0f-8f45-0e34eeaaf273
13629_0,580d4dc0-89e2-4563-9e40-2d7176619026
13630_1,53826b26-59ba-433b-9d48-11a977c41b48
13550_0,1842f16e-35d7-4b5c-922e-baabecf8646c
14003_1,9a7f9eec-6a30-45d4-99d0-aac85372a1a7
13702_0,e314a080-0c50-4ae4-9dca-a3127f9fe574
13666_0,3f12c0fe-3501-4362-82d8-28c88f456617
13809_0,5ef31496-4a1f-45b0-9c20-768a8ca49e1a
13610_0,27f0d11a-0aa1-4379-923d-9fc4afb0456b
13585_0,1609910f-e9d0-439b-a8ac-ba9e6b50fafa
13728_0,45036805-498c-4ed1-aec0-2cc60fccf77e
13735_0,203c4933-8ab7-41e6-941e-b159a7b0ac57
13552_0,c9c98385-2f87-4916-98cf-da83333980fe
12505_1,411f6166-d365-4fd9-9ad9-96e8191b619c
13881_1,cdc79b39-362b-40a6-a91b-2d5963ade777
13344_0,8d79f9a8-941f-4f78-a25b-6e0711b2ce93
13730_i,458828c5-42ce-4246-ab62-158f0de51a22
13747_0,9f66bd24-4092-4248-9725-d852c6191316
13830_0,4dd310e0-e29d-4ede-a090-877fbb752303
13964_0,b1c1b405-20d3-4f35-bab3-487a142ac91e
13417_0,20f6a892-be68-4b9b-8e77-7ebbec5833c9
13993_0,9dcde63e-8653-467c-985d-e2b13423557c
14850_0,2842145f-de4a-4ea3-8a4b-07d0262c03e6
13811_0,f808a540-5642-4212-a1e5-04675558792c
13831_0,cfa84cba-676c-4fc1-b86c-dcbcf84bf366
13858_0,b6e5537c-8e5e-43c1-8250-bed6ef6f5903
13638_0,a23d1239-bbfd-4602-a221-16a8859083ce
14006_0,ef8903fc-607b-4857-9e17-21da8aa5e168
13859_1,20a7147d-5144-4f9c-9f2c-48c596d642d0
14036_0,ca59d694-20d0-40e3-95f6-417600b40ae3
14240_0,30efb181-32ec-49df-8ccc-851031177ccc
13768_0,e9ce2ce9-03d3-4369-b960-467da33d8586
13229_4,b3d4a89a-73b8-43d0-98ce-bd8877fa7758
14013_0,4013d6fd-a473-49aa-8449-37b5c7d91505
14044_0,544b9f73-a106-4cc2-adb7-31e23edbc7ff
14306_1,89c9c744-7e30-45d4-9600-f9570e60bd6c
14023_0,06317b8c-9586-42ba-9a5f-d1f16ac81cc3
13870_0,e5579efe-5669-49e2-bda4-b3193ccd7766
14148_0,8ba556a0-4afa-4a2c-9d5f-0e0b08549d4e
14105_i,8cede6c6-a141-407a-8f3e-cdceb5045b67
14587_0,5de96519-7d99-4d5d-bcad-ac258bc4dfcc
14143_0,ba62fba0-e51d-4c10-8887-f2aeaf34e74d
14127_0,cf9fdb9e-fd45-4456-a3bd-1c2bb8cfeaa0
13890_0,eef70641-fb9c-40b1-9b21-36c74f164962
14441_2,b1c1b405-20d3-4f35-bab3-487a142ac91e
14125_0,236744c6-990f-49a5-a29d-a2c0aa1d28db
14580_0,2fe4662c-9db9-45f7-a791-c0f00066ebec
14227_1,c45d4676-9f22-4f4f-aa34-197f19e959e3
14585_1,236744c6-990f-49a5-a29d-a2c0aa1d28db
14438_i,2f1a836f-5b69-4ac4-944b-fa5e73dba463
14283_0,3cec42b8-1aff-45ab-a49a-eb8b3a61af65
14692_0,327f4581-6587-4b21-94e4-13087013c263
14518_0,3bdc6b5f-f9c8-459c-9d04-4c1a8aeead87
14640_0,002b7f20-448d-478c-ad4c-5fdf24cde196
14620_0,ba1f2b0d-a0fb-4e61-bbb9-06709bb7fd7e
14483_0,779bb34b-e93d-4e09-baa9-92f19574e736
14613_0,4e12d14e-1457-4bc7-b4c3-705719f5f227
14358_0,3228382b-b350-42c4-9252-039d9a5141e6
14768_0,580d4dc0-89e2-4563-9e40-2d7176619026
14813_0,9a7f9eec-6a30-45d4-99d0-aac85372a1a7
14734_0,44abc630-910d-44a1-ad14-d6a05a3b2f9d
14923_0,b1c1b405-20d3-4f35-bab3-487a142ac91e
14850_1,2842145f-de4a-4ea3-8a4b-07d0262c03e6
