6280_i,eacdcee5-e5f0-48f9-899e-31793812ba6a
6289_i,4432b368-fc35-437d-a35d-3cd00d1ef6bb
6294_i,581b1087-9268-427d-a205-82a7d6539b67
6295_i,83e54489-f875-423a-ad8b-f66650e26bc3
6299_i,c36243ea-9f2b-4d52-8669-e55c45aa233f
6301_i,3383713d-9fa5-411d-94a0-b704972a3145
6305_i,e7b77166-4732-4a61-9826-9c5f4a25d235
6307_i,12c1d430-556d-45bd-b06a-b358828e19ad
6316_i,3e595426-3179-4b49-829b-72c48ecdba03
6332_i,22390617-caa3-43b6-99f2-66e335a330a5
6337_i,dc437334-a69d-4391-a4f0-458d5270d28d
6344_i,76d18bbb-266a-4892-b575-2f23e541e415
6375_i,7e6dd8a2-f855-4e45-8ef3-3817172ba101
6378_i,5d34ea28-549a-4306-a465-e5c8f124627b
6379_i,24352745-948d-470f-bb06-f6d3d9713753
6388_i,a7d9f0f9-5aaa-4955-9d6c-45601d12f47b
6398_i,6063db99-a12c-4d32-861c-f6473f99e253
6409_i,d888c989-fe7d-4914-9155-a9b6c647399e
6410_i,d888c989-fe7d-4914-9155-a9b6c647399e
6411_i,767c931b-122b-4878-9da1-4c7d0d0a2061
6414_i,42927a7e-d22e-4241-86f2-1d05934c80ea
6416_i,747ce46c-5ad5-4dc0-8a79-83eb6d075cf1
6417_i,a8a32aa5-9477-42a0-ad68-3d2355791b6d
6418_i,f722262f-a002-434c-af90-36f22c8bfeb4
6421_i,6876fc05-8f39-434a-9bb5-12252aedb574
6431_i,3383713d-9fa5-411d-94a0-b704972a3145
6434_i,ed7b6286-8275-49a8-af70-faec83d05563
6435_i,9290b6d1-d10b-4e7e-a7c1-0e1189e27bbf
6456_i,11c4af84-dc91-4c0e-bb80-68afe250cf06
6459_i,d21868c0-5174-435b-bb18-4ee12c8fc524
6464_i,02e39303-dcb7-4f63-9058-d3e9ab8070ba
6466_i,920de6e6-18b1-43c0-8a20-40fefb26f6b5
6481_i,df040dc2-b161-4094-a4b8-bf3ecda2fe69
6499_i,cfac171a-2ac2-4b0f-90dd-9c8b91e524a1
6500_i,3562ece9-80b2-4224-90d4-2804d9fcd780
6503_i,339c1d0e-67a7-4799-811e-c6e6a748cf58
6522_i,52bbffb9-3bcf-48c9-bc88-b60aef4612d4
6531_i,540cd3de-9d14-44c6-a311-2ae0167d95c5
6538_i,8bbd4417-3f7d-4810-b324-c51ad362fd9d
6548_i,83197d3a-bb90-4e4a-8ddc-479eeb076bb4
6552_i,8bd40d5f-cdc2-4586-b708-774a45cb81c9
6557_i,3383713d-9fa5-411d-94a0-b704972a3145
6573_i,a0803d8a-6565-45d6-b0fa-5467c14d9139
6580_i,28eedbaf-ed28-4c37-8d3e-6cbf5be910b2
6614_i,587ae8f0-730d-48ff-ae65-9caefffe365a
6639_i,ca2f0fab-27f5-470e-a224-910830615b44
6645_i,c2f51cc8-6bca-4881-b3fd-8bcf81a49c1d
6659_i,4e82ae17-32c7-4e77-a2be-1c0c63e8b38b
6660_i,c78163fd-0e98-4df2-bf25-930414ee65b6
6662_i,53ecff87-6e07-4552-8a71-bc603db9aacd
6712_i,a99af52a-b586-4937-95e6-d76b48a650ab
6736_i,6574f528-f9b8-4d94-8107-8355f2d73b95
6759_i,f09a20da-720d-4e67-bbd7-e9ac9d2b12ba
6762_i,47d72737-c1ca-4d51-986f-d3099d338285
6769_i,3c56364a-dad3-45e1-9c4b-e03502a1fa56
6784_i,73aff442-6ebe-4774-891f-72f010455990
6791_i,69908ba2-8c57-4039-b30c-11996b5f7547
6807_i,a06c5faf-492a-4301-b6d2-9f7704e79da9
6814_i,d6ee1741-56cc-4231-8d69-a07a281a77be
6819_i,f32deafd-d86c-492d-81b7-d4214bafd522
6821_i,47e4720f-3aff-495b-b448-5a855ef20c0f
6834_i,98b542da-8431-4250-993e-be48009ca4e0
6839_i,19636cee-e712-4264-b2e5-77420ad3d26f
6856_i,09d9e1b9-1088-4d3b-bea3-e8470a08d3d4
6869_i,051b3833-8b1f-4604-bbf5-0a3332ee7891
6871_i,744beda6-4a46-44c7-a9a4-319758a28f34
6885_i,1b8a7e7d-f4b4-4fd0-9bbf-8a7464e268fe
6887_i,8cb92bfd-cf24-4b37-843b-a16bfa4aa4d2
6904_i,c83ad79c-8d3c-44d6-81f0-5e69d845f641
6906_i,3383713d-9fa5-411d-94a0-b704972a3145
6933_i,3383713d-9fa5-411d-94a0-b704972a3145
6941_i,3383713d-9fa5-411d-94a0-b704972a3145
6942_i,033b9902-f894-43fe-b3b9-20013171af9c
6948_i,b76878be-7be9-4510-8192-e00d726abd88
6979_i,d185db99-abc0-417a-9faf-9661a5375852
6981_i,90508204-3ab2-4e81-a3fa-d0cc7a516028
6988_i,a678537d-f415-4152-930e-7e18f011829c
6991_i,f5be2f03-cfbc-4cc5-9fad-fcbc96f54a83
7017_i,7e6dd8a2-f855-4e45-8ef3-3817172ba101
7023_i,a5ec2118-ff59-4fd3-8597-ce20b883c38d
7027_i,3383713d-9fa5-411d-94a0-b704972a3145
7035_i,3383713d-9fa5-411d-94a0-b704972a3145
7059_i,fea58c32-55b4-45a8-862c-53ca04e83855
7073_i,a3b770f3-5815-4594-bd28-c6718618fb43
7080_i,ee526953-d290-4954-8aea-e4c8acd2efe3
7137_i,ea17286b-a11d-49f6-b957-995860577360
7141_i,1a590e8b-4ab9-4979-a3ee-cc1726a97d70
7152_i,f06dd41c-1788-4459-982f-8cf015da6c0c
7157_i,14008e01-18a7-4864-b93e-dff5ca246310
7165_i,5a3fa81a-ec50-473c-a8bd-2987ba1319ec
7175_i,046adbaa-e8a1-4076-80c7-5b88cb7493ac
7185_i,b87423f1-6764-42f3-bfc0-1c6e3baa45eb
7188_i,6a416eda-774d-4f64-8ef2-50c1463b1a73
7193_i,165e8cd4-739f-4ed4-bf4a-e40654e17b8e
7254_i,ea12d0b7-4f31-4702-9142-13b4b2045155
7261_i,a6a14387-572a-47ae-b28d-63067c4eeff7
7273_i,acd8fcbe-3ff4-47c5-9e47-b461fa70bf98
7319_i,0da2131e-9120-4dbe-879e-9a85a5eeecb7
7338_i,a8bdde23-6f16-4e3d-b86e-3a722c04fe4d
7377_i,f5c2f6d7-dd45-4d26-af73-c69f8db25666
7381_i,6f5a9298-05d0-4fc9-8f12-13991cff9da6
7402_i,55e0dfdd-da2d-466f-9caf-16301781c1da
7412_i,140f3343-aac7-4d7e-a961-1caa5c5d935e
7441_i,a678537d-f415-4152-930e-7e18f011829c
7460_i,05a074bc-496c-4513-af97-a4ce49a6b4a8
7473_i,b79b0a05-b690-4bd7-8f4c-be5b2b172a39
7502_i,414e025c-327d-4257-9eb7-97492fbe90d1
7515_i,7be94854-fcf2-43df-a187-6d1edf878419
7516_i,f813d2fc-0720-423f-b67f-bbc74470cb32
7563_i,2a266d11-57ea-494e-aa96-c55ec2e896f4
7572_i,9d7f7bb5-361f-460b-acb6-09678373c0b8
7593_i,191cee13-80a7-49ba-bc6e-f84b89838095
7599_i,7b163808-d2ea-4480-bcc2-49bdd8c36657
7612_i,05a074bc-496c-4513-af97-a4ce49a6b4a8
7630_i,01172ecb-27ff-4d63-be4c-ec3ebe90c354
7724_i,b345bc50-552e-4682-b912-591b46151c89
7731_i,aad364e9-0f33-4ff8-89ed-c75ffbf9a883
7944_0,eff87939-560a-4c21-8a2a-14d320928a45
7767_0,744beda6-4a46-44c7-a9a4-319758a28f34
8449_0,b8d25d39-8020-4ce5-bc08-68c16fa398b2
7960_0,843071e0-4566-4075-925f-9dd5f3a85072
7812_0,de400491-c062-4a24-b1e5-85047609f68c
8027_0,05a074bc-496c-4513-af97-a4ce49a6b4a8
11178_0,340b0a54-9c26-4e02-b5cb-a4520ae3c296
8129_0,99de6da0-940f-473a-bdd2-22ced9b6c97a
7768_i,b609197d-6a09-46cf-b0ce-930c6a88dc1f
7769_i,8684be7f-1ea2-4a20-9eec-b3ed89340eeb
8395_0,229764d0-045c-48be-8a44-63756abbb082
7783_i,f69a4a4a-e4e8-4f2b-b362-a634b8c69aa7
8236_0,2eea8225-b54d-48fe-91a3-f5201aa62c2c
8295_0,184fc5b8-4341-4dc4-8219-d2cb266e34d0
8407_0,e4ebed9d-5992-401d-b653-1e50a2e0304d
7760_0,3f4393c6-7f58-4bc6-97a7-6d54e69a1f9e
8657_0,f18e5c06-63fe-45f0-b4fe-b25e31e610fa
7961_0,0df2e2cb-029d-4e9b-9160-8a9184af2865
7838_i,e6d3f5b9-48ed-4a71-9c3f-2a6ea63a0416
7652_0,a99d9504-a6a8-409e-8c48-9c057cdd1386
8303_0,09b81ada-cc8a-44c8-b5a8-e5920cb3ee65
7889_0,38102b6c-17bb-4a99-ab7c-9df9c6dfe0d2
9182_0,ddfda674-f537-4b50-a2ad-aabe2c380576
13056_0,243725c3-cf92-47b1-b59f-bf3aad542c2c
7104_0,b8c01e3c-3182-46c8-8f13-209153001e96
7853_i,85ae3708-4bfe-40aa-b392-2f0ab7601613
8174_0,89787d39-a725-4df7-b0cb-d49936599eb4
7857_0,ed7b6286-8275-49a8-af70-faec83d05563
8065_0,9290b6d1-d10b-4e7e-a7c1-0e1189e27bbf
7898_i,facaa074-809c-4e4f-8e92-c1a342ab1ab2
7971_0,f3600f4b-9273-47b7-9539-ec1321b630a0
7895_0,d21868c0-5174-435b-bb18-4ee12c8fc524
8229_0,5c5d4847-8b93-4df0-80d8-d502da250597
9644_0,8d0fc49a-eebb-4cc8-a8d5-88d598e7a88e
7915_i,d7c91bf3-91a5-484a-8755-3ec89fdabd86
8244_0,51554052-cc6f-4045-945b-9a1aac097e81
7967_0,8315adbd-431e-486f-95df-8674c566a45f
7921_0,9bf34ae5-2e28-4e2d-afae-980cccec7426
7808_0,cbb74f8d-b390-4bd6-ac92-24d8a55105f6
8069_0,5bf2bae7-93e9-42fc-bae5-5bbad7a7c617
7103_0,a2948035-27e6-4cdc-a179-7d5e22a9705e
8948_0,5617eb0f-872f-4445-bc77-693341fbb1d2
8173_0,9a5be3d8-99ed-46c4-b998-d111948f8e4f
8436_0,f1b2c1d8-dc34-4a52-8eb7-340ed9c2f17b
8012_i,3ff48e7e-c2dc-4006-9f90-cf82731424df
8385_0,961b490c-2ebf-4f66-92f6-7f1a37beb082
8703_0,cface20e-dcdb-4a6f-b1db-74148208c39c
8009_0,58dd7a46-5b91-466a-9bc7-86001cd4bdef
8056_i,399b4789-897e-4516-b553-ea74143cc1b2
8172_0,3b93a962-af68-4684-912e-2767d45a309a
8159_0,53ecff87-6e07-4552-8a71-bc603db9aacd
8073_i,e879c015-cbd7-4bf9-9b28-17dd8acd2df2
8089_i,f75fc1a6-9e17-4000-b485-7f2484fb5c18
8101_i,45eeafca-dc13-49b3-8a75-f954a501c077
8337_0,8ede45ee-c690-4f60-9dec-ed26bb59a5dc
8130_i,780d766f-dbf8-4c77-9b58-1820c8e20639
8135_i,efbe3538-ce1e-433c-8704-d624f36f7eb0
8897_0,6065c70e-59c6-432a-acba-8f1823bc2875
8169_i,84cb0fd7-cca2-402d-9ba8-a195a4e9d0fc
8422_0,f09a20da-720d-4e67-bbd7-e9ac9d2b12ba
8322_0,5eb14eb7-923a-4a13-887e-16f9d9097142
8205_0,dfb4dfd9-ba6e-4440-819f-4f0846fb64c9
8192_i,89787d39-a725-4df7-b0cb-d49936599eb4
11134_0,b5b23eb1-66e1-43d2-8410-836c87e4e6b0
8195_0,2b68e8b1-2dc1-497b-a5fb-7b628d7a75ee
8211_i,8e270a01-109e-4fe4-a0db-6bef0c27439b
8356_0,a06c5faf-492a-4301-b6d2-9f7704e79da9
8832_0,840cda46-34c2-4fc9-9f2d-7aa126eb622d
8185_0,d562ad28-fc43-4c19-9549-4242f031053e
9724_0,bea8be00-2a57-44be-bd01-4515469d8c45
7755_0,98b542da-8431-4250-993e-be48009ca4e0
8667_0,73179372-63f2-488a-9c93-951a1d52a97c
8658_0,811102c0-56a6-4b95-ad64-0740e89af436
8247_0,051b3833-8b1f-4604-bbf5-0a3332ee7891
9103_0,5617eb0f-872f-4445-bc77-693341fbb1d2
8710_0,6a683902-38d8-4e59-aecb-11748d20e276
8317_0,c83ad79c-8d3c-44d6-81f0-5e69d845f641
8789_0,5617eb0f-872f-4445-bc77-693341fbb1d2
9207_0,5617eb0f-872f-4445-bc77-693341fbb1d2
9081_0,5617eb0f-872f-4445-bc77-693341fbb1d2
9385_0,1887e757-386f-4354-9a22-95a96e691abd
9085_0,19b8f1ea-1d5f-400b-87a3-a61cfc03dbc0
8740_0,a087db8a-8cc7-41ce-b448-12becb622a59
7787_0,90508204-3ab2-4e81-a3fa-d0cc7a516028
8224_0,11527d27-8589-4ec2-ab11-1f44529320bf
8245_0,486516e8-c15f-407c-867c-c107e631c48a
10401_0,1f0dc57d-f7e8-419c-87c2-c13722022987
9197_0,d275e9d2-cd78-4207-a207-364b49c2b54e
8804_0,1ba6e0a9-ea4f-4065-bcce-3ca33bd179ed
8270_0,3383713d-9fa5-411d-94a0-b704972a3145
8313_0,c6ecf105-3a5f-4b2b-b4f6-531738b475fb
8297_0,d58d7c98-06bc-42f7-8030-728ba1a347b4
8243_0,f7c955f0-e4d2-4218-b6ef-a506c5568bb3
8558_0,4538c8fa-9a8b-4b9f-bb8e-5bc89ad6c985
7152_0,f06dd41c-1788-4459-982f-8cf015da6c0c
8645_0,5a3fa81a-ec50-473c-a8bd-2987ba1319ec
8643_0,b5037feb-4b68-4d93-989c-f02ff2adf99f
8096_0,709479d2-61fe-4a37-a36a-34ea829900eb
8370_0,67886d7b-1e0e-4697-862a-544668e9fcd1
8711_0,af2901b8-38f2-4b18-a565-92518d371508
8933_0,f7d84a3c-c2f3-4aa3-8966-114b916e2336
8745_0,4a41fbf3-c22c-47d8-bf37-3d6944567be2
8314_0,7b77d46e-ac5c-4502-88d2-ba0728098721
8221_0,0da2131e-9120-4dbe-879e-9a85a5eeecb7
8339_0,c2fb1455-bb23-4130-9776-7cb6f4243bbf
9422_0,ac9a3b86-ba63-4374-86a2-a795ee84bb1b
8516_0,1eb38374-e68e-4483-ac7c-75fbabcca052
8294_i,18b52ed7-6884-4dde-b0d0-5864af63836b
8304_i,e883a8b8-70b3-4621-b6c9-62d239e7f423
8622_0,82dd99e2-2118-493a-82c0-def2560cc6c4
9405_0,21d5b7ce-0877-4fba-8467-67b032b98181
8346_i,e88fa8bd-a03c-448e-9377-9ea9f5abee44
8368_i,e80a1e61-d423-4831-8651-e87652b9238a
9098_0,c2d6f0e3-83ed-405c-95c8-c8debb8b5374
8390_i,92aba902-e8d2-4852-a949-a5659c0f1b23
8400_i,dea62b26-3e49-432b-ae05-8e4b8d141a4e
8486_0,17f18f37-50da-4ce7-9724-de9c3737ae21
8426_i,b7cec959-674f-46b4-a881-8aac32c6fbbb
8664_0,a47fa118-5dec-41a4-8629-a758719f313b
8445_i,93f4e8fd-b2a5-4489-85a6-386fee661ce2
8321_0,19cf042a-1ab0-4351-856a-62a7ad2150cf
8525_0,8328497f-53f6-419e-881c-7656a04ded33
8478_i,841fb1a9-f8b7-4491-9251-d78652a3b5fd
8500_0,54e3b953-b9f1-4bc3-8c5c-02232cf7d12d
8504_i,14197980-0c95-45aa-baba-9a7bf8b587d6
8587_0,13b0ad11-3a6f-4dfc-be4c-c274fdf7241c
8410_0,ede59a60-3836-4d82-b1b1-0c8d839bbd40
13091_0,05a5f81e-7a90-4789-a537-80a66459d7f2
8927_0,3486f804-2347-4c79-a238-88ac75d2710f
8579_i,5617eb0f-872f-4445-bc77-693341fbb1d2
8594_i,e0bd00af-b1a1-46b7-92af-112147b2f5f5
10032_0,106b933e-5019-4a1c-86fc-15b3ec8dbdc1
8698_0,aad364e9-0f33-4ff8-89ed-c75ffbf9a883
9400_0,c94d9e64-b3bf-4c9a-82da-a044d7dcaf20
8709_0,95e36820-9538-4d8a-9734-3fd369588a05
9930_0,3627b20a-d658-4c83-8dd5-3db98f839de4
8097_0,de400491-c062-4a24-b1e5-85047609f68c
10405_0,1f0dc57d-f7e8-419c-87c2-c13722022987
11178_1,340b0a54-9c26-4e02-b5cb-a4520ae3c296
8129_1,99de6da0-940f-473a-bdd2-22ced9b6c97a
10752_0,f83105ae-d49b-4e58-a81c-d9cbbd3ebe51
8967_0,6553ce3c-15be-4037-95f5-5fa2ff2e9fb2
8395_1,229764d0-045c-48be-8a44-63756abbb082
8610_0,d2af20c8-36e7-4e6b-bf3d-d36044f11f1c
8431_0,9290b6d1-d10b-4e7e-a7c1-0e1189e27bbf
8694_0,71caaa9b-5b82-4eba-8072-d00b16f96293
8604_0,1f0dc57d-f7e8-419c-87c2-c13722022987
8323_0,89c89f1b-18b0-4bb8-b2b7-ac50ef796456
8657_1,f18e5c06-63fe-45f0-b4fe-b25e31e610fa
7961_1,0df2e2cb-029d-4e9b-9160-8a9184af2865
11440_0,2b70892f-cb3c-48fa-adbe-fbf1726b05ed
8765_0,40f8ee4b-9582-40cc-afd5-f578d0494503
8406_0,09b81ada-cc8a-44c8-b5a8-e5920cb3ee65
8498_0,f92b1bd1-71b6-4179-ada6-711e11331969
9182_1,ddfda674-f537-4b50-a2ad-aabe2c380576
13056_1,243725c3-cf92-47b1-b59f-bf3aad542c2c
8428_0,6374e07c-b108-4cf7-9d6e-52b006c0a938
9787_0,39af0415-304c-4609-96e4-c22b5cc89897
8416_0,b01e932c-601d-4a98-b8e8-c0196187dce3
10005_0,e0a6c6e2-ae8e-4e00-90bd-6b564f00a9ef
8663_0,fb44b7d3-f243-4cdd-81e2-64658681630e
8818_0,7dd6a3a2-156b-4370-9d01-5afb485cc3a8
8397_0,d21868c0-5174-435b-bb18-4ee12c8fc524
8741_0,fa62852e-d975-46fc-88ff-af66cca5ab2a
9644_1,8d0fc49a-eebb-4cc8-a8d5-88d598e7a88e
8766_0,ba9fd597-e2b7-4176-a1c2-5144b12b9a90
8905_0,1d54e474-5288-462a-804b-3c68b537341e
8618_0,8315adbd-431e-486f-95df-8674c566a45f
8599_0,9bf34ae5-2e28-4e2d-afae-980cccec7426
8879_0,86d6bddf-32ce-494a-a478-59dbbdbe1c49
8613_0,75b26f1d-a465-4fee-998c-e49b78b9df12
8351_0,709479d2-61fe-4a37-a36a-34ea829900eb
8948_1,5617eb0f-872f-4445-bc77-693341fbb1d2
8394_0,9a5be3d8-99ed-46c4-b998-d111948f8e4f
8436_1,f1b2c1d8-dc34-4a52-8eb7-340ed9c2f17b
8631_0,3ba0b9b4-e5c1-4982-80dd-8948df6eff3a
8870_0,961b490c-2ebf-4f66-92f6-7f1a37beb082
8703_1,cface20e-dcdb-4a6f-b1db-74148208c39c
8534_0,463075c1-89df-4b21-85c5-34be4b4ea31c
8345_0,62f7c13f-a4fb-4cbf-be52-3c9c350c632d
8609_0,3b93a962-af68-4684-912e-2767d45a309a
9748_0,53ecff87-6e07-4552-8a71-bc603db9aacd
8647_0,365ebd67-afb4-43df-8658-40707c534da7
8337_1,8ede45ee-c690-4f60-9dec-ed26bb59a5dc
10029_0,50dd067a-bf4f-4613-be7d-006ec0f549a5
9747_0,3c9a9c93-8a47-4fb8-92d8-d087bd34e571
8897_1,6065c70e-59c6-432a-acba-8f1823bc2875
8584_0,91e4760f-4a68-4fed-a0ae-62d45be6b17f
8422_1,f09a20da-720d-4e67-bbd7-e9ac9d2b12ba
8719_0,1f1f82c0-f3e6-479d-8fd0-d03516d0e838
9026_0,85a631ab-ccba-4068-8c09-f345863307b3
11134_1,b5b23eb1-66e1-43d2-8410-836c87e4e6b0
8585_0,14ebba5d-a6f5-4c57-ac5f-eac690ea5cb9
9127_0,62e666ac-c8aa-4ab2-8985-eebd1a3026df
8697_0,f921b7a0-47d9-4aaa-9f7b-0d62cd523a17
8832_1,840cda46-34c2-4fc9-9f2d-7aa126eb622d
8185_1,16968846-cfe6-46f1-b23a-de19c50f409f
9724_1,bea8be00-2a57-44be-bd01-4515469d8c45
7755_1,98b542da-8431-4250-993e-be48009ca4e0
8667_1,98fc5daa-c603-4f42-9f1e-9e2ac7198087
8658_1,811102c0-56a6-4b95-ad64-0740e89af436
8718_0,60ebc5d0-8385-4fc0-8ea6-ced31de8c600
9103_1,5617eb0f-872f-4445-bc77-693341fbb1d2
8710_1,6a683902-38d8-4e59-aecb-11748d20e276
8620_0,c83ad79c-8d3c-44d6-81f0-5e69d845f641
8789_1,5617eb0f-872f-4445-bc77-693341fbb1d2
9207_1,5617eb0f-872f-4445-bc77-693341fbb1d2
9081_1,5617eb0f-872f-4445-bc77-693341fbb1d2
9385_1,c04d2613-9b39-4fa2-b729-828921146e28
9085_1,19b8f1ea-1d5f-400b-87a3-a61cfc03dbc0
8740_1,a087db8a-8cc7-41ce-b448-12becb622a59
7787_1,90508204-3ab2-4e81-a3fa-d0cc7a516028
8224_1,11527d27-8589-4ec2-ab11-1f44529320bf
8245_1,486516e8-c15f-407c-867c-c107e631c48a
10401_1,1f0dc57d-f7e8-419c-87c2-c13722022987
9197_1,d275e9d2-cd78-4207-a207-364b49c2b54e
8804_1,1ba6e0a9-ea4f-4065-bcce-3ca33bd179ed
9136_0,5617eb0f-872f-4445-bc77-693341fbb1d2
8297_1,d58d7c98-06bc-42f7-8030-728ba1a347b4
9245_0,874587a9-ea41-4488-8b21-9c74c58254b8
8654_0,397a5df3-4df3-48d0-976d-55b14f6c180e
7152_1,f06dd41c-1788-4459-982f-8cf015da6c0c
8645_1,5a3fa81a-ec50-473c-a8bd-2987ba1319ec
8643_1,b5037feb-4b68-4d93-989c-f02ff2adf99f
8738_0,37f2b020-856e-4f99-a974-19ba76e5f342
8869_0,84f67fa9-25f3-402f-ba8b-519a352b4166
8711_1,af2901b8-38f2-4b18-a565-92518d371508
8933_1,f7d84a3c-c2f3-4aa3-8966-114b916e2336
8745_1,1d54e474-5288-462a-804b-3c68b537341e
8314_1,7b77d46e-ac5c-4502-88d2-ba0728098721
8857_0,0da2131e-9120-4dbe-879e-9a85a5eeecb7
8560_0,c2fb1455-bb23-4130-9776-7cb6f4243bbf
9422_1,2f099ba2-4185-42d4-a6c6-642d66f9f48a
8616_i,994a2ff1-18aa-43ee-b9c1-a2bd82f56c3b
10146_0,274dbe43-04e3-4010-a94d-f28d5aad4872
8625_0,06756f69-cec5-46d6-ad14-c4864228fe10
8304_0,e883a8b8-70b3-4621-b6c9-62d239e7f423
8668_i,dc680ea3-7ac7-4680-986d-8965651e75cb
8622_1,82dd99e2-2118-493a-82c0-def2560cc6c4
9405_1,21d5b7ce-0877-4fba-8467-67b032b98181
8946_0,7588ecc2-414e-45e7-8dcd-ca248e77b175
8693_i,5751e805-f096-4929-816a-02f1f1709140
9008_0,59cfd605-eb36-4359-bd41-9fc2c73db116
8704_i,588373b0-6813-4e3b-bd52-87b721b6c40e
9098_1,c2d6f0e3-83ed-405c-95c8-c8debb8b5374
8714_i,7b06a90e-c174-4147-99ca-0b60a80221ee
9086_0,b5ab6a72-ccac-4e3d-91be-574266768df2
8686_0,32b2ece8-60f4-42e7-8bfd-1bd978e0ebbb
8486_1,17f18f37-50da-4ce7-9724-de9c3737ae21
9659_0,c1f72f36-aece-4af3-a486-fb96785e46c2
8664_1,a47fa118-5dec-41a4-8629-a758719f313b
8445_0,93f4e8fd-b2a5-4489-85a6-386fee661ce2
8802_0,dec2e05a-8a93-43c0-ab9e-b3208552a4cd
8764_0,bd3f6136-a012-42e9-81b4-42ad3d2296ba
8478_0,841fb1a9-f8b7-4491-9251-d78652a3b5fd
8886_0,76600b8d-d8c8-4567-9f30-ef8df3d211c4
8504_0,14197980-0c95-45aa-baba-9a7bf8b587d6
8823_i,04777870-a851-419c-98dd-7c0329b925ca
8934_0,2536edee-bdd2-45c7-a316-abc4e92ada41
10324_0,cfcdabc2-3e1b-493f-abb8-8e7b7c23f3f4
13091_1,05a5f81e-7a90-4789-a537-80a66459d7f2
8927_1,3486f804-2347-4c79-a238-88ac75d2710f
8872_i,5617eb0f-872f-4445-bc77-693341fbb1d2
8986_0,56ae14d6-d8ce-4745-bc7b-3cd4295292cb
9100_0,04d95870-40e7-4bcf-b182-11afd5bbc6dd
8901_i,6b8cfafb-ba01-4dd0-9f55-d5d33384df12
8912_i,c372d52e-bf19-41d0-b268-5c404461b766
10032_1,106b933e-5019-4a1c-86fc-15b3ec8dbdc1
11796_0,36f3983c-8dd3-44cb-8677-13655956230e
9400_1,c94d9e64-b3bf-4c9a-82da-a044d7dcaf20
9024_0,95e36820-9538-4d8a-9734-3fd369588a05
9930_1,3627b20a-d658-4c83-8dd5-3db98f839de4
9997_0,da21f2b3-2f74-4b03-a426-f9e860656884
10405_1,1f0dc57d-f7e8-419c-87c2-c13722022987
11178_2,340b0a54-9c26-4e02-b5cb-a4520ae3c296
8801_0,c8f80149-83bf-4569-99e4-0b77a361f430
10752_1,f83105ae-d49b-4e58-a81c-d9cbbd3ebe51
9122_0,6553ce3c-15be-4037-95f5-5fa2ff2e9fb2
8395_2,229764d0-045c-48be-8a44-63756abbb082
9587_0,56ae14d6-d8ce-4745-bc7b-3cd4295292cb
9151_0,274dbe43-04e3-4010-a94d-f28d5aad4872
9001_i,93aea989-4114-407e-98f2-c28b244360b3
8966_0,7287485c-9b9e-485c-8bb0-4c041c136c58
9144_0,89c89f1b-18b0-4bb8-b2b7-ac50ef796456
10041_0,a9dc113b-466b-4804-a1e0-3d068bc9bed5
8932_0,100eba57-f574-441b-85fa-6fc8f2131eed
11440_1,2b70892f-cb3c-48fa-adbe-fbf1726b05ed
9093_0,a5ddbde7-3bb4-467b-afe8-27289f8c7b74
9058_0,ec36cb50-0932-4544-bf95-958ce0b365a2
8980_0,df7dcb76-a2ee-4752-87fa-820680b83a8d
9182_2,ddfda674-f537-4b50-a2ad-aabe2c380576
13056_2,243725c3-cf92-47b1-b59f-bf3aad542c2c
8881_0,e354ddc3-6f6c-44e2-85da-05fb55fb415f
9787_1,39af0415-304c-4609-96e4-c22b5cc89897
9443_0,5617eb0f-872f-4445-bc77-693341fbb1d2
10005_1,e0a6c6e2-ae8e-4e00-90bd-6b564f00a9ef
8939_0,fb44b7d3-f243-4cdd-81e2-64658681630e
9031_0,dad13cad-910e-426a-9a40-95710d4a2835
9102_0,d21868c0-5174-435b-bb18-4ee12c8fc524
8974_0,fa62852e-d975-46fc-88ff-af66cca5ab2a
9644_2,1d54e474-5288-462a-804b-3c68b537341e
9387_0,b1c462a4-a50d-4fab-9ec7-23b7e1ace1f2
9756_0,72aa2e01-6833-4db5-b4d1-74b4a967e38c
9072_i,e92537f9-1434-4d9f-935a-dd05f5d3bd45
9208_0,8315adbd-431e-486f-95df-8674c566a45f
9234_0,64c3e5ec-8a8a-4ef6-a26e-c4b46c1ef799
9157_0,2218df6a-77c2-4535-b2e8-14b39067e7cf
8613_1,75b26f1d-a465-4fee-998c-e49b78b9df12
9392_0,eb24757b-6040-4e64-ae47-a93156543e14
9594_0,c49d1632-fc2e-4076-a1ff-02f5eeb4c2b7
9204_0,9a5be3d8-99ed-46c4-b998-d111948f8e4f
8619_0,bfaff41a-e9a2-4c0d-9205-793be24ed3bf
10281_0,78807a7d-e196-4bf3-ae68-92c49af39b93
10058_0,961b490c-2ebf-4f66-92f6-7f1a37beb082
10364_0,6f67983b-1a7b-449c-9064-48a1d6b63b65
9498_0,fa1952ed-3755-4605-a6f8-403a39477159
8951_0,c49d1632-fc2e-4076-a1ff-02f5eeb4c2b7
9310_0,08420469-855b-45d4-b93f-8e77efd1245f
9748_1,53ecff87-6e07-4552-8a71-bc603db9aacd
9188_i,f1e94878-0203-42ac-9164-7e5413a7b827
9196_i,c743930a-16d5-474e-87fb-968fb0071b5d
9726_0,365ebd67-afb4-43df-8658-40707c534da7
9375_0,005b9105-c0b3-4966-b274-25e45e1e0dd2
10029_1,50dd067a-bf4f-4613-be7d-006ec0f549a5
9747_1,d6a01983-6a7a-4c04-8974-af0cbc79aa87
9240_i,76a1fef8-0eeb-4831-9d9c-251c2254ddaf
10819_0,edf3f8c7-c2eb-40ff-beb1-0708d06bfae4
9327_0,152a98ef-8202-44ca-97e8-7b71ebf545f0
9259_i,0813c86d-91d5-44fd-88d7-fdf7fc5d6df0
9477_0,f09a20da-720d-4e67-bbd7-e9ac9d2b12ba
9228_0,148f4bfb-f792-494f-9fee-46c9fe03f0dc
9026_1,85a631ab-ccba-4068-8c09-f345863307b3
11134_2,b5b23eb1-66e1-43d2-8410-836c87e4e6b0
9508_0,d8ffaa91-c841-47f6-aee6-669f49452b41
9790_0,eb24757b-6040-4e64-ae47-a93156543e14
10431_0,9479d1ed-9c07-4159-86a4-7c034f8f8129
8712_0,056a48ed-9fe9-46ea-a4ba-7aa257f19a9a
9724_2,bea8be00-2a57-44be-bd01-4515469d8c45
9291_i,4feee3fd-b180-4d03-bb97-6b1fd80dfb94
9295_i,528596b2-f75c-4cfb-aecc-51927efb2239
9300_0,98b542da-8431-4250-993e-be48009ca4e0
8667_2,98fc5daa-c603-4f42-9f1e-9e2ac7198087
8658_2,811102c0-56a6-4b95-ad64-0740e89af436
9469_0,60ebc5d0-8385-4fc0-8ea6-ced31de8c600
9103_2,8f415f79-c36a-4e36-a2a1-229fd3301173
9432_0,c83ad79c-8d3c-44d6-81f0-5e69d845f641
9633_0,c49d1632-fc2e-4076-a1ff-02f5eeb4c2b7
9207_2,c49d1632-fc2e-4076-a1ff-02f5eeb4c2b7
9433_0,14063c31-d80e-4c56-938b-99e447179718
9385_2,c5ec17aa-d45c-4f94-a65e-5e4f2e497bcd
10379_0,19b8f1ea-1d5f-400b-87a3-a61cfc03dbc0
8916_0,726f3fc2-7c27-43c4-a885-03d0eb29852a
9861_0,8289d396-94c4-4b14-aa04-d941710302ef
9044_0,42ca7165-5239-455a-b262-388811cd09b3
9076_0,55e0dfdd-da2d-466f-9caf-16301781c1da
10401_2,1f0dc57d-f7e8-419c-87c2-c13722022987
11280_0,fb1b1046-9632-46fd-866a-591a91912d5b
9990_0,4cc46c94-76ac-4189-910c-b4b3a8332acf
9205_0,6b0bcdd0-8a8b-414a-a508-19a899e103d2
9397_i,94592ad7-bd2d-4cff-b937-eede13e09bca
9401_i,97c2f82d-b038-41ef-b4ac-3737b0e86759
9847_0,d58d7c98-06bc-42f7-8030-728ba1a347b4
9245_1,874587a9-ea41-4488-8b21-9c74c58254b8
9420_i,ec1f0c0b-0aba-4293-84b3-57d2a0a2bb1e
9459_0,c94d9e64-b3bf-4c9a-82da-a044d7dcaf20
9453_i,410b29fc-e011-416c-8639-8ba9038c5f06
9036_0,272972dd-ca50-4da5-8b78-7bb68fb7c237
9758_0,b5037feb-4b68-4d93-989c-f02ff2adf99f
11060_0,f9875405-a75c-4f59-b678-033b9db221b6
9665_0,84f67fa9-25f3-402f-ba8b-519a352b4166
9491_i,29ec54a1-09a9-4a7b-843f-d685c0390031
9683_0,88242f98-63a8-41f4-97a6-fbe718c7a491
9501_i,f75230f8-a9ef-4752-a9fc-8230e936ac8c
9504_i,20b4d0ee-d5ba-4e11-b74e-f4f6fae9e001
9591_0,f7d84a3c-c2f3-4aa3-8966-114b916e2336
10142_0,06433d20-1745-43d7-a8af-73e22c55cb4d
9574_i,6d93120c-ceb0-42b8-83d7-d9ce335edf8a
9536_0,3e922f65-d317-4e52-86ea-0cd69986c933
8560_1,c2fb1455-bb23-4130-9776-7cb6f4243bbf
9624_i,14b0ccb2-2bb1-4423-9826-5f80aaa57235
9627_i,812bc2b3-a648-4419-8e39-2e651494e25b
9634_i,7c6f48ba-7b9a-416f-a27d-60fa193ba2a1
9638_i,7eae2a26-00fe-415f-86ec-8e34025162be
10065_0,35fd6c79-a9c2-4c55-a316-92272bc6a67f
10146_1,274dbe43-04e3-4010-a94d-f28d5aad4872
9658_i,bd8f4a8d-3adc-4e2f-83c3-b82a5f6c796d
9436_0,dc680ea3-7ac7-4680-986d-8965651e75cb
9742_0,0b2e6e4c-9cfa-47f3-804d-c788160fec8e
9405_2,21d5b7ce-0877-4fba-8467-67b032b98181
9962_0,4b8189f9-d2e7-4210-88a5-687fd03b24ff
9676_i,7a3377f9-c64c-435d-a6fa-3922d3f870ee
13229_0,5471f683-4c31-4833-aceb-4f3b422b7c6c
10420_0,95a71417-4698-45ab-8157-0ff8edd5b725
9581_0,e3cd0239-1499-4702-a883-956d67418e3b
10167_0,f3436152-ff6e-475d-8ac0-c4437f3a8cb6
9693_0,628196a1-0fd0-4f1e-a430-632154350ebe
9256_0,a8c614d4-ab3a-42a9-a024-ce45c27f992d
10341_0,96dd139a-b9f6-4307-85e4-bd905964783b
9659_1,c1f72f36-aece-4af3-a486-fb96785e46c2
9823_0,a47fa118-5dec-41a4-8629-a758719f313b
9551_0,533c12b7-2093-4688-ae38-f1442e391228
9785_0,dec2e05a-8a93-43c0-ab9e-b3208552a4cd
9849_0,69dc9427-2d35-4ee2-b337-3648e289d643
9983_0,702d62ae-3021-43de-bd29-7471d0da5189
9460_0,274dbe43-04e3-4010-a94d-f28d5aad4872
8504_1,14197980-0c95-45aa-baba-9a7bf8b587d6
9784_0,1ddfcef8-3d14-4f52-8744-50a05d9f844f
10224_0,59a698bf-1f07-458b-94c3-144bd4040026
10324_1,cfcdabc2-3e1b-493f-abb8-8e7b7c23f3f4
13091_2,05a5f81e-7a90-4789-a537-80a66459d7f2
9968_0,99702f34-0bc2-4400-873b-174da40f58bc
9833_0,5617eb0f-872f-4445-bc77-693341fbb1d2
9781_i,105cb0f9-cc6e-4fc8-ba5c-3c4275177874
9732_0,3e9c1f37-3f4b-458a-91bd-ea527328010b
9771_0,c372d52e-bf19-41d0-b268-5c404461b766
10032_2,106b933e-5019-4a1c-86fc-15b3ec8dbdc1
11796_1,36f3983c-8dd3-44cb-8677-13655956230e
9853_0,c94d9e64-b3bf-4c9a-82da-a044d7dcaf20
9697_0,db442d5a-c735-4e66-b9d3-ab078e36f527
9930_2,3627b20a-d658-4c83-8dd5-3db98f839de4
9997_1,da21f2b3-2f74-4b03-a426-f9e860656884
10405_2,1f0dc57d-f7e8-419c-87c2-c13722022987
9870_i,3ef4e587-18b2-4969-80cb-bf1f625a7603
11178_3,340b0a54-9c26-4e02-b5cb-a4520ae3c296
9769_0,c8f80149-83bf-4569-99e4-0b77a361f430
10752_2,f83105ae-d49b-4e58-a81c-d9cbbd3ebe51
10134_0,6553ce3c-15be-4037-95f5-5fa2ff2e9fb2
10204_0,7ddf4099-205c-4d13-9029-9f01a6b8bc20
9657_0,56ae14d6-d8ce-4745-bc7b-3cd4295292cb
9908_0,978829c6-a7f9-456c-b1c9-9479c51332b6
9915_0,93aea989-4114-407e-98f2-c28b244360b3
9918_0,16d95c36-60c2-4be8-bf02-b6222bda45ce
9976_0,103bd6df-7deb-413d-a062-3eaa4cf9f8c4
10041_1,a9dc113b-466b-4804-a1e0-3d068bc9bed5
12098_0,4c594ce5-f65e-434d-8f92-bc8afbbab435
11440_2,2b70892f-cb3c-48fa-adbe-fbf1726b05ed
10125_0,c160d223-8ec1-4762-84be-f50fa30e5c9f
10550_0,7b3c6bf1-4ec6-4934-bcfc-e8e3d206658e
9942_i,a4a6917f-52f4-4452-bcb9-a02f846fdbe1
13056_3,243725c3-cf92-47b1-b59f-bf3aad542c2c
9981_0,87d5d0fc-a694-43cf-a87d-f49d11a7fc57
9787_2,39af0415-304c-4609-96e4-c22b5cc89897
12697_0,c14c6d94-d6ed-40e0-a7bc-ee3b18f8782a
10005_2,e0a6c6e2-ae8e-4e00-90bd-6b564f00a9ef
9954_0,fb44b7d3-f243-4cdd-81e2-64658681630e
9960_i,759dd75b-8df6-467b-b5a6-58254081a6de
9961_i,ab59bfa3-c72a-44e8-89c1-ff337ac461c6
10106_0,dad13cad-910e-426a-9a40-95710d4a2835
10332_0,d21868c0-5174-435b-bb18-4ee12c8fc524
9816_0,c59acde3-4e90-4ce4-81e0-8c159eb07417
9668_0,d4ebee30-d050-4403-9ca6-f6d6272d83c5
9901_0,f28d8940-c456-4bbf-8850-ab6175991fb8
9998_i,fa572df8-42f8-4a50-9d66-adc5085ed7e4
10110_0,b8869d16-8990-4293-8e06-691af4f54c46
9953_0,dce729c6-657d-4528-82ef-138dd7888985
10350_0,3590bef4-f0a8-482d-a5e4-26fe0015acf9
10183_0,98943c1d-924e-44e9-950c-3d533e9823c4
10016_0,2218df6a-77c2-4535-b2e8-14b39067e7cf
10267_0,eb24757b-6040-4e64-ae47-a93156543e14
10088_0,c49d1632-fc2e-4076-a1ff-02f5eeb4c2b7
10851_0,9a5be3d8-99ed-46c4-b998-d111948f8e4f
10281_1,2959cfe2-f60d-4f1d-a148-6866ab837c1e
10051_i,b4f87cee-0420-417d-be78-390a82148c1c
10058_1,961b490c-2ebf-4f66-92f6-7f1a37beb082
10364_1,6f67983b-1a7b-449c-9064-48a1d6b63b65
10398_0,5e047082-46f6-41ef-976d-c4c264279957
10314_0,3f8dd5ae-02f9-412d-88b1-74e038251ceb
10068_i,994970c3-07ba-43ff-8dbc-792004de68e4
10148_0,53ecff87-6e07-4552-8a71-bc603db9aacd
10218_0,4a482ec6-085a-4360-97dc-1c3ab0deb017
10318_0,fd742a98-fe28-40ae-9164-3337b2c0bf01
11769_0,365ebd67-afb4-43df-8658-40707c534da7
10091_i,d45ffece-6b05-4cf7-b9af-022fbf534a99
10059_0,b63b73fd-2fa7-4599-a89c-eea839ae9850
10107_i,38d98e16-9a12-493d-917b-484880617e44
10029_2,50dd067a-bf4f-4613-be7d-006ec0f549a5
12142_0,7f27955f-4324-46ef-a05c-7428d2f9ea12
10969_0,68bce61e-9641-41ab-a488-ce028f460375
10819_1,edf3f8c7-c2eb-40ff-beb1-0708d06bfae4
10126_0,152a98ef-8202-44ca-97e8-7b71ebf545f0
10383_0,cbff7b98-c426-482d-bb85-d28bcbe913e3
10363_0,f09a20da-720d-4e67-bbd7-e9ac9d2b12ba
10100_0,148f4bfb-f792-494f-9fee-46c9fe03f0dc
9615_0,5617eb0f-872f-4445-bc77-693341fbb1d2
11134_3,b5b23eb1-66e1-43d2-8410-836c87e4e6b0
10228_0,5db228b6-c340-4ffe-bd1f-af0471d9e0ca
10048_0,eb24757b-6040-4e64-ae47-a93156543e14
10431_1,9479d1ed-9c07-4159-86a4-7c034f8f8129
10206_0,bea8be00-2a57-44be-bd01-4515469d8c45
10177_0,4feee3fd-b180-4d03-bb97-6b1fd80dfb94
10198_0,58d48d48-bb25-4ba2-9f43-03b421342c75
11109_0,0cc807d9-0d67-40e9-8a45-a631d7d56cf6
10244_0,0ddfdca0-963a-4631-b0d8-56aa06338886
10111_0,811102c0-56a6-4b95-ad64-0740e89af436
10316_0,1283b6a4-4669-49e7-b811-5a4f27454852
10214_i,bf18e9ac-2786-46aa-9a5c-890ea51f458e
10237_0,c83ad79c-8d3c-44d6-81f0-5e69d845f641
9633_1,c49d1632-fc2e-4076-a1ff-02f5eeb4c2b7
11054_0,ceb206fe-4c0a-4f57-aa9f-ef11c9279d6d
10017_0,14063c31-d80e-4c56-938b-99e447179718
10379_1,19b8f1ea-1d5f-400b-87a3-a61cfc03dbc0
10623_0,739e0821-f364-40cc-915d-5116438f9e5c
10197_0,14063c31-d80e-4c56-938b-99e447179718
10401_3,1f0dc57d-f7e8-419c-87c2-c13722022987
11280_1,fb1b1046-9632-46fd-866a-591a91912d5b
12083_0,ceb206fe-4c0a-4f57-aa9f-ef11c9279d6d
10280_0,2f08e3c0-6eee-4287-b729-dd075a92d9ff
10591_0,97c2f82d-b038-41ef-b4ac-3737b0e86759
11984_0,4cdb80a1-61ee-47bc-9eb5-45a23aebe77e
10291_0,ec1f0c0b-0aba-4293-84b3-57d2a0a2bb1e
10359_i,4b4931a9-f52e-4aa4-b5e8-ad6dcc99d484
10428_0,95a71417-4698-45ab-8157-0ff8edd5b725
10475_0,60f7f62c-2dea-4294-9170-c951e0d4c5a1
10271_0,66819585-b41b-423b-818d-360224c8d8b3
11238_0,2e31d142-412c-4917-a284-cdc7aaa7ee40
11060_1,f9875405-a75c-4f59-b678-033b9db221b6
10658_0,77b26be3-681a-4b0e-866c-abc6f630e00b
9999_0,f042afd2-3cb9-4321-b0db-7ed52c5d33d5
10665_0,a05d737c-f3c0-42ad-ac5e-f6497a55678d
10544_0,20b4d0ee-d5ba-4e11-b74e-f4f6fae9e001
10006_0,e00cd4e5-2f16-4b27-a7d6-b93d8f06c3fa
11093_0,ca7d3fb8-e6ef-4b57-9511-bd141bebe289
11382_0,8931cf5d-3672-495c-bbcf-4d018fd1c281
10185_0,bd50b21d-232c-41aa-94b2-5411368f7cff
10501_i,45269544-9381-4f2c-8681-e2ee8ad83f46
8560_2,c2fb1455-bb23-4130-9776-7cb6f4243bbf
10795_0,ec26338e-00f9-499e-8095-b70a25913bff
10535_i,fd742a98-fe28-40ae-9164-3337b2c0bf01
10911_0,509383c9-f8c3-4483-ad39-a7f59a27c8d6
12592_0,7c6f48ba-7b9a-416f-a27d-60fa193ba2a1
10442_0,790705bf-c196-47a2-9a2f-d5a032f008e7
10624_0,83f2cdcf-ccf7-4bac-a116-9b984e4cbeb9
11248_0,e3588955-118d-40fa-8629-1f5a68073c92
10556_i,0fa49c78-ef83-4595-9db8-48442a87e498
9436_1,dc680ea3-7ac7-4680-986d-8965651e75cb
10639_0,03f6efcb-0277-44c3-a17e-f214febf8213
9405_3,21d5b7ce-0877-4fba-8467-67b032b98181
10922_0,4b8189f9-d2e7-4210-88a5-687fd03b24ff
10768_0,ad038f30-3edb-407c-b83a-ecdc8513744a
13229_1,5471f683-4c31-4833-aceb-4f3b422b7c6c
11064_0,ceb206fe-4c0a-4f57-aa9f-ef11c9279d6d
10536_0,e3cd0239-1499-4702-a883-956d67418e3b
10664_0,448a8e6a-92e1-4640-b3bb-ea21965b6448
10791_0,2de71855-4766-4901-91d3-1e2ff6e76cd5
11113_0,2f284124-1e64-4ecf-8ce2-d1b4252f04bc
12122_0,adfb23e2-c51e-4ea0-9f5b-7fe4a7d65a06
10988_0,dec2e05a-8a93-43c0-ab9e-b3208552a4cd
11453_0,702d62ae-3021-43de-bd29-7471d0da5189
10686_i,51ce745d-0b77-41dc-a52e-cd160e47760b
10744_0,03183652-b654-47cd-9392-7b12ee5720cd
11100_0,b775cf3c-c8fc-4f94-9474-3c5737cf6304
10279_0,c82379d7-43a9-4d35-9748-f076136f1a59
10879_0,9dcfe95d-a1d2-4f5b-8b1f-885b4716aece
13091_3,05a5f81e-7a90-4789-a537-80a66459d7f2
10754_0,4a482ec6-085a-4360-97dc-1c3ab0deb017
11754_0,105cb0f9-cc6e-4fc8-ba5c-3c4275177874
11011_0,ceb206fe-4c0a-4f57-aa9f-ef11c9279d6d
10629_0,1f0dc57d-f7e8-419c-87c2-c13722022987
11730_0,86c61b52-fc94-4534-8ad4-00aaa9077494
11796_2,36f3983c-8dd3-44cb-8677-13655956230e
11321_0,a876d401-aafe-4bb6-9de7-a97ce5183914
10901_0,ffcad225-36b4-4c42-9b8b-af63da662fe2
10986_0,3627b20a-d658-4c83-8dd5-3db98f839de4
11237_0,37800cf6-ad8d-44c4-853d-8b659994841e
10830_0,ceb206fe-4c0a-4f57-aa9f-ef11c9279d6d
10863_0,ca589133-0427-49fd-ba91-f821fd7098e3
10916_i,ceb206fe-4c0a-4f57-aa9f-ef11c9279d6d
11178_4,340b0a54-9c26-4e02-b5cb-a4520ae3c296
10965_0,26896108-217c-4d36-a9d0-799fd16653c8
10931_0,74584378-e519-43ae-98a4-f23de8804b48
10204_1,7ddf4099-205c-4d13-9029-9f01a6b8bc20
11721_0,ceb206fe-4c0a-4f57-aa9f-ef11c9279d6d
10989_0,881f884f-b0ea-49d1-b5a3-29b865a05394
10961_0,56fd1f33-b92b-4582-8e5a-2f571fde9ca6
10979_0,1f0dc57d-f7e8-419c-87c2-c13722022987
11023_0,0d55db73-528a-4fc5-985d-0317fdd1aa56
11098_0,306b9ca7-f3cf-4cc8-b431-89cb8549150a
10973_i,eed15a39-5b4f-4ecf-a56f-adce8df585a1
12098_1,4c594ce5-f65e-434d-8f92-bc8afbbab435
11440_3,2b70892f-cb3c-48fa-adbe-fbf1726b05ed
11095_0,1e64325b-fe56-4eb4-b817-b9fb3ad72a6c
10983_0,e5ca76e5-2658-41fa-bd65-fa1fe755a348
10994_0,11012649-fc83-44e0-87d2-00ff59f78386
13056_4,243725c3-cf92-47b1-b59f-bf3aad542c2c
10964_0,87d5d0fc-a694-43cf-a87d-f49d11a7fc57
12697_1,c14c6d94-d6ed-40e0-a7bc-ee3b18f8782a
11345_0,b775cf3c-c8fc-4f94-9474-3c5737cf6304
12653_0,4671de21-f191-4e63-ae80-87bf1fd029e6
11739_0,97432873-2ae4-443c-b56b-bf763c18aafa
11034_0,f9959ad9-3936-4266-b13f-aa533c2ce16e
10810_0,257c7ca8-6d7a-4e40-b6e6-66eb75e94091
10974_0,2e2ea43d-c6e3-4740-94a9-26f7d8d3436f
10971_0,c59acde3-4e90-4ce4-81e0-8c159eb07417
12130_0,10d310fc-c2fc-413c-bf7d-2d24fbf6b235
11135_0,2fa22eed-0c5f-4a72-8d17-151f4f6b83d0
10776_0,272efdf6-fc03-4fdb-93cd-b65f642607cc
11506_0,1c6e39e9-eeeb-4009-bed7-a05182b2149c
11049_0,b282560b-56cd-4b48-b812-120af7488a10
12149_0,8c64ed94-9a1b-4597-8fa6-032171e22b47
11079_0,23a92698-b2ab-4588-98e5-789b48969138
11376_0,2e057c3c-0ee8-4d75-bba8-2ebc1ba7eaed
11397_0,e1d22860-db10-409c-ba1b-e3896b4cb285
10851_1,9a5be3d8-99ed-46c4-b998-d111948f8e4f
12103_0,d109506d-1926-4c53-affe-58fb2f4cdc3d
11201_0,383b7f3c-f2a0-4725-99c7-b84cb6cda624
11071_0,e0c9afa1-552b-4c7c-ad6f-e9aa1f42156c
11173_0,ee3c81e4-5db7-4a19-b8b3-286bcf765a7d
11527_0,9e0a128d-8f23-48b8-b3ba-c179b322f7bb
10868_0,53ecff87-6e07-4552-8a71-bc603db9aacd
10886_0,ca4c6623-d2d8-49f2-88c2-4929962ad24f
10866_0,2cdfa79a-d57b-4437-b7f8-6099176df2de
11769_1,365ebd67-afb4-43df-8658-40707c534da7
11645_0,4f720744-6c86-444a-b73e-46312c790631
10511_0,50dd067a-bf4f-4613-be7d-006ec0f549a5
12142_1,7f27955f-4324-46ef-a05c-7428d2f9ea12
12198_0,68bce61e-9641-41ab-a488-ce028f460375
11209_0,b91417a9-2493-49d6-9d8c-af7b0127c621
11574_0,ceb206fe-4c0a-4f57-aa9f-ef11c9279d6d
11324_0,91605010-a7d4-4a40-ae7f-9263755c3b71
11134_4,b5b23eb1-66e1-43d2-8410-836c87e4e6b0
11051_0,889fcd0f-cb5c-4aad-9f2c-0c010bf4034f
11985_0,634c93cf-4e2c-4661-a658-1bff7ad372ec
11625_0,81af79f9-6a77-4420-803a-01a769b2bc69
11273_0,bea8be00-2a57-44be-bd01-4515469d8c45
11493_0,7f3cac1f-97d2-4f1f-bc5b-b72172dd2d18
12620_0,243725c3-cf92-47b1-b59f-bf3aad542c2c
11165_0,0cc807d9-0d67-40e9-8a45-a631d7d56cf6
11920_0,f9066443-f96d-457e-83bd-912f14aff3d0
11202_0,b50017b6-a480-451c-9a06-3ec5fcf2d5c9
11013_0,8c9c50f4-d5f2-44da-b04c-71c6a9763116
11260_0,c83ad79c-8d3c-44d6-81f0-5e69d845f641
11284_i,95af49da-5693-4c42-9544-bce2284201f0
11054_1,e1d22860-db10-409c-ba1b-e3896b4cb285
11535_0,e1d22860-db10-409c-ba1b-e3896b4cb285
11426_0,423d810a-7c15-47dd-a71e-ece3770b155d
11344_0,bd3452d3-199f-4a8c-9fe3-0b576b711fda
11822_0,271bf860-a318-4b97-a879-a372b4de5636
11732_0,9e0a128d-8f23-48b8-b3ba-c179b322f7bb
12855_0,ac5082e7-1a68-4870-aef0-26210af4159f
12083_1,e70a693d-e405-47a9-845c-fd2083431532
10793_0,e1d22860-db10-409c-ba1b-e3896b4cb285
11373_i,fc133811-cce8-418e-9847-ed750e61c8c6
11303_0,af284c3b-a2b8-4ca6-9da8-46806bcac5b1
11984_1,4cdb80a1-61ee-47bc-9eb5-45a23aebe77e
11452_0,ec1f0c0b-0aba-4293-84b3-57d2a0a2bb1e
12286_0,6bf3ee63-d92b-4d54-a299-0332eb6f4827
11412_i,fcd120c1-5e6b-46d9-9772-2b87d7393a7a
11465_0,a876d401-aafe-4bb6-9de7-a97ce5183914
12880_0,c772d80b-7c9b-4162-b352-e3ba071953e9
11353_0,a51f2234-e308-49f8-9014-725e3e9003db
11421_0,2e31d142-412c-4917-a284-cdc7aaa7ee40
11447_i,b1a6339a-64c3-42e1-8a12-0250b4f4f921
11930_0,1c6e39e9-eeeb-4009-bed7-a05182b2149c
11515_0,e3588955-118d-40fa-8629-1f5a68073c92
12479_0,dbb80a9c-b180-4757-91c4-05bea4441a2e
11462_0,93a3e0f1-4799-4245-857b-ba6c6c3fee52
11710_0,20b4d0ee-d5ba-4e11-b74e-f4f6fae9e001
11840_0,067f710a-992b-42ba-8089-2088e0933bd1
11508_i,e4f5143a-a84c-4882-9dc0-5acbb1f04d8b
11816_0,7428d1b6-f8d8-4e58-9d0c-52d0350678fd
11497_0,e4dd0de6-1804-4147-93f2-3a3a017d9417
11860_0,76f2a8e4-3274-4824-b830-73b37d35fe9d
12328_0,0c21bd6e-e801-46e3-a617-505dd4048a75
11035_0,b775cf3c-c8fc-4f94-9474-3c5737cf6304
11902_0,509383c9-f8c3-4483-ad39-a7f59a27c8d6
12592_1,7c6f48ba-7b9a-416f-a27d-60fa193ba2a1
12588_0,eef311ea-d6b1-4e58-be26-2d5d38bf4a35
12540_0,07e7007f-df71-4dfb-841c-2782747f8b64
11261_0,eb73074a-46e5-475a-820e-adfe40e45c71
11878_0,9e0a128d-8f23-48b8-b3ba-c179b322f7bb
11037_0,78fd5ea3-9826-42b0-8b96-b77a4377bf0b
11572_0,9d0c16dd-4648-4b6b-945b-d73f1b74c7dd
12226_0,4f68e0e0-db91-423a-bcb2-8e0f70d8e8b4
11647_0,c3b51e04-9788-43ed-9ea7-c7409ce63b33
13229_2,5471f683-4c31-4833-aceb-4f3b422b7c6c
12677_0,ae24ccac-b8e3-4c5a-88d7-351bb1060999
11614_0,e1d22860-db10-409c-ba1b-e3896b4cb285
11993_0,fd857ef5-7066-4f29-a934-457c1b10b90e
11664_i,7ce0c6f6-6fab-4a8a-ae00-6ebbd36af516
12122_1,adfb23e2-c51e-4ea0-9f5b-7fe4a7d65a06
12230_0,b775cf3c-c8fc-4f94-9474-3c5737cf6304
11970_0,4c489b12-ae65-4393-bff6-c6d76b5f4c5c
11744_0,0d0b3376-2318-4a16-b44f-3c262c075975
12377_0,e3588955-118d-40fa-8629-1f5a68073c92
11938_0,55b9b8d2-7409-40f7-8446-e253cfd0aada
12055_0,79c80a6b-d9b2-4c5a-8162-3f9b112ecfd7
13091_4,05a5f81e-7a90-4789-a537-80a66459d7f2
11334_0,ca4c6623-d2d8-49f2-88c2-4929962ad24f
12137_0,105cb0f9-cc6e-4fc8-ba5c-3c4275177874
11595_0,ceb206fe-4c0a-4f57-aa9f-ef11c9279d6d
12942_0,65025d99-2a6a-479e-bcc9-899f3ff39e8f
11796_3,36f3983c-8dd3-44cb-8677-13655956230e
14441_0,40609104-88aa-42a1-9cbd-98bc8b846239
11468_0,aae46267-7fd5-4afb-b008-3702a769ae7c
12139_0,da21f2b3-2f74-4b03-a426-f9e860656884
12136_0,e1d22860-db10-409c-ba1b-e3896b4cb285
11727_0,ceb206fe-4c0a-4f57-aa9f-ef11c9279d6d
12074_0,26896108-217c-4d36-a9d0-799fd16653c8
12674_0,74584378-e519-43ae-98a4-f23de8804b48
11446_0,ebe9ce4a-92ab-4f94-a4d6-a38a69fe33b4
11721_1,ceb206fe-4c0a-4f57-aa9f-ef11c9279d6d
12222_0,4256983a-4629-4b9d-a686-5d12c280030f
11912_0,50324c7c-d2a8-4543-8b1d-19732b71f57b
12760_0,306b9ca7-f3cf-4cc8-b431-89cb8549150a
12091_0,7154421a-fcd8-4fae-9171-39d22e7b2a46
12098_2,4c594ce5-f65e-434d-8f92-bc8afbbab435
11440_4,2b70892f-cb3c-48fa-adbe-fbf1726b05ed
12084_0,7ffcbdfc-7b75-4278-a7bd-6e5f017e7aff
12272_0,bc5ea8c1-ecc8-452a-8c82-35cc5b93b26a
11915_0,dd772ea8-a0d8-4430-aac5-6c3d25f23e4a
13056_5,243725c3-cf92-47b1-b59f-bf3aad542c2c
12138_0,8d2707b2-0064-46ba-afc7-a427a643c9fd
12697_2,c14c6d94-d6ed-40e0-a7bc-ee3b18f8782a
13905_0,e5b8f7b9-ef2a-48fe-836c-d50e7e35ae22
12653_1,4671de21-f191-4e63-ae80-87bf1fd029e6
11961_0,4e1a95c3-5f16-4242-a58d-fcce4f119597
11844_0,7e8d52d3-200b-4923-88d7-c9a10586a724
11668_0,d3189412-6b8d-4717-91c3-f900a7329dd3
12199_0,7ef35c77-d45d-4fcb-966a-db9e9bd6562f
12130_1,1c6e39e9-eeeb-4009-bed7-a05182b2149c
12106_0,89bccf00-5b8e-470b-a1e1-eec86f8ce58a
12533_0,48dc698a-fb16-4b8e-89e5-fa8d27695747
11855_0,1ed619c2-dd95-4449-9eaa-bdc5403bb634
12149_1,8c64ed94-9a1b-4597-8fa6-032171e22b47
12068_0,23a92698-b2ab-4588-98e5-789b48969138
11962_0,634c93cf-4e2c-4661-a658-1bff7ad372ec
12767_0,243725c3-cf92-47b1-b59f-bf3aad542c2c
11978_0,b2f64dd9-c2ca-420f-8fd3-218f069b2460
12103_1,d109506d-1926-4c53-affe-58fb2f4cdc3d
12044_i,f1baf592-037a-4d2d-83ab-92a08c3590be
12293_0,383b7f3c-f2a0-4725-99c7-b84cb6cda624
13199_0,a8ce68b5-1cf1-4502-ae96-37f8987aeda8
11950_0,e11e86f3-3fea-4d2a-baf0-7c45216da4b8
12078_i,0a6ed4b7-ea3f-4678-ad0a-d43fc082812b
12205_0,8026b816-429c-4439-9606-d767312aac2f
12441_0,ca4c6623-d2d8-49f2-88c2-4929962ad24f
12454_0,2cdfa79a-d57b-4437-b7f8-6099176df2de
12208_0,16348f61-e0ce-45f2-8ca2-b820a3e32e1d
12380_0,4f720744-6c86-444a-b73e-46312c790631
12142_2,7f27955f-4324-46ef-a05c-7428d2f9ea12
12198_1,68bce61e-9641-41ab-a488-ce028f460375
12188_0,bf5dbc09-50b9-4e5d-a2c4-5694b0b085d4
12206_0,ceb206fe-4c0a-4f57-aa9f-ef11c9279d6d
12127_0,5b45fb98-d7fd-470a-92b6-782cb164007e
13630_0,fbfb4649-042d-499e-8a2c-a181fd8b5143
12202_0,a2f4e035-cc94-4bb1-a0c8-b69b634b25c3
11985_1,634c93cf-4e2c-4661-a658-1bff7ad372ec
14003_0,efd8fe7c-5f6f-42b5-972d-321bf6a1b8da
11286_0,bea8be00-2a57-44be-bd01-4515469d8c45
12791_0,8d40b47c-7cca-4aa8-b5b8-202db3c2f352
12620_1,243725c3-cf92-47b1-b59f-bf3aad542c2c
12276_0,30e51e8e-0287-4917-a89e-1239e1b97892
12237_i,71f74706-e43b-4617-b851-c597ec3724e3
12913_0,4eef4fa2-281c-4482-a4a0-55ddb0e0b196
12504_0,9e0a128d-8f23-48b8-b3ba-c179b322f7bb
12744_0,c83ad79c-8d3c-44d6-81f0-5e69d845f641
12598_0,dacfa0bf-5e74-4dac-b604-ae0f9f1152f2
12929_0,22f97cd9-292b-4581-b149-d5bbd0f9f900
12346_i,e4bc696c-b3af-4824-9c02-1cd969420452
13881_0,b750470d-dd4a-49a5-a67f-051f2aaa8648
12855_1,ac5082e7-1a68-4870-aef0-26210af4159f
12147_0,e70a693d-e405-47a9-845c-fd2083431532
12162_0,e1d22860-db10-409c-ba1b-e3896b4cb285
12425_0,b17c9df6-13c6-431b-8767-33ce16f3767b
12433_0,af284c3b-a2b8-4ca6-9da8-46806bcac5b1
11984_2,4cdb80a1-61ee-47bc-9eb5-45a23aebe77e
12456_0,ec1f0c0b-0aba-4293-84b3-57d2a0a2bb1e
12286_1,6bf3ee63-d92b-4d54-a299-0332eb6f4827
12417_0,1329eea0-b0a3-48bb-b57b-fbfb0dbe3d74
12371_0,a876d401-aafe-4bb6-9de7-a97ce5183914
12880_1,c772d80b-7c9b-4162-b352-e3ba071953e9
12619_0,524983cd-3a71-4300-a2ed-ea742b89c9fa
12439_0,2e31d142-412c-4917-a284-cdc7aaa7ee40
12508_0,4e2dfccf-8172-49d5-850e-8a6ff347255d
11930_1,1c6e39e9-eeeb-4009-bed7-a05182b2149c
12490_0,8aec1744-adc2-44a2-81c2-905aeb5f50e6
12479_1,dbb80a9c-b180-4757-91c4-05bea4441a2e
12478_0,20b4d0ee-d5ba-4e11-b74e-f4f6fae9e001
11840_1,067f710a-992b-42ba-8089-2088e0933bd1
11626_0,933a61cd-d8ec-420d-9a5e-0b8d95826f98
11816_1,7428d1b6-f8d8-4e58-9d0c-52d0350678fd
12881_0,ed5aa34e-801d-4178-9db4-99367007dfeb
12340_0,8a18dacf-070a-40f8-8f1f-5520f5cf63ea
12575_0,d73817e9-246c-4157-abe4-06052defd21e
12581_0,7d817ef8-b071-44d1-a535-ec5ce95d575c
12940_0,f9c538b3-0595-4845-8230-e8ea5b05ca49
12592_2,7c6f48ba-7b9a-416f-a27d-60fa193ba2a1
12588_1,eef311ea-d6b1-4e58-be26-2d5d38bf4a35
12738_0,0659977e-ca36-4e83-a495-e282031469f6
12610_0,8e109202-f863-4961-b31f-ff0c563e8489
12605_0,b750470d-dd4a-49a5-a67f-051f2aaa8648
11037_1,b45f46ba-55a4-4351-b9de-a7094a07bd57
13160_0,243725c3-cf92-47b1-b59f-bf3aad542c2c
12933_0,012cfc8b-c5a4-4aec-b268-c14dc5f52f0e
13229_3,5471f683-4c31-4833-aceb-4f3b422b7c6c
12677_1,ae24ccac-b8e3-4c5a-88d7-351bb1060999
13859_0,b7e7bbdb-f2a5-4153-a8a8-dc0f534eaf88
13263_0,c80ccf3f-dcd6-44e4-9986-29673f496413
12790_0,b750470d-dd4a-49a5-a67f-051f2aaa8648
12659_0,adfb23e2-c51e-4ea0-9f5b-7fe4a7d65a06
13002_0,b19169a9-c1d1-459a-9a10-92fbdc6a1986
11905_0,8a42326b-1dea-415a-9b37-d5b70aa69046
12998_0,d772e7ed-c418-4b95-9ebe-ba209aacbbd0
13087_0,38c3bcdb-fa28-43a4-b1ab-2f4d82cea51f
13091_5,05a5f81e-7a90-4789-a537-80a66459d7f2
13504_0,617d069a-ab72-4f10-aed3-a45ad394f86a
12915_0,105cb0f9-cc6e-4fc8-ba5c-3c4275177874
12942_1,a82ee989-7564-458a-a7a8-b13038077406
12861_i,37b5d9a2-e1fc-440c-b8f7-462a40b3d24b
14441_1,40609104-88aa-42a1-9cbd-98bc8b846239
12923_0,a162902d-0631-469a-bc75-5572a04f135c
12873_0,39e308ae-f407-4ef3-8b28-dbd413d61dca
13675_0,243725c3-cf92-47b1-b59f-bf3aad542c2c
14119_0,9bd745f1-e038-4720-90dd-99be5f645a1a
12897_i,2cc6a357-63c9-49af-823d-ffa84cd6049d
12674_1,74584378-e519-43ae-98a4-f23de8804b48
12901_i,4eda3b86-58ad-4226-9b03-d17423a70a68
12753_0,b750470d-dd4a-49a5-a67f-051f2aaa8648
13529_0,019735f5-97d4-483d-bbdd-2bcc9ff5da27
13220_0,712ad626-36a5-419d-ba5d-64ba5e58a92a
14227_0,d71790ac-da80-48bb-89f2-f72c3dbc8a2a
12820_0,1ed619c2-dd95-4449-9eaa-bdc5403bb634
13658_0,51b4bf66-a62e-4d22-ba90-4a00681a0345
13681_0,63abb90a-8695-4348-9c71-bcb8bd71883d
13056_6,a810e54e-2f2d-408e-823d-6b15c04e613e
12138_1,8d2707b2-0064-46ba-afc7-a427a643c9fd
13905_1,e5b8f7b9-ef2a-48fe-836c-d50e7e35ae22
12967_0,dbdf2733-010f-4f4c-a19a-84da77fa79a0
13054_0,e1baf6e3-9816-4612-9e9e-f6c1918b9f20
13375_0,27f19c5b-f477-4a50-855e-80abf6aa295f
13200_0,631bd8f2-8e7c-4cec-8d18-ed48318a274b
14585_0,10e01691-a3ac-4e88-8cc9-4927718601a4
12932_0,41298a0f-d954-4284-a3e2-bd028ba24762
13577_0,41298a0f-d954-4284-a3e2-bd028ba24762
13162_0,b6eed3df-bbbd-4167-b01b-c253d12a7a3d
13354_0,d991e236-643c-4c46-96d6-1b9aae55b29a
13301_0,eccf29b4-0fd9-4a60-9307-eab1cf87096d
13221_0,a810e54e-2f2d-408e-823d-6b15c04e613e
13742_0,b2f64dd9-c2ca-420f-8fd3-218f069b2460
13100_0,e9bf24e1-8e78-4dc3-965f-7e158d2815a4
13238_0,8a7c6f61-1bfc-4381-8a32-ae2aaf5e62e4
13387_0,383b7f3c-f2a0-4725-99c7-b84cb6cda624
13199_1,a8ce68b5-1cf1-4502-ae96-37f8987aeda8
13343_0,3b33b0ce-3660-4187-ba04-0345d8d43a3d
13256_0,79af9841-070b-43b1-8c64-14384563aee8
13281_0,8026b816-429c-4439-9606-d767312aac2f
13234_0,08c5d1be-27cd-4ab7-9dbf-7e3c6fe2ce11
13816_0,1164bddb-535e-43b5-b1c2-14710c5e5178
13872_0,6c77db70-c5be-42cc-aad2-451589318ca5
12978_0,fef22d10-3ab7-4bc1-ac75-fc99b1219a20
13630_1,fbfb4649-042d-499e-8a2c-a181fd8b5143
13550_0,eccf29b4-0fd9-4a60-9307-eab1cf87096d
14003_1,74740830-34ff-4b8d-8c56-858f6d2ed1c6
13280_0,bea8be00-2a57-44be-bd01-4515469d8c45
12791_1,8d40b47c-7cca-4aa8-b5b8-202db3c2f352
13689_0,a2e46675-9e70-4275-afe3-25bdb5a953ea
13230_0,2f8fb482-7f39-424f-9101-4c6ae2aba4c1
13827_0,59ad2877-4a37-4656-8c94-8d3b8f0886a2
13585_0,4eef4fa2-281c-4482-a4a0-55ddb0e0b196
13735_0,c83ad79c-8d3c-44d6-81f0-5e69d845f641
13686_0,3d321048-0f1c-4070-8dc7-df795ac34b33
13392_0,e4bc696c-b3af-4824-9c02-1cd969420452
13881_1,b750470d-dd4a-49a5-a67f-051f2aaa8648
13344_0,a810e54e-2f2d-408e-823d-6b15c04e613e
13077_0,bb625dbd-f5c2-436e-a140-2ca6840ed7cb
13747_0,e875c00c-28dc-4368-aa98-40b629fd9865
13809_0,ec1f0c0b-0aba-4293-84b3-57d2a0a2bb1e
12678_0,3639a9a1-40a0-4f18-ba41-7459cef3c45d
14042_0,1329eea0-b0a3-48bb-b57b-fbfb0dbe3d74
13695_0,04e806ef-c838-49cc-9ddb-38653ea5290b
13728_0,c772d80b-7c9b-4162-b352-e3ba071953e9
13621_0,0134c998-bf26-469a-ae5e-a6a06982bd94
13593_0,b5f573dd-d58d-4a5c-b12f-9dab0ffa3771
13562_0,fa594cf6-cdfd-4e45-8858-9fd182c345f6
13696_0,9bfac526-77cb-4cfc-a871-b28ba6f12e27
13552_0,dbb80a9c-b180-4757-91c4-05bea4441a2e
12505_0,20b4d0ee-d5ba-4e11-b74e-f4f6fae9e001
13666_0,e1c7e023-724f-4da1-8871-b886b971c10c
11816_2,7428d1b6-f8d8-4e58-9d0c-52d0350678fd
13867_0,8a18dacf-070a-40f8-8f1f-5520f5cf63ea
13417_0,af7dab0f-7ce0-4458-9a5c-10ccc91de4a8
13993_0,7c6f48ba-7b9a-416f-a27d-60fa193ba2a1
13638_0,1fda55e0-5c06-484c-9c61-fea3dfc3be16
14044_0,3a49a0af-7182-4fcc-9e88-2500e818de36
14023_0,8314d6f3-b904-4c1a-bb0d-d4f247e8e5fa
13229_4,5471f683-4c31-4833-aceb-4f3b422b7c6c
13859_1,b7e7bbdb-f2a5-4153-a8a8-dc0f534eaf88
13722_0,f91e9ab8-42da-4067-aa74-9f63d4edfc4a
13830_0,23037a2d-71b8-4143-a8f6-3c1090e40482
14148_0,9e43f7d8-f034-4d55-912c-cee84b4f49eb
13656_0,8133eefe-c82c-4225-8138-719eda448eb9
13453_0,d772e7ed-c418-4b95-9ebe-ba209aacbbd0
13714_0,243725c3-cf92-47b1-b59f-bf3aad542c2c
13730_i,d1140351-aa8d-4104-8809-ff2cbaf534f6
14587_0,674cdc76-afe2-4a86-9d49-c24d80059ab4
14306_0,105cb0f9-cc6e-4fc8-ba5c-3c4275177874
14006_0,674cdc76-afe2-4a86-9d49-c24d80059ab4
14441_2,40609104-88aa-42a1-9cbd-98bc8b846239
13870_0,243725c3-cf92-47b1-b59f-bf3aad542c2c
14119_1,9bd745f1-e038-4720-90dd-99be5f645a1a
14240_0,3ae30c56-d4d9-42c1-8a40-5d7b6feb2da4
13768_0,766605aa-1f4c-45e4-96d0-cd3232271b58
13906_0,43643b44-46fb-44f9-96c3-143b6fe0f4de
14227_1,d71790ac-da80-48bb-89f2-f72c3dbc8a2a
14133_0,452fca5d-9248-4658-99e8-c03321158519
13905_2,e5b8f7b9-ef2a-48fe-836c-d50e7e35ae22
14265_0,1b19ace7-d925-41ba-88d7-516827dbd0ea
13965_0,2273a8d8-ae5a-4017-b9f2-4df69c4a5763
13855_0,f44f6d98-c3e5-4771-ac65-af367d077512
14084_0,d21868c0-5174-435b-bb18-4ee12c8fc524
14585_1,10e01691-a3ac-4e88-8cc9-4927718601a4
13890_0,c9d4393a-bc1a-45fe-9b47-550cd860840d
14640_0,885d55b9-5017-4014-8d87-45cd1ba7b02a
14106_0,b6eed3df-bbbd-4167-b01b-c253d12a7a3d
13927_0,e1766527-f87a-4cda-a006-a1725facb689
13719_0,428345db-9fe2-4155-88de-63f15162d5cd
14011_0,b2f64dd9-c2ca-420f-8fd3-218f069b2460
13966_0,bae04b83-72d0-47a9-b9a4-05580d521a5d
14145_0,aca029af-2448-4f8a-a075-359cfaf9009b
14190_0,3b33b0ce-3660-4187-ba04-0345d8d43a3d
13775_0,62f0aba7-c065-406f-9f92-8090e89f8082
14105_i,fe9d9503-b4fc-4165-8be1-e4194a848666
14163_0,1164bddb-535e-43b5-b1c2-14710c5e5178
13872_1,6c77db70-c5be-42cc-aad2-451589318ca5
14768_0,344deb5b-fa50-4a32-b911-3e8202357cf0
14214_0,1bd7fd91-0dc1-4265-b04b-3381f1595452
14311_0,755050cf-3376-441d-850a-568b7667ce4f
14481_0,485034bf-f2cd-4db8-a576-e67c2c3d6a86
14497_0,c83ad79c-8d3c-44d6-81f0-5e69d845f641
14518_0,e4bc696c-b3af-4824-9c02-1cd969420452
13077_1,b0e2c2fc-55dd-4390-b06f-b2b60021048e
14470_0,ec1f0c0b-0aba-4293-84b3-57d2a0a2bb1e
14438_i,d7454439-438e-46da-a3ac-8264c0acd493
14451_0,78b20263-3cf1-43b2-8893-76373bc393b0
14578_0,04e806ef-c838-49cc-9ddb-38653ea5290b
14850_0,0134c998-bf26-469a-ae5e-a6a06982bd94
14521_0,9bfac526-77cb-4cfc-a871-b28ba6f12e27
14338_0,efcd18b1-5296-4bf7-9516-62de709132fb
14838_0,3f31cfcb-238d-4fd0-86ac-516e8d3cbb64
14685_0,3a49a0af-7182-4fcc-9e88-2500e818de36
14023_1,8314d6f3-b904-4c1a-bb0d-d4f247e8e5fa
