6280_i,b3f1376a-e8eb-464d-a64e-ecbd6eac987a
6289_i,035d38d4-c77f-4c7b-9827-4b76a5eb3906
6294_i,45c6ca3d-92ee-4267-abac-9174ae6bedd5
6295_i,a50b7c63-5544-4390-a19a-22253791771a
6299_i,32d57f3b-5c30-488f-9557-56e033e36c51
6301_i,29f4a947-def7-414a-97d3-d8a998ba834a
6305_i,7f54d78b-d2ef-4dbb-9963-82e7e0809d7f
6307_i,d1b31986-77f2-43b6-afff-f32cbf1e3a62
6316_i,59607041-92f0-41e2-bed0-e0fc70741950
6332_i,cddee99c-5697-43cb-91e5-3c360cc76b26
6337_i,0ef037e3-b34e-43d1-bc58-7ab5d0a2abc8
6344_i,00c95849-27db-46b7-bc0d-5ede93a937e8
6375_i,5eecdb35-1c61-4248-aaa5-1550c9d1ba9c
6378_i,109c062b-d7d1-44e6-94cc-d079fc04b7c3
6379_i,7b953eb7-d789-4cca-b027-5a0e0d22cdcf
6388_i,99f1093e-ad66-48fb-a5a9-8f87991ae327
6398_i,fcb74ddf-a2b6-404b-bd05-cc3aed26e32d
6409_i,c6f1ea1b-b885-44ea-a55e-8e421491e4f1
6410_i,44f250bb-8691-4628-812a-f4a7c55c578e
6411_i,ab42153a-5d56-44f3-833c-17ea3521aa7f
6414_i,8196fc44-6662-46db-9804-d9fd254e8e2c
6416_i,d49fba5b-0dac-4741-83d0-d6da00022297
6417_i,1e6dae08-cc2d-4343-894b-dc1359357985
6418_i,46e9a302-866b-457f-8db8-7d7518c62e78
6421_i,ed087e93-113d-4161-90ad-067be64e57ef
6431_i,ea0e5f14-d964-43d4-abad-e7e2ab5ac96e
6434_i,8768bb7a-dff2-4167-a778-317c1e68b9fd
6435_i,002174de-79c7-4492-a831-d809938463f8
6456_i,99ddd6b7-1a8e-44ec-9da5-4cab97db6b7f
6459_i,1d71845e-3c68-4491-9d23-9acca983f79e
6464_i,2ba3954e-1467-4a79-aad3-256f7388ea82
6466_i,c67cfc3d-60b0-4821-a4a5-8ba9552540cd
6481_i,98ff22c2-582f-4b3b-b71a-e548a43cd9e7
6499_i,d7c09f46-999b-46cd-9e65-abc515cca586
6500_i,205a240a-acfb-4e78-9a22-d516d28354cd
6503_i,63ea5e64-8022-4e87-a628-fe2e816e30df
6522_i,8ede4c7f-e021-48f4-a690-d814b46c30b3
6531_i,58509028-bab5-423f-a4e6-1e3f79c10cd7
6538_i,8d0652e5-e8f2-49ee-bbc9-d988db88d8a5
6548_i,5f051224-2c28-421f-8f3b-eb6d6520fe6e
6552_i,1162b9aa-006f-4a86-aa4a-7bedf0e3fbc3
6557_i,eec8990d-163c-441b-94e9-6cd4e626ceda
6573_i,916696d9-1e64-430f-8857-bd52862af8b2
6580_i,5abbb282-7756-4207-ae4c-89891abb3d70
6614_i,2bd4c18f-eedb-47ae-95a5-6fcd9627003b
6639_i,388be142-4825-434b-a92c-49285c022e50
6645_i,e5e44693-5281-47a4-ae36-1966985746cb
6659_i,eb5564f4-642f-4f1c-b94f-d2b411aa0c8a
6660_i,8298b53c-61c1-4482-8ead-22dab3138fb2
6662_i,421b4c33-fbfa-475f-845c-e07b386ba37f
6712_i,4273e129-341d-460c-964b-b394d1ac9899
6736_i,4fb4e9e6-a1c2-42bc-aa9b-457ae82c1667
6759_i,78821d69-3620-42f4-be2b-bc14eb5b7570
6762_i,c5f61668-871f-416d-a387-8b03448c8599
6769_i,0153082b-2801-469d-a03f-826a6bc5c0b9
6784_i,40570f67-667e-49bc-8b05-b62ac9d5b08d
6791_i,e9609c66-df0a-40b4-a788-944efb694d66
6807_i,b42ebc5b-ca08-4559-acac-eab31a3d96f8
6814_i,d4faaf78-cba1-4f92-aee3-23d49ee229b2
6819_i,743a8f90-4983-42be-84a0-02a4ad1f97a8
6821_i,924b31b5-b63f-4a42-a2a3-9ee638bc9654
6834_i,82e1047d-567d-4c62-818c-ad06e2927e15
6839_i,65cd7220-67a5-4412-bab8-fc7f5a9d92c1
6856_i,24dca9ea-2016-4b58-8cc2-baae3823464c
6869_i,a282315d-14e5-4e35-b4d1-242f50016a59
6871_i,1838cdab-19ad-4055-80fa-8c004388934f
6885_i,9dcda78c-7a98-4ebc-81f4-94425254cb5d
6887_i,0a3d39e2-d3d6-4652-82d6-cc7ac7865026
6904_i,ae8f28f9-75fc-45b2-adf8-24ad19269190
6906_i,ee302a20-2ef8-444f-9a34-cce8fec1d090
6933_i,3dd273ef-5928-4475-96c7-679263edc8f0
6941_i,1fbb781a-baaa-4e75-8d04-1c637a2dd768
6942_i,92349396-cfd5-49cd-beb2-19d30d6be58b
6948_i,0fcea147-9471-499f-bc87-a24735bb38dd
6979_i,4785ed9c-65f6-4817-9448-4e4d43566b63
6981_i,aed50711-27b3-4e20-b67a-63b45cf7e63b
6988_i,ebb55cc5-a0b4-43e9-8c0c-cb020539ac28
6991_i,1fd21672-9935-4984-9578-cdbc0226c66c
7017_i,9694d864-f7e9-4036-a456-bfa8c458d5f4
7023_i,400c63eb-0b9c-4bbf-902e-fa184bb62179
7027_i,76b87a00-0b9c-46ea-99ae-895e2df51303
7035_i,ce08f377-531e-4427-93b3-5151a3fb39cc
7059_i,f7b724e1-e372-45c1-80e5-8154ef68c9b5
7073_i,c9b2f4a7-c5ec-4ba7-baa3-8e0b051a0531
7080_i,0ee43182-f319-481d-894e-fa4565c6c7ea
7137_i,7fba5408-52d5-4f07-89fb-6d4119d18ed9
7141_i,6871d160-ec0c-48a8-9276-809641977309
7152_i,c89ca481-e585-4497-a465-c77231c0ecfd
7157_i,ace78bd7-d408-4f59-abd4-e19ed2e43692
7165_i,e502caf2-805f-43f0-8206-48e0b4c56c27
7175_i,5a0c513c-80f8-44d6-b365-598c7541bfb0
7185_i,16f2b2f3-5f88-4228-85ed-6ff7450b8aa6
7188_i,5754f646-2b12-4120-be8c-156c8eeda4c4
7193_i,d730d20e-a99f-4a62-bc99-6a04d9f3ea4f
7254_i,5da2377c-51aa-45b9-9128-ad797aac00a8
7261_i,84fb0d40-d256-43f5-afb1-4e8e591c0781
7273_i,6a23056d-0e4b-4229-8757-ab0e3ea55d2d
7319_i,fcc81e4b-ddc6-49a5-a492-fb2fd61fb974
7338_i,7807019d-b67d-43d8-85f8-85f91db781ed
7377_i,08283e90-5d82-4180-a129-55e77280e27c
7381_i,fde87bc0-4390-4adb-b8ac-4044e74c6c43
7402_i,9848e736-e9f1-4a08-9e74-094f85b7a106
7412_i,e42dc706-9494-4237-8cc2-0283d6a7f2b5
7441_i,981ec01b-2fdf-4766-a683-07f7d62b1b00
7460_i,c6690718-d5b3-4888-9df9-7c7a4f26c091
7473_i,e54fd7b8-4ce5-4531-864f-c30649a5e809
7502_i,d9432f7f-e4da-4c54-a027-126edb6b274e
7515_i,9646b3a0-9420-4de6-9a2c-7183cf3809a2
7516_i,2fe20dec-5b90-4fa2-a5b6-575fab17497a
7563_i,3e5c5ab0-ee37-4822-8620-6b3310bbe341
7572_i,a43b3680-dda4-43e0-98df-43bf693fa189
7593_i,9d581ea4-bdc9-4290-b4e8-b4b0d6351fbe
7944_0,480a83b4-b65b-4e76-9cf2-a94ea1f41fd0
7599_i,2019930c-59cb-4e15-a279-63754c106f09
7767_0,24d8f439-bb46-4abe-8c7a-290a1d66ef8d
7612_i,d03872f2-118d-448e-adac-8bfbf9990b79
8449_0,bd060476-ade6-4d27-b8fd-f2bda5e49854
7960_0,ab606a26-d22e-4bec-9e4f-5fd1b2180b10
7812_0,03412a0a-91d6-462b-8ebc-84dfa8317357
8027_0,c5941490-d674-407d-be7e-a90fae93ee83
11178_0,9b10cb3b-806a-4fe8-be8b-ee5ff9099c8c
8129_0,b8fa81e6-fed7-41a6-a43a-2068c8ccfdd2
7630_i,9ff4208a-900e-4121-aacf-ad6f29094db4
8395_0,7cfb6e9f-e3c2-4d1e-9e77-eafec006c3bf
7771_0,237c2820-901b-47a9-93ac-b4556c501016
7156_0,1e6c26c0-1f58-4555-ab5c-11520c599a78
8407_0,aa5a5116-1a46-4e59-8129-1ad6ba0a2554
7760_0,8609fda4-0615-4a5d-851c-fb482c731d08
8657_0,adf2079d-0fb2-4e26-97ea-7ca98df0531b
7961_0,d865711a-bf39-41f2-bfa3-368cf4a9b2ec
7652_0,9a5b35bf-aa9b-4fcd-ac17-480cdaf91e33
8303_0,c5427302-ae43-4fc2-946e-19875b0bb5e2
7729_0,5f0b1d34-484f-4095-90b5-d0eb9c7e6725
7750_0,06c907a3-ee9f-4cc4-a183-6e9ca060376a
13056_0,a60d3057-dc51-4cbb-985c-de8d9332c4a5
7104_0,b226436d-f0af-49dd-b181-2807d10feba9
7724_i,46f2c508-a04a-4299-b47d-4f573b050957
8174_0,09f26a98-e75f-4757-b22b-e661f8061c3e
7665_0,1d434301-431a-40e0-ad8b-109ccb87afe4
8065_0,6542f8a2-59cf-4756-a794-4472c4a1da24
7731_i,6172df5d-2805-4bfd-9703-28a4a9805413
7971_0,033739d2-6f45-4e4c-a280-67eceadad0f5
7784_0,1d71845e-3c68-4491-9d23-9acca983f79e
8229_0,8d973049-5a52-4b64-a48e-a12cf05690c4
9644_0,c9e7d00d-d828-46b5-a992-e53395c78a6c
7768_i,f6269c1d-cf09-4fda-a430-f885ba73a28f
7769_i,a2ebca66-09cc-4d17-840a-37decc3b0ef2
8244_0,e85669c2-e2e8-441f-bf0e-615dbfb2f82d
7783_i,e2a2c846-4515-4907-b3b9-bdd6b2a60f15
7967_0,b7836f7e-6a75-4f60-8d88-ca2100aeada3
7825_0,edc6cf81-138b-4e5b-8fa9-3281c6e118d5
7808_0,55ca63b0-2935-4da5-8217-121f6757ebf3
8069_0,a87eded7-6322-4570-9a02-12f275a88f97
7103_0,a5fb0336-96d9-4122-ba97-5a74893ff2fc
8948_0,f89f4d58-43ad-4bf5-8018-3b1c2881a46a
7838_i,2c0c4c9b-994b-4b9a-a7b3-ecbc5a587305
7833_0,e245142b-b98d-413d-ac49-0eaf70a580b2
8436_0,f7964a21-0637-4c02-aaf1-40b63c9ec402
7853_i,bcba789d-5b9e-4b75-91b3-a4948369fb2d
8385_0,919f3585-73fd-47f3-8d72-bac2adca555a
7898_i,7285184f-4881-4859-90ff-afa780788e5e
8703_0,62e3ddbc-9d6a-4af9-b0df-3a1914f43a13
8009_0,cb9efa63-00b3-489e-b108-c83ebca1ebcb
7915_i,74711490-84a1-4de9-a712-a698339bbad5
8172_0,84c8d2b6-980d-4d3d-aa76-4ecf84c648f6
7989_0,0c87eeb0-d723-440d-91ae-11e99c1ec040
8159_0,c5c87c7b-56b1-47c0-ac0b-c9d7689b3c5c
8337_0,54c68313-84cc-4bb6-b630-d80ecd975242
8897_0,d629cfb7-76ff-4af9-a0b7-e90a643c96b7
8012_i,4d2b864a-f108-4bdd-83af-6315ef96c4a5
7772_0,7b52ed4b-d176-404a-97a2-5d5460ab0e27
8322_0,eec1afef-a4e4-41a8-bc92-d9c505a19c3b
8205_0,1a224141-63c1-412e-ad67-589337ea84a2
11134_0,5b1c9362-c309-4729-88b9-3b06780da855
8195_0,65fced05-ce62-4c7b-b075-2a1a0627bc87
8356_0,e05c5497-7931-4593-859d-b1cd4ac13abb
8832_0,ea047f6e-ab8e-4c32-b172-7a96063d8dac
8185_0,5c4c5556-1a09-40dc-9a32-af34974d4e2b
9724_0,f26c6d3b-9a0c-4787-83ff-7f3153ed6e88
8056_i,eb608463-24ec-48b9-8658-0db3fbf487b1
7755_0,82e1047d-567d-4c62-818c-ad06e2927e15
8073_i,f57aeca9-56be-4d69-b980-23ca8c2c373d
8019_0,4a84f479-cd26-44e0-8961-ed8c34289d4d
8089_i,446fce87-4469-4906-9668-607245b1a4e0
8658_0,cc442e87-989e-4dfa-84a0-d129381b0c55
8101_i,0f88a558-b902-4bb3-94c4-c3dcb35ef6cd
8247_0,a282315d-14e5-4e35-b4d1-242f50016a59
8108_0,d821a200-8bcf-4fa8-868e-9d6608a855af
9103_0,1677d1e6-9580-424b-9271-a8e54995bdab
8116_0,409022a2-607d-4ad2-9910-5954038655ef
8130_i,a636e999-7c2a-4b69-b819-51f3fce38ac2
8135_i,60292301-ed4b-49e5-9e70-7f22d1a029ed
8152_0,e4799af0-041f-4552-b65e-81653d26b7df
8789_0,7d7db8b5-a168-459a-b4c6-f167e9915aff
8169_i,1756c8e1-0333-414d-96c9-6707293c43b1
9207_0,71bb129d-fd13-4581-9e0e-7ee082e04ddf
9081_0,101e6bd7-384f-4528-9a7c-a9c645025626
9385_0,3ad031f8-ff00-4007-be4e-41c81e197dee
9085_0,bb22e30e-753f-4bf1-baea-d7ad286e0f78
8192_i,89ca4eda-2398-4375-a6b0-644ba044adb5
8211_i,61096ffa-18d9-4dbc-b74c-3b22e2f15006
8740_0,c7da97d7-c652-4e86-988e-9ccf93e6ad0f
7787_0,aed50711-27b3-4e20-b67a-63b45cf7e63b
8224_0,5135eeb7-7876-450c-9031-8a75a1e6a92e
8245_0,5e64824c-c8e9-4c57-b00f-a6248ae08fde
7282_0,087f2f37-f6c6-4f85-96de-19ecddd61960
9197_0,d06e0bd6-3caa-49ff-974a-c68601f06116
8804_0,813a0d87-4c20-4c06-a2f8-8a3c24600aad
8270_0,f42708bb-ed8a-4601-aaf1-ac243c0941a4
8313_0,b5d86316-ee78-434c-8ab6-b7c7ba7ea230
8297_0,1c0a297d-18a8-49f9-8b57-23dd07dff0e4
8243_0,45607e7f-0daa-48f2-add1-7308d6356633
8558_0,663e4ca7-4ff2-4aff-9383-e305228dfa16
7152_0,c89ca481-e585-4497-a465-c77231c0ecfd
8645_0,8f63e88d-e65a-40f1-b87a-030899743d1b
8643_0,98af7dfa-2f1c-4f6d-a163-8d0286ea40c0
8096_0,1e7f29e3-a9b5-48db-b979-8fb7dea9b932
8370_0,712681f3-d855-4514-a68d-18573fcdbb40
8711_0,a4064389-c6fd-4d2a-a2bc-885219484925
8933_0,05f6d6cb-a425-4c4e-b9ad-c0f94233c330
8745_0,5b1deb2e-ab36-481e-9a79-dcd227cfbc2b
8314_0,8f711427-1071-4b9d-b518-2dd96b8ea9c7
8221_0,6cf244c9-0395-4299-9868-a61e611970ea
8339_0,a10771fb-c2cb-49a1-9461-8f80a2550eb0
9422_0,1350f12e-3dcd-4173-9f77-af8350d103b9
8516_0,6e91ddcf-e0dd-4421-860e-0bcd07f8533d
8622_0,dbdc898e-35f8-43d7-8469-c6e4a4cd9c59
9405_0,8163794c-ead3-4065-acb0-df2fe075f78a
9098_0,b90abe86-bed6-4bc7-a3cd-e61477d935be
7873_0,e5c49d53-473c-4dd3-b5a9-227c003585dc
8664_0,869b5e09-fd45-4d59-8fa0-4693810ae755
8321_0,f474f549-de4f-4e6c-bada-6dc6ef59fd65
8525_0,37e009d1-5f8f-4c7e-a7ef-f47e8f7f33de
8294_i,bd3a3ff7-d2a7-4cf0-993e-1b786cd04433
8304_i,88af7773-853e-4361-8e6e-8274612e9801
8458_0,bcca112a-ca93-4af8-97be-c5431a0ba573
8346_i,d5fcafb2-2a3f-4434-b8ce-3c505213875f
8042_0,f706b2dc-588b-445b-af18-58cfa77c7f78
8368_i,88da7cdc-a368-487f-b42b-1f264f6aec37
9400_0,463726d3-b449-4c4b-a180-d89af43cf398
8410_0,2c35a286-172e-40b7-bae2-fe48ee52a8f4
13091_0,d7a263df-44c3-4fff-804c-863818abb48a
8449_1,bd060476-ade6-4d27-b8fd-f2bda5e49854
8414_0,4071bc12-1bfb-43ed-8afd-d2754b71ddf5
8390_i,6544b30a-ceb6-4bba-bbf6-f8ff41833f4f
8097_0,03412a0a-91d6-462b-8ebc-84dfa8317357
8400_i,1d1e07e6-af14-4064-b7f0-be078b04b544
10405_0,74ca848d-28f0-48bb-a8b6-20434f0478fc
11178_1,9b10cb3b-806a-4fe8-be8b-ee5ff9099c8c
8129_1,b8fa81e6-fed7-41a6-a43a-2068c8ccfdd2
8927_0,d14c06a5-05cf-4736-a10d-a9e4de45c5e2
8395_1,7cfb6e9f-e3c2-4d1e-9e77-eafec006c3bf
8426_i,90d12003-e301-4bdd-a7d7-eee80376e927
8431_0,9d7734f1-15ef-4ecb-a27d-347b852be2f3
8295_0,06be2ebf-0e18-4f96-8247-b0d9701af4d9
8445_i,b6f8d6e3-0bd5-454c-9c4e-35853232432e
8478_i,b2fd4206-6bf2-4dd3-a2f4-13012994bd28
8604_0,0465e5e3-a82d-4762-85ca-a53c3c8da029
8323_0,c1a9f5cf-c4e2-43cb-9848-a7ae4def5dec
8657_1,adf2079d-0fb2-4e26-97ea-7ca98df0531b
7961_1,d865711a-bf39-41f2-bfa3-368cf4a9b2ec
8765_0,b83a4468-1e70-45a9-afbb-180121542756
8406_0,dd35f430-2292-494a-81fa-c678743b9f9e
8498_0,5372e6d5-dc24-4ac7-83d4-552c38731ef4
9182_0,b081768b-997a-43c5-8663-ca88612f7183
13056_1,a60d3057-dc51-4cbb-985c-de8d9332c4a5
8428_0,b226436d-f0af-49dd-b181-2807d10feba9
8504_i,2d7ef5c2-1b9d-484d-a12f-c462a6e5f355
8328_0,3b7c7025-2c07-4086-b7cf-f3ce6880f8a3
8416_0,48d14aad-b434-48a8-b329-7e0ff2b6c38c
10005_0,8d059899-f04d-414f-85eb-e9edd373888b
8663_0,e2402bc7-7e50-44de-b630-4a0591214e11
8698_0,e4a72d5f-751a-4230-820c-4e967385ac00
8397_0,1d71845e-3c68-4491-9d23-9acca983f79e
8741_0,dd0ced4b-de69-4688-b595-ce9627ff1e9f
9644_1,c9e7d00d-d828-46b5-a992-e53395c78a6c
10752_0,e4770291-ba19-4a36-a948-2ecd162ff08e
8967_0,83733d55-0f37-47a7-9a13-ec65a356a7dd
8905_0,f164e466-bc78-4a3f-9bcb-407e60e31d9f
8411_0,6b34cbef-f7f7-4444-b92b-e76f1df76c09
8618_0,6f342018-9248-4fa6-865e-b08712d604b9
8579_i,a7e69eb4-f5eb-4f43-80c6-1af29e6482f5
8599_0,85354344-97d7-4095-9917-a2ef13625414
8594_i,4aade5ec-d27d-4b9d-95f5-dd9e3f759acf
8879_0,47d5881c-0441-4161-9021-861d259005b4
8613_0,1894debc-6823-490e-878e-da352c31955a
8351_0,a85ba8a7-f42a-4eba-a6d0-02881724d8fd
8948_1,f89f4d58-43ad-4bf5-8018-3b1c2881a46a
11440_0,0a4079f1-fbf8-4e01-8975-224cd045dc9a
8394_0,c987dacc-93a3-4312-8f7c-43fa170fb0b0
8436_1,f7964a21-0637-4c02-aaf1-40b63c9ec402
9787_0,9126b06b-c673-4ffc-995a-cc2cebbc7481
8870_0,4059eb63-1285-4dc4-8439-5c2c0e638f85
8818_0,6adebf33-3c18-41ef-829a-168f4e14d5f4
8703_1,62e3ddbc-9d6a-4af9-b0df-3a1914f43a13
8534_0,00b9e7e0-4222-4636-863e-4b6046feaa7a
8766_0,6e625056-db4c-44b0-be2f-c4c845d8af0e
8609_0,84c8d2b6-980d-4d3d-aa76-4ecf84c648f6
9748_0,c5c87c7b-56b1-47c0-ac0b-c9d7689b3c5c
8337_1,54c68313-84cc-4bb6-b630-d80ecd975242
8897_1,d629cfb7-76ff-4af9-a0b7-e90a643c96b7
8631_0,2a7e984c-2e45-443d-b49c-4a345e6e1686
8422_0,7b52ed4b-d176-404a-97a2-5d5460ab0e27
8719_0,12fc70f9-f277-4111-a6e1-46e9d74918be
11134_1,5b1c9362-c309-4729-88b9-3b06780da855
8585_0,231aa0f3-5cb3-4c21-8212-f7445ce6c032
8697_0,dd56ac21-9cf5-4028-854e-04e9318ba6d8
8832_1,ea047f6e-ab8e-4c32-b172-7a96063d8dac
8185_1,5c4c5556-1a09-40dc-9a32-af34974d4e2b
9724_1,f26c6d3b-9a0c-4787-83ff-7f3153ed6e88
8345_0,aaf19aab-99d4-48ac-b04d-1b6f272ead96
7755_1,82e1047d-567d-4c62-818c-ad06e2927e15
8667_0,e29ebf84-859a-46a9-acaa-f3379c7d429c
8647_0,eeebb38b-c37c-4e4a-aee9-15312d04f472
8658_1,cc442e87-989e-4dfa-84a0-d129381b0c55
8718_0,a1139492-12b2-459d-b016-5df05da97548
9103_1,1677d1e6-9580-424b-9271-a8e54995bdab
8710_0,33667927-a507-4a24-aefe-966f07e9a4e9
10029_0,55e2bf1a-9fa0-4c0b-9f4e-5b7887907efd
9747_0,1cb25b21-689b-498c-ad33-0c4882011ebc
8620_0,a60b51ac-4b89-4c47-96bb-2fb9268aea74
8789_1,7d7db8b5-a168-459a-b4c6-f167e9915aff
8584_0,10f6e466-0df2-4dac-ad09-c1d7bc513c5d
9207_1,71bb129d-fd13-4581-9e0e-7ee082e04ddf
9081_1,101e6bd7-384f-4528-9a7c-a9c645025626
9385_1,3ad031f8-ff00-4007-be4e-41c81e197dee
9085_1,bb22e30e-753f-4bf1-baea-d7ad286e0f78
9026_0,b4c0ee70-d5ee-46ed-922c-8439a483c2fa
9127_0,24f77fc1-83c3-47fa-aa81-f0634b676681
8740_1,c7da97d7-c652-4e86-988e-9ccf93e6ad0f
7787_1,aed50711-27b3-4e20-b67a-63b45cf7e63b
8224_1,5135eeb7-7876-450c-9031-8a75a1e6a92e
8245_1,5e64824c-c8e9-4c57-b00f-a6248ae08fde
10401_0,1d58e3f9-b4b8-4ed6-978b-d08c21bf39ad
9197_1,d06e0bd6-3caa-49ff-974a-c68601f06116
8804_1,813a0d87-4c20-4c06-a2f8-8a3c24600aad
9136_0,8bb481af-a56b-43fc-bf33-7e7238ba2dd9
8297_1,1c0a297d-18a8-49f9-8b57-23dd07dff0e4
9245_0,8ef604f9-76be-4afa-b31d-17ee200a9b19
8654_0,616faa76-6da4-44b9-8af7-a97647457fdb
7152_1,c89ca481-e585-4497-a465-c77231c0ecfd
8645_1,8f63e88d-e65a-40f1-b87a-030899743d1b
8643_1,98af7dfa-2f1c-4f6d-a163-8d0286ea40c0
8738_0,eabd7e43-68d0-4f25-a9cb-7f498b6f81ac
8869_0,08122f99-8fd0-4b2b-8ee0-0aa0e5fc50b1
8711_1,a4064389-c6fd-4d2a-a2bc-885219484925
8933_1,05f6d6cb-a425-4c4e-b9ad-c0f94233c330
8745_1,5b1deb2e-ab36-481e-9a79-dcd227cfbc2b
8314_1,8f711427-1071-4b9d-b518-2dd96b8ea9c7
8857_0,6cf244c9-0395-4299-9868-a61e611970ea
8560_0,a10771fb-c2cb-49a1-9461-8f80a2550eb0
9422_1,1350f12e-3dcd-4173-9f77-af8350d103b9
10146_0,6d630bed-d262-4d44-8034-1376d0344f65
8622_1,dbdc898e-35f8-43d7-8469-c6e4a4cd9c59
9405_1,8163794c-ead3-4065-acb0-df2fe075f78a
9098_1,b90abe86-bed6-4bc7-a3cd-e61477d935be
8486_0,c02887c6-045c-400d-acce-19ed8051a61e
8664_1,869b5e09-fd45-4d59-8fa0-4693810ae755
8802_0,f7973aaa-cc64-41ab-9ae4-862054a9786b
8642_0,c53e1dbd-a9ce-4a82-86c4-ce0290d89e77
8625_0,64c05c25-3a29-4b83-b13d-bab6cba37415
8304_0,88af7773-853e-4361-8e6e-8274612e9801
8500_0,924bc638-8f75-4820-b81d-34ad71e070b4
8946_0,ac88d01d-8ca5-44bd-a9e6-56e0d56c0358
8587_0,94e12745-adca-4b21-aba6-752cfc7f0e23
8368_0,88da7cdc-a368-487f-b42b-1f264f6aec37
9400_1,463726d3-b449-4c4b-a180-d89af43cf398
8410_1,2c35a286-172e-40b7-bae2-fe48ee52a8f4
13091_1,d7a263df-44c3-4fff-804c-863818abb48a
8709_0,b08ccb7f-798b-40f5-bdfc-cbe79adc4025
9930_0,82e1047d-567d-4c62-818c-ad06e2927e15
9086_0,9441db1f-f5a8-46e9-96ee-13f20e7edbf2
8097_1,03412a0a-91d6-462b-8ebc-84dfa8317357
8686_0,10b7ccc6-5f9e-43da-9221-400097764c15
10405_1,74ca848d-28f0-48bb-a8b6-20434f0478fc
11178_2,9b10cb3b-806a-4fe8-be8b-ee5ff9099c8c
8129_2,b8fa81e6-fed7-41a6-a43a-2068c8ccfdd2
8927_1,d14c06a5-05cf-4736-a10d-a9e4de45c5e2
8395_2,7cfb6e9f-e3c2-4d1e-9e77-eafec006c3bf
8426_0,90d12003-e301-4bdd-a7d7-eee80376e927
8431_1,9d7734f1-15ef-4ecb-a27d-347b852be2f3
8694_0,c0ddd6e4-fb66-4c61-9570-5d8208da90c8
8445_0,b6f8d6e3-0bd5-454c-9c4e-35853232432e
8478_0,b2fd4206-6bf2-4dd3-a2f4-13012994bd28
8604_1,0465e5e3-a82d-4762-85ca-a53c3c8da029
8323_1,c1a9f5cf-c4e2-43cb-9848-a7ae4def5dec
8616_i,2153c854-16c1-4d89-96f6-7f2e3dc2de66
8657_2,adf2079d-0fb2-4e26-97ea-7ca98df0531b
7961_2,d865711a-bf39-41f2-bfa3-368cf4a9b2ec
8765_1,b83a4468-1e70-45a9-afbb-180121542756
9058_0,85eb7a33-706a-4e9d-a9d6-6eb62193fb7c
8700_0,bc7cceee-e00d-4d07-b1b8-a64f4d02c454
9182_1,b081768b-997a-43c5-8663-ca88612f7183
13056_2,a60d3057-dc51-4cbb-985c-de8d9332c4a5
8787_0,31922879-163d-4fa1-a929-457b675ce53e
8504_0,2d7ef5c2-1b9d-484d-a12f-c462a6e5f355
8668_i,7ec571e1-2f34-4008-950f-03caaa8e70d4
10032_0,8794bed0-a261-48c6-8b4a-92da6a227f69
8416_1,48d14aad-b434-48a8-b329-7e0ff2b6c38c
10005_1,8d059899-f04d-414f-85eb-e9edd373888b
8663_1,e2402bc7-7e50-44de-b630-4a0591214e11
8698_1,e4a72d5f-751a-4230-820c-4e967385ac00
8693_i,7b9f9615-0f84-4116-9711-7ab95972cb60
8704_i,9ac9c27f-8d3a-446b-bb0d-fa97fa10bcdd
8714_i,27cb3e0d-c452-4af9-afbf-1a5e4c9cade5
9102_0,5c8f69eb-79fe-4c85-9fde-c0c5af871ced
8741_1,dd0ced4b-de69-4688-b595-ce9627ff1e9f
9644_2,c9e7d00d-d828-46b5-a992-e53395c78a6c
10752_1,e4770291-ba19-4a36-a948-2ecd162ff08e
8967_1,83733d55-0f37-47a7-9a13-ec65a356a7dd
8905_1,f164e466-bc78-4a3f-9bcb-407e60e31d9f
8610_0,3ade92ce-e00f-4603-92cb-497954cdce0a
8760_0,ca5e3888-8ea8-45a4-80dc-e7734bf14742
8986_0,d4a1b8ef-28ae-4046-a46f-8c900ba7c1a8
9005_0,d9f70082-000a-4b5b-be26-0c1a30b76515
8725_0,d1999bd0-ce9d-4bfe-99d9-99aa115e5045
8879_1,47d5881c-0441-4161-9021-861d259005b4
8613_1,1894debc-6823-490e-878e-da352c31955a
9392_0,050a2aa7-04ac-48e6-b42e-c8f5f40f4e74
8948_2,f89f4d58-43ad-4bf5-8018-3b1c2881a46a
11440_1,0a4079f1-fbf8-4e01-8975-224cd045dc9a
8852_0,903c92a4-14b9-4a7b-8dfb-b3f248714702
8619_0,22f4166d-7535-4cab-a04c-70b007a203d8
9787_1,9126b06b-c673-4ffc-995a-cc2cebbc7481
8823_i,1904ad67-2254-4cb6-9498-dfe6f3a9caef
8870_1,4059eb63-1285-4dc4-8439-5c2c0e638f85
8818_1,6adebf33-3c18-41ef-829a-168f4e14d5f4
10364_0,18d2ff15-369c-42be-acc7-f5184fbc2cc2
8851_0,438f4d68-a935-4515-9832-331a21fb7851
8766_1,6e625056-db4c-44b0-be2f-c4c845d8af0e
8844_0,800ba14b-4ae9-48da-b9d5-cf0e45912286
9748_1,c5c87c7b-56b1-47c0-ac0b-c9d7689b3c5c
8872_i,d7eb6fbd-a3f1-4653-a6ec-0a760b8d1b40
8337_2,54c68313-84cc-4bb6-b630-d80ecd975242
8901_i,57e7de3a-87f9-4979-a169-cc2745ba9557
8912_i,ea527a56-8b4b-41ca-823a-792c86ebdb5a
8897_2,d629cfb7-76ff-4af9-a0b7-e90a643c96b7
10281_0,ac4148e9-30b5-430a-998c-8138737bc5b5
9477_0,990ae63e-90fe-4f52-b492-779ff6dba0be
8956_0,8610dfcb-602c-4a87-88d5-c58967d08e94
11134_2,5b1c9362-c309-4729-88b9-3b06780da855
8970_0,7fc689bd-0664-417a-b885-4ce6164f986e
10431_0,7cea7742-0aaa-4926-895b-7ee9616b0e99
8712_0,5431adc1-f40f-4572-a311-93581311a0e1
9724_2,f26c6d3b-9a0c-4787-83ff-7f3153ed6e88
8951_0,93abc005-42e2-4a03-9f13-4b82249c47bd
8984_0,cc23c9ff-3203-493f-83ea-d18c34515f1a
8667_1,e29ebf84-859a-46a9-acaa-f3379c7d429c
9092_0,919debc8-dc35-4de7-af25-c2419d64349c
8658_2,cc442e87-989e-4dfa-84a0-d129381b0c55
9029_0,fb827d68-3a9d-4bd3-8bde-2cab35f1dca8
9103_2,1677d1e6-9580-424b-9271-a8e54995bdab
8900_0,b581a31c-8d6f-4fb0-8ec7-d7fc8e95bec6
9001_i,9099a846-38c3-4746-8327-8061a52ea32f
10029_1,55e2bf1a-9fa0-4c0b-9f4e-5b7887907efd
9747_1,1cb25b21-689b-498c-ad33-0c4882011ebc
9121_0,9e17189a-98b5-41c0-9592-2009603f3db7
9633_0,681ef531-0d5d-4783-90ee-d5a4d3b38837
9017_0,cb94970a-9bc9-4ec6-afd9-66ff209b4b4a
9207_2,71bb129d-fd13-4581-9e0e-7ee082e04ddf
9081_2,101e6bd7-384f-4528-9a7c-a9c645025626
9385_2,3ad031f8-ff00-4007-be4e-41c81e197dee
9085_2,bb22e30e-753f-4bf1-baea-d7ad286e0f78
9026_1,b4c0ee70-d5ee-46ed-922c-8439a483c2fa
9127_1,24f77fc1-83c3-47fa-aa81-f0634b676681
8916_0,466704e2-cd38-4fff-a3f4-c4a9eb5bb6a1
9126_0,db59e7db-d60f-4c14-a192-650b6cb3b943
8648_0,4e046907-1222-47ab-9234-ff87fad72c9f
8629_0,fec0bdad-11a0-4679-9ab7-17b79bc65bfa
10401_1,1d58e3f9-b4b8-4ed6-978b-d08c21bf39ad
9072_i,88421c1b-5712-444a-918b-24a7f8e362e5
9197_2,d06e0bd6-3caa-49ff-974a-c68601f06116
8873_0,813a0d87-4c20-4c06-a2f8-8a3c24600aad
9136_1,8bb481af-a56b-43fc-bf33-7e7238ba2dd9
9215_0,1c0a297d-18a8-49f9-8b57-23dd07dff0e4
9245_1,8ef604f9-76be-4afa-b31d-17ee200a9b19
9154_0,c8429079-4372-46c8-b77d-1c2ab7b21751
9036_0,76bdcce3-f446-44b2-bd5e-53aec0d8433f
9212_0,fbe76753-e1fe-4396-915f-317fd017ff7a
9130_0,d0cac959-0e02-42e8-84df-4ea1dfabf5fe
9665_0,bf20fd14-d33f-4199-9656-27f628de990a
9188_i,30816043-3831-4365-8a5f-dd334892657b
9683_0,9e8269c5-927a-41a9-89f5-363ff9209ec4
9196_i,1c0a297d-18a8-49f9-8b57-23dd07dff0e4
9591_0,375560ed-70d1-43ae-9bd2-efac7dbde402
9219_0,a91ec7bf-913f-46ce-8cb4-beed2e96eb78
9240_i,30523b10-c219-42e5-9b9a-121c0cb98814
9259_i,367e060f-d527-4a30-9b8c-62f705346992
9536_0,f9f4bd9d-61c9-4ec3-8764-12d53c9537ce
9291_i,1e39706c-03ad-4896-ba85-d4fd4540661d
9295_i,ec61d14c-ebf1-40df-abcc-ef1050840dc9
8560_1,a10771fb-c2cb-49a1-9461-8f80a2550eb0
9422_2,1350f12e-3dcd-4173-9f77-af8350d103b9
10146_1,6d630bed-d262-4d44-8034-1376d0344f65
9742_0,bb830d63-3bcb-4e39-a0a1-9d25e1835b72
9405_2,8163794c-ead3-4065-acb0-df2fe075f78a
9098_2,b90abe86-bed6-4bc7-a3cd-e61477d935be
10341_0,7ae78392-6c18-416f-a0af-98b26f0635a9
9522_0,13d9d25c-8bbd-4fbb-ab02-dbbf96226da7
9785_0,86830af7-bb31-420d-a1ac-a87c203bfbc0
9454_0,539b8822-c80c-46be-bc50-f11ee1d21a5d
9397_i,e6933e14-9217-4f46-bdd2-2198a8364638
9401_i,6f3716a8-5070-4bdf-a3cb-d84c6d00f273
9252_0,64c05c25-3a29-4b83-b13d-bab6cba37415
9420_i,4a7de1bd-af48-4610-bdd9-b3a68dca79c2
9189_0,f25f4ea2-3c65-4cc2-93e6-f758fcd6bf19
9962_0,aa3cbcc3-ce57-47ba-a18e-4793b16a3a0e
8934_0,6b231e91-4258-49a0-a3c7-98a4387ddf56
13229_0,886e7ced-e039-4d34-9ce4-6b594310a02e
9453_i,b2193430-074f-49aa-848e-cb1f4d5ec9f5
9400_2,463726d3-b449-4c4b-a180-d89af43cf398
10324_0,d2c5af19-fa4e-452f-b79b-ac9fe24178d9
13091_2,d7a263df-44c3-4fff-804c-863818abb48a
9697_0,36c4906d-8aa7-45d4-a05c-34562c0f0039
9930_1,82e1047d-567d-4c62-818c-ad06e2927e15
9693_0,9441db1f-f5a8-46e9-96ee-13f20e7edbf2
9997_0,07e75fba-462e-4270-bd09-f0037d6e2dc7
9256_0,32b094f1-cb0f-467a-9e8e-4ee713593972
10405_2,74ca848d-28f0-48bb-a8b6-20434f0478fc
11178_3,9b10cb3b-806a-4fe8-be8b-ee5ff9099c8c
9769_0,0606016a-2d2d-40f4-83b1-3865dc5df41f
9481_0,18f53b13-949e-4849-818b-08fa35130135
10204_0,399bf369-5daa-4061-928c-2e95bd77ffe5
9491_i,162744e5-eb7a-4956-8e95-17aaca3202af
9659_0,f87ebc1f-8494-4a36-9188-25e4d71cae82
9635_0,9bd337a6-6500-40d1-98e8-5dda97740b1c
9501_i,60376412-f36f-472f-99c4-e5dd84d4457a
9504_i,5d5dc789-ca0d-46fc-80b4-2d11497d805b
9551_0,33063456-1942-4446-a07a-17e73e9712a4
9983_0,c6dc5567-4f65-41d5-9ee3-dbdb16d6f38d
9541_0,bfa1a6d1-f40d-4d98-ba21-a5f4f3bb4c28
9976_0,48fd62d7-faa8-4c0b-9731-6a28f3813b0d
10065_0,6774f168-141c-4ffb-9225-1fc498d2618d
10041_0,b0414d6b-9bad-4e32-b16a-6b53284cf79d
8932_0,43f18bb2-fbec-4841-b754-6270a9a4b0a9
9562_0,aaecadf0-fb98-44fc-9188-c0055e24bdac
9590_0,8bab6c3d-ef4d-4434-8ef6-e4acdb447ab8
10550_0,0dbad6b9-ff59-4a5e-ae5d-4d78c1fefe61
13056_3,a60d3057-dc51-4cbb-985c-de8d9332c4a5
9639_0,5dbaf8a9-82f6-4677-abbe-4e197ba4971a
8504_1,2d7ef5c2-1b9d-484d-a12f-c462a6e5f355
9436_0,cfa8f20b-6b66-4877-ac05-e6c185d06750
10032_1,8794bed0-a261-48c6-8b4a-92da6a227f69
12697_0,44abf5df-2895-459a-a8cd-5b1115d2ee70
10005_2,8d059899-f04d-414f-85eb-e9edd373888b
9598_0,ee412b9e-fdc9-41ed-8eb7-49bb7f146edf
11796_0,acb3dc2a-556d-424b-82b2-5ba1836ea119
9567_0,de455445-03fe-40bd-89b3-27a222f02dde
9574_i,9d662cb2-e761-4d5b-9f14-7a579d819d41
10167_0,8047ed84-c655-4bed-8cb7-7124314dfcd7
9821_0,5c8f69eb-79fe-4c85-9fde-c0c5af871ced
9586_0,12915e40-f794-4a43-b998-d67ddceb0370
9644_3,c9e7d00d-d828-46b5-a992-e53395c78a6c
10752_2,e4770291-ba19-4a36-a948-2ecd162ff08e
9687_0,7ac5b413-e159-4070-9a1a-89b0cf9b461e
9756_0,7cf8d308-b7a8-41e3-ad7e-714b9f27936b
9601_0,8f5611ba-2548-44f9-a284-80d7284a4c3d
9648_0,b31c8206-10cc-447e-8356-ca15f5e6f325
8986_1,d4a1b8ef-28ae-4046-a46f-8c900ba7c1a8
9624_i,65feeea9-12d5-4a7a-a52a-0dce911807c2
10183_0,03099dbd-ad84-4f1d-9be5-b489505687c6
9616_0,fdff5662-24ef-4d68-bb31-c96ec642e7b2
9627_i,c7b28967-67ce-4d90-b69e-653eb3fc187c
9621_0,aef7103b-8ce3-4098-9e4e-6dc051b84aa2
9634_i,79140163-401b-4c4c-b90d-14d43b8673a7
9638_i,39a5e18c-6b92-4917-9c56-22173536a39b
10267_0,050a2aa7-04ac-48e6-b42e-c8f5f40f4e74
9631_0,520312f9-6e85-4b90-9c83-4ac2a4b48ed8
11440_2,0a4079f1-fbf8-4e01-8975-224cd045dc9a
9658_i,f364c8b2-0df9-43fd-aed0-cab7e73d05dd
10851_0,3a60f5b4-7db5-4a68-a211-81261bd81eb2
9787_2,9126b06b-c673-4ffc-995a-cc2cebbc7481
9784_0,00e41f4a-5dc1-42d6-882c-af41142cb36f
10058_0,eb42e876-55ef-4bf8-aa7b-acd6ec40af35
9676_i,a526ec5a-ba0e-4f65-bd07-ec299de10feb
9704_0,ebdde65c-ceff-4f75-ae81-54b7db04fd99
10364_1,18d2ff15-369c-42be-acc7-f5184fbc2cc2
9885_0,8da13b9c-7143-40e6-87e9-7ea134808d67
9560_0,c99ca98c-04e3-4992-9b2b-025827a3c54c
9748_2,c5c87c7b-56b1-47c0-ac0b-c9d7689b3c5c
9833_0,475beb23-0e6e-473c-8d29-23b2212edf97
9804_0,cb3dd87d-5125-47eb-b6f5-c3a4b326f496
9771_0,03c772f1-2571-4813-b03e-086718280ba2
10819_0,af81c914-0edc-4ce5-951a-0824fc8695d6
10281_1,ac4148e9-30b5-430a-998c-8138737bc5b5
10363_0,4b046a1e-64a3-4444-9177-2a0a9141d2c5
9778_0,675b1e4d-1e6a-42a7-a697-bb3f397ce81d
11134_3,5b1c9362-c309-4729-88b9-3b06780da855
9790_0,7d06b6a4-59fe-4009-9d77-ff70072204e8
10431_1,7cea7742-0aaa-4926-895b-7ee9616b0e99
10206_0,52b7507b-940f-4961-9148-f7197eb28c58
10314_0,4f35e652-ea0e-4769-925f-fe8198692c0d
9470_0,82e1047d-567d-4c62-818c-ad06e2927e15
9656_0,171e65fd-05bc-4455-9cfc-27844fe6fb1d
11769_0,7e1615cf-5cc8-4870-af44-761c418dc1bd
10111_0,44e7c39b-5d0b-42fa-b96c-da9fac520c94
9781_i,1ccf271d-6eef-4eee-ae88-05c070a5dccb
10004_0,8aa10214-68ea-4c70-928a-e98953a5734f
9103_3,1677d1e6-9580-424b-9271-a8e54995bdab
9915_0,1b618c77-d420-4132-a8f0-148deb426bf1
10029_2,55e2bf1a-9fa0-4c0b-9f4e-5b7887907efd
12142_0,98501487-ee03-4119-9416-20275d580dad
9929_0,dfa68edc-5505-4290-9368-cb949eeb11c3
9633_1,681ef531-0d5d-4783-90ee-d5a4d3b38837
9867_0,4262f766-4213-419b-8994-79bb55c525b1
11054_0,b603ee65-e191-4a7d-813c-0a756aa55e1f
10017_0,730f0a97-6ca7-4c63-a727-91b29be82e2a
9722_0,024906ba-13f3-47a4-887f-75fc87b7fc87
10379_0,cb32b404-b0f9-4e1a-a331-564751182eb5
9615_0,44752cf1-bd6f-4d7c-aef9-fed401f7951b
10228_0,ce8ede87-cdda-43c8-b6ba-59809c8234bd
9861_0,adef0b56-6379-4268-bfef-b979bb02e960
9044_0,1014178d-a054-4023-8c48-df95bef5a1b6
9926_0,fec0bdad-11a0-4679-9ab7-17b79bc65bfa
9870_i,378a9eef-cbff-49ca-a05e-0e48710a0e3f
10401_2,1d58e3f9-b4b8-4ed6-978b-d08c21bf39ad
9953_0,c302cdfd-4f42-4820-b5db-d488d37b385b
11280_0,a5e0b1bc-eb1a-4d01-af82-63b9603eb53d
9990_0,edbc2b4c-a703-4cbb-8105-1f8bfe52e5ce
9872_0,9897323a-5d53-4347-a9db-714e108db461
9865_0,bf42dc31-0a80-4bdd-b2f4-98f72622ff54
9807_0,3060ecaa-e4fb-4c5b-b3e4-3099aaf29ff8
9942_i,724450f7-ee22-439e-90d3-15bdb27a559a
9960_i,29ad8ef4-e120-4ac7-8820-c91b50cbf8b2
9961_i,fd57d7d5-41c6-430e-92a5-d9e83fdb09de
9907_0,bd2558c9-bcbf-4bf4-888e-e6dc636cffd2
10226_0,8c9ebc63-31ee-4ba8-8f5e-129ac2a3dcbe
11238_0,333c4139-06dd-4a64-82f5-4f7cc787258b
11060_0,e53c2902-3c92-496f-93e7-a24eb056fb68
10061_0,5a868d24-b54d-47c9-9dd6-7ee2328d256a
9998_i,0ead4b7f-9d97-407f-a7cb-54a30b0e0e7d
9993_0,fc1896ad-b856-4df5-888d-8c15a640d456
10318_0,4586da9c-21ee-4efc-b866-05869e2953d4
10006_0,0b3b9eb5-d179-48fa-b7d8-a27fdc35d7b4
10142_0,d3fcbe2d-e904-4c16-9d76-a7f0cad45feb
10969_0,0b658f94-8f6c-4ff6-85de-e1acc324e5f8
9895_0,421ef1d7-56d9-4d4d-aff5-2ceeca80ab97
10051_i,18417f92-c42f-44a1-8686-5f78b94dab74
9965_0,f9f4bd9d-61c9-4ec3-8764-12d53c9537ce
10177_0,bdcdfc12-bacc-4bd7-a022-68a3c5cf9ace
10068_i,45ee01d2-5b71-4519-a3fc-a55828ef8656
10116_0,fb64fde2-9041-4a4b-90d3-f62220564593
8560_2,a10771fb-c2cb-49a1-9461-8f80a2550eb0
10091_i,9d6b6fdd-efd8-491a-95ae-2d23cd99f06b
10107_i,5bfe0752-0503-4d36-8b09-26b1ebfef94e
10146_2,6d630bed-d262-4d44-8034-1376d0344f65
10639_0,0022cb32-2929-44cb-9b37-543bc84015cb
9405_3,8163794c-ead3-4065-acb0-df2fe075f78a
9854_0,8af5dc79-bcef-490b-bafe-fd542aa3ce14
10341_1,7ae78392-6c18-416f-a0af-98b26f0635a9
10269_0,5643e8cb-aa95-45e9-a61e-8cea89d993a3
10214_i,41571923-e632-458f-9060-45f19d489e06
10988_0,07315c2b-2293-454d-a62b-08ebf502d778
9849_0,133ce04b-612e-45c1-b5b3-920395fdbb1d
10591_0,8d07203a-9168-4dae-b264-edc61dae89c1
10202_0,4a7de1bd-af48-4610-bdd9-b3a68dca79c2
9460_0,414aad0c-a1f1-43d5-bdf5-1ae774c643ba
10922_0,02a62125-9af9-4f5c-9103-8f312da0167e
10279_0,4447f7d4-d6db-49c9-8244-6df84ba4b6d8
13229_1,886e7ced-e039-4d34-9ce4-6b594310a02e
10475_0,39d0344b-312f-49f8-a245-93efdfc25df2
9853_0,0a26a37a-cadc-43f6-bad1-74ddc9ba7dda
10324_1,d2c5af19-fa4e-452f-b79b-ac9fe24178d9
13091_3,d7a263df-44c3-4fff-804c-863818abb48a
10265_0,13378fff-8df2-4e0a-8ecc-eafd7ecf6b1f
9930_2,82e1047d-567d-4c62-818c-ad06e2927e15
10575_0,0977eeab-1118-46fe-b5f3-f785260d7b7b
10130_0,07e75fba-462e-4270-bd09-f0037d6e2dc7
10405_3,74ca848d-28f0-48bb-a8b6-20434f0478fc
11178_4,9b10cb3b-806a-4fe8-be8b-ee5ff9099c8c
10965_0,2a76a3ab-1aa5-40e6-88b6-509e6418d30c
10285_0,cfc157f5-1b72-43a9-91c4-038b982b4242
10204_1,399bf369-5daa-4061-928c-2e95bd77ffe5
9999_0,b95848b7-dc4e-4160-b00c-c766e79fb17f
10253_0,879a552a-ffab-4fcc-bd96-c9599bc6a4b1
10360_0,0ab599c7-24d1-43ca-aa1a-8b6024049511
10665_0,d3931e49-9809-47f6-b10f-a563c34cbc78
10311_0,5d5dc789-ca0d-46fc-80b4-2d11497d805b
12122_0,40bbd1a5-d73b-4244-a77a-629743ca204a
11453_0,4bb72435-bbc4-4ad3-bff9-58c9eb7a035e
10268_0,bcabeff9-6621-45ca-84b2-b24eb3a928a8
10626_0,e1213adf-4866-4afe-9d3c-5066e28c1001
10624_0,ce7fecae-48b2-45a6-bf08-04507caa1ad5
10041_1,b0414d6b-9bad-4e32-b16a-6b53284cf79d
12098_0,67329c25-c554-402e-a7fd-3fceb4294166
11095_0,aa304ebf-d5e6-438a-93ca-7933568d0ed7
10359_i,cd66d779-2ce3-4dc7-b0fb-285379b87937
10550_1,0dbad6b9-ff59-4a5e-ae5d-4d78c1fefe61
13056_4,a60d3057-dc51-4cbb-985c-de8d9332c4a5
10315_0,ede7ab3a-17ad-4330-99a8-e4b558a0855c
8504_2,2d7ef5c2-1b9d-484d-a12f-c462a6e5f355
9436_1,cfa8f20b-6b66-4877-ac05-e6c185d06750
10857_0,37b8fea9-f135-4ffb-85d8-509ce0154b27
12697_1,44abf5df-2895-459a-a8cd-5b1115d2ee70
10771_0,e06921c2-84d6-4008-a2c6-641752f4787f
12653_0,ac77f0f9-51d4-4a34-be5d-2424cef0d3dc
11796_1,acb3dc2a-556d-424b-82b2-5ba1836ea119
10420_0,d6f5830b-4734-435e-887a-1eb9497a591b
10284_0,02752354-60d8-4942-8457-803316dad544
10664_0,4168d795-7033-4c2b-a1f7-0143cc56cda8
10395_0,5c8f69eb-79fe-4c85-9fde-c0c5af871ced
10630_0,12915e40-f794-4a43-b998-d67ddceb0370
12130_0,01d252c1-b1d4-4fea-b277-c9e8e90a9366
10752_3,e4770291-ba19-4a36-a948-2ecd162ff08e
10506_0,f3f7f1b2-baee-4a37-a834-3c5ce7e4c966
10977_0,2622fd1b-819c-4596-bcfd-4e47cb090567
9657_0,bde31e86-66bd-467b-807d-1685ddecb48a
10551_0,66cbe017-f864-45b5-950e-e32b843e7524
11011_0,78e0f5d5-0eb7-43bb-8f7b-150a9ed1305f
10795_0,04931173-a86f-4fcc-b819-52c03fbe7083
10486_0,eeab2907-383b-4eba-a11a-38ec9feef9ec
10911_0,95cf244e-b86d-404f-b943-1e7d8c445ee4
10525_0,e208b9b7-e797-4d64-b3b9-e9cac7738131
12592_0,c4aecb7d-6e4b-4cd4-a8af-7c2329ddf2e4
10422_0,aa0ac18d-1da1-4cf7-a8f5-dd21e40d1c12
11376_0,0ae2fa01-1973-47ed-9639-95829f8cb4dc
10443_0,9f59c66e-5c81-49b2-8930-8327c4122d5e
11440_3,0a4079f1-fbf8-4e01-8975-224cd045dc9a
10851_1,3a60f5b4-7db5-4a68-a211-81261bd81eb2
10037_0,15e4a472-eedc-4027-a618-93577c9403bd
10514_0,34c2572c-83ea-4a03-968e-6b4c693830c1
11201_0,258a9de7-585f-4da5-9bb1-112f1f716a3f
10768_0,ade05d77-baba-4c20-bf5e-3882ef968d47
10223_0,3738a08d-d61d-462d-b684-b2a7ee84f618
11071_0,9b1db14b-ff43-452f-b431-4a45ad2432d6
10652_0,8da13b9c-7143-40e6-87e9-7ea134808d67
10777_0,04131bc7-2f9d-49ac-ae57-bec9319d35e1
10835_0,c5c87c7b-56b1-47c0-ac0b-c9d7689b3c5c
10501_i,38696561-6136-4989-920d-ebaf98f5166d
10644_0,0ac3dec1-d0db-447c-8bba-868347eb9ba4
10535_i,c5c87c7b-56b1-47c0-ac0b-c9d7689b3c5c
10629_0,2baedc6f-509a-4fea-9472-89915ea6c79c
10556_i,582a9cef-a865-48cd-ad3b-38bb6d330a18
10819_1,af81c914-0edc-4ce5-951a-0824fc8695d6
10503_0,42cdc336-bcd3-4917-8756-95e1a4c6da89
10944_0,f397c9b9-b1f5-4ae1-b1d1-6b6b27f99494
11134_4,5b1c9362-c309-4729-88b9-3b06780da855
10592_0,dd7bd594-908e-4957-90c1-dbd9a0b59e35
10872_0,0488d456-ba4b-4a21-8dde-30052c1e49d9
10456_0,26e1b08f-eea3-4a95-852c-76b6c830451c
10314_1,4f35e652-ea0e-4769-925f-fe8198692c0d
11109_0,1ae2979d-8882-40ab-a78e-be8fa3f890b0
10261_0,171e65fd-05bc-4455-9cfc-27844fe6fb1d
11769_1,7e1615cf-5cc8-4870-af44-761c418dc1bd
11920_0,2517ff07-c710-40b3-a192-77cc3e3cde5b
11754_0,4ced712b-cfaf-4478-b199-d4864a4682e3
11043_0,97193c9a-3364-4641-a99a-6f2454ab352a
10692_0,1b618c77-d420-4132-a8f0-148deb426bf1
10686_i,1850e704-e08d-44ee-862f-c3a447a14496
10511_0,87ec8d10-814c-42ab-bbb9-0ff6422f83c1
12142_1,98501487-ee03-4119-9416-20275d580dad
10698_0,b36a2158-1f0b-4cd9-b916-03454595a9a8
10822_0,fb4459b5-c130-43d7-a977-4caaffdb4d0a
11054_1,b603ee65-e191-4a7d-813c-0a756aa55e1f
11535_0,0f46ef2c-ea42-47a1-ab8b-29ade53e4625
10662_0,cb32b404-b0f9-4e1a-a331-564751182eb5
11051_0,1588869a-92fc-4e9a-8f01-001a330fa513
11344_0,4b8da2d5-c010-4b1f-8f8d-228df96570e1
10749_0,dbf5dc63-42c4-48d3-aa05-1bd96e2f7f06
10863_0,327bb13a-557d-4167-98b0-9e230ee07cf7
11038_0,8ec04112-2d86-4ce8-8740-2dc45eda80c0
11280_1,a5e0b1bc-eb1a-4d01-af82-63b9603eb53d
12083_0,6717d174-2a9c-4282-9f72-499eaef6d260
10793_0,6dce8033-cae5-40dc-ba4b-541e3b997ae8
11984_0,52b0da48-1cca-47d4-9c32-f5b3b1b27258
10994_0,9381f28a-9b25-48ad-acbd-155a3bdb07c4
11739_0,4234e2e4-158c-46d9-8439-19328078ee8e
11034_0,8cbc56a9-9882-4e7d-bf3d-a69d0f757d85
10938_0,2e25ac20-1ddf-41ef-8916-864c97574fbe
11353_0,805f5adc-b410-443a-808a-a10108a7c8b7
11238_1,333c4139-06dd-4a64-82f5-4f7cc787258b
10916_i,745352b9-d767-4b79-b09b-107795f32996
11060_1,e53c2902-3c92-496f-93e7-a24eb056fb68
11096_0,316aafcd-c725-4032-b96e-599b2be947cb
10776_0,a309d192-03a3-428a-a953-7e5caf006dbc
10886_0,819c61c1-ce1f-4cea-b998-309a76e47953
10866_0,dcf8280e-a0af-4021-8ab0-3db8fd2cb93c
11840_0,f835470f-08ed-4f5a-98a3-9a0f2980c911
11093_0,f53a2c1b-1f81-4583-831f-6ad40cf9e3ea
10969_1,0b658f94-8f6c-4ff6-85de-e1acc324e5f8
10973_i,d6b4a45f-63f8-4f6f-af0f-2777b4fb4805
11574_0,0f9b9412-aab4-449b-9185-be438027d63b
11184_0,39be00e1-b3f0-4fc3-8a69-8274261afcde
11493_0,73d2e165-6103-4cec-a3a4-2408d416ecd4
11527_0,c1718e8b-c02c-41b0-978a-cd24dc7fc277
11025_0,c23b8f8f-bce3-468a-8065-d91c1cbd1ce9
11645_0,214e096c-3aea-4b63-8d86-9b5b76089e9a
11248_0,4a52e36a-c6cd-4cfb-a57a-84c6e16f971c
11394_0,782dfab7-e243-4e1f-a37b-b0dd722f6271
11411_0,3526ec88-1b94-43f3-bec4-0fef8f392a1d
11065_0,3e58c326-c1ee-4ea3-9f27-4797ef7dd2c3
11113_0,c0433b60-d610-40f8-9da8-a7717647a379
11013_0,08fd43f4-c775-4d31-b023-15b33be1199e
12230_0,468e0ef5-2c0d-49cf-be5d-c74c22dbf452
10882_0,1577184d-7aee-4aa8-ad16-412dbbd862f4
11140_0,627fbdb7-53a0-48fc-a16a-ca6c982983c6
10773_0,bb6cdea6-46de-4e9a-af0e-1f45d2f5319e
12055_0,5d00a43b-f619-4ab2-bbe6-6d8c9af6b9ee
13229_2,886e7ced-e039-4d34-9ce4-6b594310a02e
12880_0,8563412c-f6b3-426b-95fd-ed8e8d40abf3
11321_0,7b2a3106-a80a-4c87-a926-4d85e54070b1
10879_0,c9c96b0b-ce0b-4316-acbc-ea9879c6d130
13091_4,d7a263df-44c3-4fff-804c-863818abb48a
11207_0,b91ed00e-2ecd-4a06-913d-9fb36d8af895
11425_0,26c1b27a-2d3c-4878-82af-6e0eded800ba
11237_0,0e7dc16e-87bf-4812-997c-c111056dee69
11220_0,7c5f67cb-b13d-46f7-b0fb-88b424a13a0a
11178_5,9b10cb3b-806a-4fe8-be8b-ee5ff9099c8c
11342_0,12fbabbd-eb72-4a67-9c67-8e50e6670261
11446_0,ea5c1727-1761-44fd-889b-d22fbbac0108
12479_0,b4672b43-d311-4b4e-9f03-f97e99d9de7f
11227_0,d626d8b8-9c4d-497d-a4b9-b72c9b4d4058
11462_0,f9a70654-0a4e-45a2-8e13-7cf38c19d8a7
11115_0,5d5dc789-ca0d-46fc-80b4-2d11497d805b
12122_1,40bbd1a5-d73b-4244-a77a-629743ca204a
11453_1,4bb72435-bbc4-4ad3-bff9-58c9eb7a035e
11152_0,5d5dc789-ca0d-46fc-80b4-2d11497d805b
11386_0,fe9a3fe6-d5e2-4993-9529-2cff341c3b8a
12540_0,d8e2774f-a6fd-4054-9316-4e314d3a9333
12760_0,7bc58eac-411b-4cbd-97cb-85750d478999
12098_1,67329c25-c554-402e-a7fd-3fceb4294166
11284_i,651e9afe-5f27-485c-92d6-70ba3cf271ed
11364_0,2851a31d-31ac-43a7-8996-1d3ad1a8b386
12286_0,9102bcda-c352-458d-8092-410ff2b0b283
11431_0,5be99495-4fac-433c-83e1-ddfd621ab113
13056_5,a60d3057-dc51-4cbb-985c-de8d9332c4a5
11327_0,29b4b5ad-c3c1-4209-9ac8-8b8979fc4d55
11037_0,12e602cb-c912-4db0-95b0-9be4b2b40631
11730_0,559237d2-95b3-429a-9637-647cf4d1a61a
12697_2,44abf5df-2895-459a-a8cd-5b1115d2ee70
11345_0,b2387995-2f89-42ab-854d-93587933ebc1
12653_1,ac77f0f9-51d4-4a34-be5d-2424cef0d3dc
11796_2,acb3dc2a-556d-424b-82b2-5ba1836ea119
11382_0,c038a156-e08b-4e41-b732-d57f315cf074
11614_0,a001886f-cf8a-49c6-a09d-414ac8d5cadc
11271_0,56c8619b-c6b4-45a7-914f-6cb6c87b28b7
12199_0,1d829815-89e4-4fdb-838d-a58c47b4d186
12130_1,01d252c1-b1d4-4fea-b277-c9e8e90a9366
11524_0,1c2188b7-f375-4d71-8a6d-5ff09939c46f
11506_0,59743f80-9d27-493f-aac9-c16aa05e561b
11721_0,52acfe01-a46b-4d59-bab9-648a13b662b2
11392_0,9e3d7fd6-89e4-4256-8631-7d400b752ca0
11011_1,78e0f5d5-0eb7-43bb-8f7b-150a9ed1305f
11373_i,f8c62d0a-cdff-49d1-aa98-c0dcff05fed1
12328_0,098d5e8c-ea35-4009-b30e-44f6ee84697d
12149_0,2479ce06-c3c8-4292-a3d0-b06aa4a14a28
11902_0,95cf244e-b86d-404f-b943-1e7d8c445ee4
11444_0,0cf6de5a-42dc-44e7-af0e-9267bdb8bf8b
12592_1,c4aecb7d-6e4b-4cd4-a8af-7c2329ddf2e4
11439_0,97efed33-375b-41dc-a6a7-83579fb13c7d
11376_1,0ae2fa01-1973-47ed-9639-95829f8cb4dc
12767_0,604470fe-23dd-4c2a-8de2-e03e483c5b6c
11440_4,0a4079f1-fbf8-4e01-8975-224cd045dc9a
11442_0,e4773e8e-b7e6-4cf1-bbf9-5bb3528b0514
11412_i,b8fb9ee0-54c2-4c65-8674-30e0e3eeeedf
11938_0,3d60da4b-b493-4cdf-ab76-1a096e8ea99d
11491_0,258a9de7-585f-4da5-9bb1-112f1f716a3f
11599_0,1214722a-0dd7-43c1-a1ff-8850a1e5ebc4
11377_0,74705e66-29da-4acc-b575-0c133b615e24
13199_0,50ec046c-0050-48a3-9cbb-daed8cfd9037
11354_0,634ca051-d0cf-46c5-a800-89fd6df02bc6
12106_0,e959275c-44fa-46a2-a455-e891093edf60
11447_i,3a268cd7-8201-48d4-868c-6f613206b629
11435_0,c7cd3c37-3df8-43a4-bdb6-a663de48bda3
11334_0,dce6a33b-378d-4832-973e-541c5bc31c9b
11035_0,e005a8ba-5700-4e32-9dc4-edc8dab05bd9
11878_0,46a84ce5-948f-48e1-bf21-19f9187378bb
11508_i,a99ba138-3397-4fe2-8dd1-ca3639c2c4a5
12103_0,4b3208f6-2c92-422e-abec-ba1a7cee2daf
11324_0,fdee2fc5-727f-4190-9eb0-81077ef08b1d
11134_5,5b1c9362-c309-4729-88b9-3b06780da855
11985_0,3e8a0e46-d2b2-4352-9b4f-200a6b6c0aa5
11625_0,ea3d4e66-83bf-431c-ab2f-031d7235c349
11286_0,a865b57e-91a7-4446-979b-cda1d412bd81
11165_0,1ae2979d-8882-40ab-a78e-be8fa3f890b0
11769_2,7e1615cf-5cc8-4870-af44-761c418dc1bd
11920_1,2517ff07-c710-40b3-a192-77cc3e3cde5b
11754_1,4ced712b-cfaf-4478-b199-d4864a4682e3
11698_0,a1588911-f838-48d3-8303-bfec395df2b8
11763_0,207e8b00-5c99-475b-84e7-407812f69cfb
11744_0,7e22dab9-a1fa-45e5-9ea8-e97a78b9fb69
12142_2,98501487-ee03-4119-9416-20275d580dad
12744_0,b36a2158-1f0b-4cd9-b916-03454595a9a8
11673_0,fb4459b5-c130-43d7-a977-4caaffdb4d0a
12929_0,b1080469-d8e7-4998-8716-d9d9a3fa7817
12202_0,e455ec32-0f51-47a1-be7c-db7c59831e96
11822_0,5747ec60-498b-4a90-a592-ede00162903e
12136_0,978e2132-c2bc-4213-a94c-10385efbd6ef
11664_i,0e2d7ea5-c9a1-4aff-b6e4-940bfd8b3196
11732_0,861ba1d1-8b28-423c-bf42-ad6c98cd5706
12855_0,7d4e31be-34a9-4fd6-8912-1b058b5893d5
12083_1,6717d174-2a9c-4282-9f72-499eaef6d260
10793_1,6dce8033-cae5-40dc-ba4b-541e3b997ae8
11984_1,52b0da48-1cca-47d4-9c32-f5b3b1b27258
11826_0,12e29641-3c43-408e-8751-0f7da6ff2cc2
11739_1,4234e2e4-158c-46d9-8439-19328078ee8e
11646_0,94ae7f3d-d98b-4ee4-bdc7-fade95533ab9
11353_1,805f5adc-b410-443a-808a-a10108a7c8b7
11810_0,6ee24f85-ce41-42e7-b6df-21b0efd3de8d
11727_0,745352b9-d767-4b79-b09b-107795f32996
11930_0,e53c2902-3c92-496f-93e7-a24eb056fb68
11689_0,e53c2902-3c92-496f-93e7-a24eb056fb68
11783_0,9461b752-9d54-4f5a-83a8-5e5d8e7e4676
10886_1,819c61c1-ce1f-4cea-b998-309a76e47953
12454_0,d18993f6-a05b-4cc4-a61e-902f93553f85
11840_1,f835470f-08ed-4f5a-98a3-9a0f2980c911
11816_0,58e6789e-8029-4017-b65c-2ad37a39295c
12198_0,0b658f94-8f6c-4ff6-85de-e1acc324e5f8
12091_0,d4032780-d39b-403f-b423-37508819917d
12206_0,74c90ca9-a427-4804-867c-d2e988b9f071
11860_0,5e7ac4ae-9e01-42ed-b09d-dbc42f623e13
11967_0,4710721f-d195-4dfd-976d-46dcb508f73b
11641_0,d8d06f96-d134-42fc-8552-78838883b11b
12620_0,aa83e9f7-d6dd-419a-a411-352891cd90b2
11958_0,45b2a544-fe01-41ba-af34-9b02a2dd0c62
11261_0,98443d23-2db0-45ef-8e95-a935d3653433
11811_0,782dfab7-e243-4e1f-a37b-b0dd722f6271
12226_0,b35b4676-571c-4781-a7b1-ade2d3006f31
12677_0,0f2f956d-9d17-4730-b6a5-79ae7a79cbba
12504_0,08fd43f4-c775-4d31-b023-15b33be1199e
12230_1,468e0ef5-2c0d-49cf-be5d-c74c22dbf452
11899_0,1577184d-7aee-4aa8-ad16-412dbbd862f4
12067_0,b008936b-7fa2-4b80-a0e8-6ee616394c03
12377_0,bf6abdac-39ec-482c-a936-33a8eed539d7
12044_i,a18e87aa-bcd9-44bc-9b91-b7fb8a17a1d4
12055_1,5d00a43b-f619-4ab2-bbe6-6d8c9af6b9ee
13229_3,886e7ced-e039-4d34-9ce4-6b594310a02e
12880_1,8563412c-f6b3-426b-95fd-ed8e8d40abf3
14441_0,c32e1018-a4fd-4251-8b20-07614af60fcd
13091_5,d7a263df-44c3-4fff-804c-863818abb48a
11468_0,2adb4898-861e-4e44-ba1e-e31b3ad9afa5
12003_0,33045bfe-b17c-4cfe-82b4-303e64fc47c4
12139_0,050a1904-fa12-451d-b28f-9f98afdc281a
12078_i,dc42f6b9-03ed-4815-a0df-b86fd0efd690
14119_0,12fbabbd-eb72-4a67-9c67-8e50e6670261
11446_1,ea5c1727-1761-44fd-889b-d22fbbac0108
12479_1,b4672b43-d311-4b4e-9f03-f97e99d9de7f
12222_0,5050529e-6af4-4cf2-a75a-7075d28649fa
12140_0,6b37f0bf-83d9-4742-896c-1863a7c174f5
12122_2,40bbd1a5-d73b-4244-a77a-629743ca204a
11912_0,5d5dc789-ca0d-46fc-80b4-2d11497d805b
12540_1,d8e2774f-a6fd-4054-9316-4e314d3a9333
12760_1,7bc58eac-411b-4cbd-97cb-85750d478999
12098_2,67329c25-c554-402e-a7fd-3fceb4294166
11764_0,67816566-c93a-4c2e-9559-38c74c045def
13681_0,11767ffc-9c2f-4793-b047-a4f54c1596ea
12286_1,9102bcda-c352-458d-8092-410ff2b0b283
12272_0,ea435403-ee17-4b74-ad00-dd90f57a5e25
13056_6,a60d3057-dc51-4cbb-985c-de8d9332c4a5
12138_0,8680b2a8-5866-47c6-8bed-47088f746512
11037_1,12e602cb-c912-4db0-95b0-9be4b2b40631
12942_0,fb47dbab-7ea1-4677-ba66-6f2cbf281ea5
12697_3,44abf5df-2895-459a-a8cd-5b1115d2ee70
13905_0,7f6eea23-52ff-41ab-9d52-83060622ec7d
12653_2,ac77f0f9-51d4-4a34-be5d-2424cef0d3dc
12331_0,e3a30863-1a51-4a34-850d-e3831357a023
13859_0,2e28fe1c-5fd8-4207-b00a-3bb78cad893f
11981_0,5c7b5709-2e5c-47eb-abbd-8143616460be
12199_1,1d829815-89e4-4fdb-838d-a58c47b4d186
12130_2,01d252c1-b1d4-4fea-b277-c9e8e90a9366
12674_0,f00453bc-fe5e-4797-b170-e56e83b4bc0e
12082_0,59743f80-9d27-493f-aac9-c16aa05e561b
11721_1,52acfe01-a46b-4d59-bab9-648a13b662b2
12237_i,25d181a3-aeb9-4fda-a96d-e34e7f03bda9
11595_0,d5f4db1e-52d1-40f1-a2c3-5c787f889fbf
12425_0,1f6eaadf-be50-4ab9-b1d3-c6100a0d8464
12328_1,098d5e8c-ea35-4009-b30e-44f6ee84697d
12149_1,2479ce06-c3c8-4292-a3d0-b06aa4a14a28
12940_0,a59c972b-236a-4100-87a7-867b2375bd4e
12295_0,8fdd4bb0-83c2-425c-ab8c-846d18fed3c4
12592_2,c4aecb7d-6e4b-4cd4-a8af-7c2329ddf2e4
12588_0,709b5cbf-07fe-44f9-9509-7ff6fa8dd29f
12304_0,0ae2fa01-1973-47ed-9639-95829f8cb4dc
12767_1,604470fe-23dd-4c2a-8de2-e03e483c5b6c
11440_5,0a4079f1-fbf8-4e01-8975-224cd045dc9a
12236_0,32a332e3-41cd-45a3-9b3f-ed9ae6adad7a
12417_0,ae1e0616-7a91-4b00-8e72-7f29e42990ad
12503_0,7556986e-777e-4f62-a6e5-6dac01311269
12293_0,258a9de7-585f-4da5-9bb1-112f1f716a3f
12385_0,8e5f3176-7070-4531-b8e0-77c6ee9be5de
13375_0,ca62a1e7-a842-476e-bf42-674b911873f6
13199_1,50ec046c-0050-48a3-9cbb-daed8cfd9037
12291_0,8932c7f9-ef92-4ee1-bc30-4b10d9daceea
12546_0,e959275c-44fa-46a2-a455-e891093edf60
12508_0,04669a93-fc37-48f9-ac78-f0072cd78b48
12346_i,9d18dded-4255-4a57-b611-04ca7343ac98
12205_0,c7cd3c37-3df8-43a4-bdb6-a663de48bda3
13504_0,5ca11885-0985-448d-a774-2a900b0e2c01
12581_0,aad0aa1e-65e8-4bd9-8259-42435ea91b83
12605_0,4c23e0c9-2899-4848-bedb-90bb609871a1
11626_0,63183996-0927-4a3c-b0ff-d51b147071b4
12957_0,b1972f1c-3c13-454c-9375-2acfa27828d7
12577_0,ae9112a7-6504-486b-8383-0b99cb4a7d60
13630_0,6a338a1d-11d3-41ea-abd8-03f31352f321
12258_0,6e03f85d-ac7a-487f-8f37-31d42289a8ae
14003_0,c2d69c22-acea-4ac8-889a-fa1acc2be843
13280_0,634c5b37-8d4a-4db6-93e6-e5f0b3a8f265
12745_0,d315a535-a113-4eca-b729-93dcdb21527c
12389_0,17bac510-b3d3-44c1-af6f-a0e68278bd08
12915_0,bdd80b31-803b-46f3-9700-d18aa0b6fbfe
12913_0,258a9de7-585f-4da5-9bb1-112f1f716a3f
11905_0,2ede83d4-cae6-4c16-8e91-8142e444bdd7
12812_0,98501487-ee03-4119-9416-20275d580dad
12744_1,b36a2158-1f0b-4cd9-b916-03454595a9a8
13042_0,2d67a39d-3ede-4585-b62c-1d9d2ed7fb89
12929_1,b1080469-d8e7-4998-8716-d9d9a3fa7817
12667_0,5b561c55-78b9-498a-bbd8-fe2572474ae0
12790_0,773f68ce-7d9d-4c6e-b0a0-74c685c604f6
13881_0,873f77bb-f769-4a09-9d27-80372b735c30
12855_1,7d4e31be-34a9-4fd6-8912-1b058b5893d5
12147_0,6717d174-2a9c-4282-9f72-499eaef6d260
12162_0,34d24a08-60b7-4378-b28e-1e556ce8bc74
11984_2,52b0da48-1cca-47d4-9c32-f5b3b1b27258
12694_0,8266520e-f133-4f17-bfa8-0400628990d4
12758_0,c1ed6472-b260-4c45-9b12-6116c4f355c6
12619_0,ca49a5cd-03d8-4619-9fc7-c83bf1ec7f23
12532_0,bb0e3666-0cbb-4dc1-9c99-01fb9a1a23df
13675_0,678c3436-b45b-409d-93c8-4924ba497291
12701_0,64b8697c-a8ed-489c-8197-0d5993d57e2b
13314_0,0d6576a6-31fe-40dd-9c3b-a03de0716fcc
12650_0,79372e29-bfa6-49cb-a569-94889330c1f3
11816_1,58e6789e-8029-4017-b65c-2ad37a39295c
13872_0,ceafe654-911e-4f40-898a-5551d24133ea
12820_0,8737174a-c0a6-431a-8a07-927fe0d47962
12705_0,53b1d42c-dce8-4b2a-badc-22e669889ec0
12340_0,21920aea-30a8-4048-a11a-f711991e151c
12791_0,c64ac5ab-33e1-4aed-ac7e-43118915d637
13689_0,0c017b9c-9bf2-4ac7-8418-8eb30ce57e46
12732_0,ad76b74b-7445-42dc-9b10-78f483d28106
13160_0,fe36bdf5-3518-4469-8e80-e038c3b24518
12933_0,a203d3d8-202e-40a1-b266-7c35d5d8672f
12861_i,b429f2d8-9254-45a3-9588-72043c3f5040
12677_1,0f2f956d-9d17-4730-b6a5-79ae7a79cbba
12897_i,36f8439a-8611-437f-a5ef-b53cb8b6b67d
12901_i,59895b74-2f26-4a3e-9095-fa7b213c52c8
13002_0,6490b383-cc60-470a-a194-0bcdb59c1eab
12991_0,b8f97fa6-0233-407f-88e2-481e858cf56b
12998_0,0cfc59b6-f2e7-4f3f-9882-23d35480701d
13043_0,fced754c-6d63-4e86-a3bd-70e91d1629dc
13229_4,886e7ced-e039-4d34-9ce4-6b594310a02e
12880_2,8563412c-f6b3-426b-95fd-ed8e8d40abf3
14441_1,c32e1018-a4fd-4251-8b20-07614af60fcd
13091_6,d7a263df-44c3-4fff-804c-863818abb48a
13263_0,c67fceda-b274-4e19-98ff-8b1f68628a1a
12948_0,f963a350-021f-4427-b3bf-07bce4de1885
13256_0,622d9701-588d-455a-bd62-61b3607fffc9
14119_1,12fbabbd-eb72-4a67-9c67-8e50e6670261
13478_0,b4672b43-d311-4b4e-9f03-f97e99d9de7f
13529_0,58fbb9f1-3deb-4e0e-bd89-6648b9fb0c0c
12505_0,5d5dc789-ca0d-46fc-80b4-2d11497d805b
12992_0,65c51e06-08af-4af9-9837-03ab55cd5944
13220_0,687e73fb-b2f4-4235-ae3a-35d125883ca7
14227_0,34c3f333-c62b-4abb-816b-540426ec2d23
13184_0,cac225ea-ba2f-46e2-8bc1-04620d27eb35
13681_1,11767ffc-9c2f-4793-b047-a4f54c1596ea
12678_0,55c6b219-d6fc-4b2e-badc-8737a2a23a7b
13127_0,a60d3057-dc51-4cbb-985c-de8d9332c4a5
12138_1,8680b2a8-5866-47c6-8bed-47088f746512
13638_0,12e602cb-c912-4db0-95b0-9be4b2b40631
13905_1,7f6eea23-52ff-41ab-9d52-83060622ec7d
13596_0,9fc9a9b5-c883-4cb0-bce1-2c12fc5bef0a
13859_1,2e28fe1c-5fd8-4207-b00a-3bb78cad893f
13200_0,56c8619b-c6b4-45a7-914f-6cb6c87b28b7
12674_1,f00453bc-fe5e-4797-b170-e56e83b4bc0e
13577_0,81c2786e-6250-46f2-975d-3aba7c05c11d
12753_0,5ff85900-4719-4dc2-a717-ceb2ee39c242
13827_0,72606992-01c0-4110-a650-761d67e36b3b
13077_0,1f6eaadf-be50-4ab9-b1d3-c6100a0d8464
13162_0,eae774a9-d6e7-4d5f-851e-e7a45d7095b7
13186_0,a59c972b-236a-4100-87a7-867b2375bd4e
13354_0,ea8efde8-c647-4c3a-905a-2501431edd56
13098_0,3fe55679-52c6-4831-b089-d7a0bdda70e5
13301_0,419881aa-7904-4f46-acc1-f3f55c77e0fb
13221_0,604470fe-23dd-4c2a-8de2-e03e483c5b6c
13658_0,fdfaf67b-e5bf-4db7-ab1f-1c36e2a5b332
13742_0,755d4938-8dfc-4b28-b5e4-013cf1c5605c
12885_0,ae1e0616-7a91-4b00-8e72-7f29e42990ad
13367_0,47b6ecbf-9ce9-4d3c-9c34-9a4d3d4c9c59
13387_0,4fdf1680-2603-499e-98c4-ce69f51bd70f
13375_1,ca62a1e7-a842-476e-bf42-674b911873f6
13235_0,d90d2452-1734-4bcf-abc5-2e759e1d56da
13343_0,14dc2c0a-4946-458a-889f-209da6e34630
14585_0,cd381812-3bfb-412f-8320-46e8b13f9db2
13290_0,90896f79-881c-4557-b328-7ae5bd1f4dd0
13261_0,9d18dded-4255-4a57-b611-04ca7343ac98
13281_0,421b4c33-fbfa-475f-845c-e07b386ba37f
13504_1,5ca11885-0985-448d-a774-2a900b0e2c01
13666_0,bc9b383e-2ec5-4719-aac6-96aa6789b961
13100_0,2f20f0d5-cc25-4824-9061-cebe82846203
13629_0,349c0146-7cd5-4cdd-9c9c-936162861e29
13630_1,6a338a1d-11d3-41ea-abd8-03f31352f321
13550_0,f2adfe30-41ad-4167-8411-5656acfd5073
14003_1,c2d69c22-acea-4ac8-889a-fa1acc2be843
13702_0,26e1b08f-eea3-4a95-852c-76b6c830451c
13230_0,12b5da2f-2d08-4dc0-8ea6-2181f294e98d
14306_0,bdd80b31-803b-46f3-9700-d18aa0b6fbfe
13585_0,a389b15b-0664-405b-82e6-2fe125c3c887
13578_0,206f0105-aa82-4e89-a5e7-31ca4b2e3271
13816_0,98501487-ee03-4119-9416-20275d580dad
13735_0,f272166c-8232-4671-a5ff-44c87e43e99b
13207_0,51afcb4c-9bb9-41d3-9d3e-037b12cbf639
13299_0,7f577818-8671-41bd-a8a8-e6d3a64591b5
13881_1,873f77bb-f769-4a09-9d27-80372b735c30
13344_0,fc5c9038-9c66-49ad-960a-edbf7aa016bd
13747_0,6cec3734-2ce2-4ef4-a02f-6d48391a658a
13531_0,1426c551-b9fe-4fb4-90b0-a433e2bb4a53
13695_0,96bb3c6d-44c9-4982-b76e-e380199a89d4
13621_0,035aaeb8-76ef-4156-b128-ca6fa9080394
13675_1,678c3436-b45b-409d-93c8-4924ba497291
13562_0,734668ff-21f7-4b43-b52e-4edf627b1f4c
13696_0,172d865f-9bff-40df-b581-f9adab4dbe10
13890_0,396d4413-983e-446a-9fe9-eb3c01418fce
11816_2,58e6789e-8029-4017-b65c-2ad37a39295c
13872_1,ceafe654-911e-4f40-898a-5551d24133ea
13867_0,439221f0-8f9b-42a4-9830-746ca4919c9b
14061_0,7a64998c-2678-4887-ac71-fa45760025b8
13689_1,0c017b9c-9bf2-4ac7-8418-8eb30ce57e46
14044_0,c60c2eb5-a7ea-4436-b13e-9a8ecbc4c189
14023_0,220f17e2-e276-4463-8ba9-22c1a3f75fa5
14006_0,67905c89-ff1f-49a9-b453-04fa8b39fa4d
13730_i,3d35be5d-9628-4e91-aa03-4bf14d480272
14240_0,9be9df30-5da5-4c9d-abdd-c88be85125f4
13581_0,07fc9bda-61b2-46cc-ba68-9986bf460435
14148_0,17f76c45-08a2-430c-8115-6b9f4453c98a
13809_0,589f363c-fdc2-497d-9788-822ad45c299f
13453_0,3762ed77-74fb-454b-ad00-dfde3d41c31c
13229_5,886e7ced-e039-4d34-9ce4-6b594310a02e
13728_0,b7a55feb-e554-4546-adf6-15096f2fbad2
14441_2,c32e1018-a4fd-4251-8b20-07614af60fcd
14587_0,d20393b7-4d49-43a1-941a-15e5d5d9ec77
14013_0,167578a3-f5ed-4ce7-96f9-fd3f4c6b6d99
13775_0,95381a32-5a34-46b4-9fd7-1f95752c89a9
14119_2,12fbabbd-eb72-4a67-9c67-8e50e6670261
13906_0,88ad5a2e-ca1f-4fa7-ae48-5a972779bf3a
14227_1,34c3f333-c62b-4abb-816b-540426ec2d23
13686_0,f1d759f8-9d33-4023-8bc9-b9f19b9db037
14451_0,51bf8729-f473-4d97-9219-fd94a4eec019
14133_0,647ac6a6-fdad-4d2d-84cc-f554cc3a2d7b
13638_1,12e602cb-c912-4db0-95b0-9be4b2b40631
13905_2,7f6eea23-52ff-41ab-9d52-83060622ec7d
14265_0,6641e4c9-6625-4c32-bbbe-90c86e552f5d
13859_2,2e28fe1c-5fd8-4207-b00a-3bb78cad893f
14084_0,bc1d8575-bd01-43fe-8639-552fca744f89
14640_0,a5f08621-4324-447b-a747-5a03b89ef2cf
13077_1,1f6eaadf-be50-4ab9-b1d3-c6100a0d8464
14106_0,5064fec8-c56d-461b-83ae-c4e2dee6d7a0
13927_0,4a4a18bd-9a50-4ba5-a7fb-39fe7ad4edf0
13993_0,3fe55679-52c6-4831-b089-d7a0bdda70e5
13719_0,ea049125-7e7c-456c-bb8d-a302476f92c3
14011_0,ad48eae7-9492-49fc-8291-b039e0b50e12
14145_0,ecc804e8-4ec6-4340-be17-09a0bd02bb92
14190_0,14dc2c0a-4946-458a-889f-209da6e34630
14105_i,2b0edc7e-a3c6-44a9-8395-970ce3a3b513
14585_1,cd381812-3bfb-412f-8320-46e8b13f9db2
14111_0,9d18dded-4255-4a57-b611-04ca7343ac98
14259_0,456d842e-c8a0-427e-b19e-2323cd8a58a2
14251_0,1f6eaadf-be50-4ab9-b1d3-c6100a0d8464
14768_0,349c0146-7cd5-4cdd-9c9c-936162861e29
14214_0,971dc0d1-f1c2-45df-a2bd-7869b335fff1
14311_0,af77fc7c-390e-425c-b941-9474a4138689
14306_1,bdd80b31-803b-46f3-9700-d18aa0b6fbfe
14481_0,737b0ed8-c055-47d0-84f2-6c8153c56b49
14348_0,174324f7-dd64-4d93-b247-3d084811e831
14497_0,f272166c-8232-4671-a5ff-44c87e43e99b
14438_i,98501487-ee03-4119-9416-20275d580dad
14321_0,65174495-16a6-4a74-830a-46db64f46ff1
14578_0,3328359a-090a-4504-8932-b888a1a7c644
14850_0,64957c17-8089-4b24-82d5-b9844c792b78
14637_0,d5793191-d9af-423f-8580-b6e496cf5d58
14521_0,172d865f-9bff-40df-b581-f9adab4dbe10
13890_1,396d4413-983e-446a-9fe9-eb3c01418fce
14685_0,d0d8dbc6-1c1e-4e57-bd80-e4c2ba97c3a7
14023_1,220f17e2-e276-4463-8ba9-22c1a3f75fa5
14736_0,b0629048-65de-40e0-87a9-b1fb386ad50f
14838_0,afef9553-48da-43b0-80bc-c64f776b307f
14936_0,f0c49479-c700-4127-846f-fab61b540062
