6280_i,3afd99d0-2d69-44d9-b9fe-13d777a3b906
6289_i,1e4433e8-b6c3-4fdb-88ce-c565c8237394
6294_i,e6f9dbd7-0dbd-490e-bd24-5833e09318e0
6295_i,8daa94aa-0507-45fb-9ee0-554c031f7c41
6299_i,b5bf3573-5c0f-4d44-b805-494eb003008c
6301_i,5453c50a-a5ea-4e77-a763-0013f5b0b481
6305_i,9ecbe4bb-6560-41e3-94f1-4ec7093f82cf
6307_i,1344b513-d195-4ea4-b93c-48e957391a4e
6316_i,97cf3e22-4fa5-49d3-a46a-e922fd282f53
6332_i,419b32b2-00f3-4e54-8b2b-149ad506e11c
6337_i,5c1088fd-977e-48f4-8003-55ecbe4bbf54
6344_i,92ba1547-75e3-43e2-80ea-a6683a4a5951
6375_i,89f55a92-c94e-4678-93ed-28f7e68249ec
6378_i,c6061f9c-c4d8-48e4-9a50-7457d5e6b12e
6379_i,e9ee04e4-0b9f-4a0a-b0ba-15d79c52e852
6388_i,7f4c1580-1ac7-447c-9e07-063c9fb1b29c
6398_i,40568a8a-7977-4f06-bcf3-fa11947b40ae
6409_i,1a9c4fbf-2cdc-4806-87c3-aab68ee98dfb
6410_i,21d27054-4a59-4f70-9fff-ca6e4eeb3fca
6411_i,90b42bac-fcb9-4161-a22a-8b28fc12a2e3
6414_i,ab551fb6-0371-4cf8-8c92-d69906bf54b8
6416_i,422e5ef4-d537-445d-bc49-9907b04b8031
6417_i,480b6c16-ee60-499f-af1f-617023f51d05
6418_i,9b5f7d56-b329-4895-b90d-f92f86f7ec06
6421_i,c54ebe42-b868-4533-b8a7-bc6e368a53b1
6431_i,a75c8fcb-55d9-4cdd-9e0f-fd64a6ab9fd7
6434_i,94e95869-c778-46f4-8513-513c1a9787c6
6435_i,40e405fa-8150-4cb6-9ee5-ba5971f9f89a
6456_i,53ae0708-ec29-441a-b5d2-871c3311d8ae
6459_i,5782e7ef-5bd4-409f-b733-171200cb1da5
6464_i,f6c18dd2-36f3-456f-8915-ada39dd929e0
6466_i,ed2c8874-fd52-4888-ba40-a9b37c927186
6481_i,c72b4155-2a65-46d9-8693-d6530374c70f
6499_i,a9dab4a0-6106-4d39-a717-4bfc5de21745
6500_i,548589c3-ca01-4af7-b126-dba6d166cbd2
6503_i,b25cae68-866d-437b-8af6-370276c150ea
6522_i,8aa97665-9c0e-4160-a883-23eaa46aa781
6531_i,4e421925-dada-40c4-9f14-3e871bc1f9cf
6538_i,9e403610-8e83-49c2-a897-c7f6eaad68ad
6548_i,3e75780e-e227-4b73-855c-2f928dbe8eac
6552_i,ef308582-55a8-4e62-a046-d93c01c2d9d9
6557_i,e4d04ec1-171b-4f74-9d61-06fc557865e3
6573_i,60e02fc5-7678-4810-a528-0f42cf687dc1
6580_i,1e0459fa-87eb-4376-b1c5-c5baec63b4b6
6614_i,5c7f07ee-79d1-4b42-97ac-845950b6fa32
6639_i,79c86181-2efe-4c88-8818-75e558a32c53
6645_i,3d570107-23e4-4952-b04b-2689f7041680
6659_i,72abcbf0-9f11-43e9-9dff-4c5f15c292f1
6660_i,8d4020de-1bf8-4c75-bd9f-e9dd761c3722
6662_i,80ee04d1-aeb5-4266-a5d1-1693d0f9cda5
6712_i,99da8a6d-36b1-4f1a-ab9c-eb8735b8732d
6736_i,58a658ab-ebba-4bf9-91d2-81cc06c3239b
6759_i,ce1137fb-b70f-4ead-af38-80e22ce0d23e
6762_i,a3da2c35-86b8-4667-808d-77c36284c0c9
6769_i,b109ac83-b531-442b-8503-8cb13c717411
6784_i,153cca03-a99f-426e-8c1f-e8aa385a86fb
6791_i,a5cf2aab-b63f-4a43-9243-9bef450603d1
6807_i,2536645e-3fee-471d-bfce-7a0b2c0f4cc9
6814_i,271c5753-6dfd-4413-ae61-f80ec4e87ead
6819_i,61ecaa6b-e6f5-4946-895a-85574072d566
6821_i,d39de225-c2d1-4537-8672-1d630953c87b
6834_i,87de7250-6bd0-40e7-b8f2-324a8daa2715
6839_i,5b069375-d4b1-490f-9201-585b14321f02
6856_i,e9e287fe-e454-411f-9288-4dfa78654b0f
6869_i,d21db13d-d54a-458a-bd6b-00e93ddd4347
6871_i,b760ba2a-388d-441e-a6ef-c528ca75c112
6885_i,f5ad6bbb-6229-42ca-bd02-d02374e8ef08
6887_i,1ea6e0c7-7f2f-4ee3-b950-b9eca1a311d6
6904_i,4f894d2e-d0f1-4878-a4f9-4a9f592144bc
6906_i,e567d707-1957-44bf-bc22-966189ed7b81
6933_i,4e4ae932-f353-47b8-86db-badc4cf1346d
6941_i,087371e1-8a6e-47df-a7c7-cd7cfd7b1592
6942_i,15e580a3-dc39-40e5-87b1-7ab8db0d52c4
6948_i,1a9f5766-d0ee-401d-a986-adf0a2ce2cbe
6979_i,6f4f5f94-e96c-48eb-a409-05a5ccb48914
6981_i,79f12bf3-ff19-4670-847c-7b8d16a6bd59
6988_i,7add8426-6bac-4856-bf11-3432e50953e7
6991_i,be44b493-b388-42ad-92f2-ccaa53bfd64d
7017_i,aa690efc-1bce-452c-a1e9-ce386065aae0
7023_i,accf3dce-3be1-40ad-b862-56d390818ca8
7027_i,9fd11b8d-1e2a-4b44-9964-99e444ec4036
7035_i,85badd64-978d-4bba-9032-4f2edaef1a3a
7059_i,00c4493b-56de-4225-aad6-9ace84a9ecf7
7073_i,df683073-9b7b-4049-aeb3-c70bc26079a2
7080_i,cd7780cd-5f0b-45e4-8c60-0d3d354e608f
7137_i,b8ee14a1-1c5b-4a3c-9525-90202ad7b77d
7141_i,50237774-12dc-4cc3-b912-38205fac7fb8
7152_i,80bee07c-b2c0-4274-b130-70afdfc22534
7157_i,bf00f9cd-dd05-44bb-8fe9-c11910fc3420
7165_i,1f46a7a6-1ab3-4e4f-963f-b136983b2b38
7175_i,18532600-09ed-4690-9c45-eda1ecab2f31
7185_i,6ad53047-3452-45d4-959a-4cb169fb5285
7188_i,10ccb251-c732-4b94-882d-e349acdec10c
7193_i,fa27a715-7664-40c7-8640-4136b37b279b
7254_i,3ca09266-b3f3-4619-862e-b4d56360ffa7
7261_i,e93fa106-4b9d-490d-8253-f57a5677f010
7273_i,55919c5c-1860-4bef-a7d0-a700269d54e7
7319_i,49d6bd07-f442-4304-b5f9-9140c858bf94
7338_i,68414f59-76f7-48e5-8914-4842df3f0e56
7944_0,a8b4f48b-1223-47d5-9d48-54054f5fd93c
7435_0,6dcb6d4f-f5b0-46ef-8f60-8bae3fc877ad
8449_0,0d5f09f1-91f7-4cf6-922a-53ec964759a1
7477_0,67b18fc0-96c5-4fdf-a108-69e057355714
7812_0,3919857f-9031-4bdd-bddd-686cd5e57a0d
7377_i,0ae55e86-7287-4739-8e48-3f652357fd22
8027_0,d6360501-3c0e-4da0-9575-81a76b3c4db3
7381_i,67059b51-e042-4937-9d81-e25f929d4f88
7537_0,6f0f30fe-c692-4666-b3cd-23cba8aee536
8129_0,5b6871d8-8e29-44e6-98af-8754055b2130
6897_0,e9a18469-316a-4ab7-aa20-f032717e7d9b
7399_0,d6054646-071b-4eaf-8b7f-fc79534ba74b
7402_i,ef58c911-2dbf-4d8a-ae7e-cd05faea8223
7156_0,ff77ecba-bfda-4065-b1f7-e8bb37abf503
7412_i,21b32d11-c8a6-4686-8b7a-cea1e780d63b
7441_i,b8796be6-f38c-47c3-b6f5-64eea2da811c
7568_0,d2ff1931-2e56-4044-8092-b95e63784309
7760_0,c8fec4b3-c8e6-44c0-a3fc-bc912935bf51
7460_i,77f2b7f3-5d92-4f0d-8854-3b73de12e9bb
8657_0,635ed376-c16a-4f2b-ae81-f680d60c255a
7961_0,1c7b87c2-b5be-4fd1-ad1b-5a9ac32087d3
7473_i,7485239d-df68-4999-aea2-d18a3d93c5d4
7610_0,6bf0f318-bf08-4222-aa09-016b2988ad9f
7623_0,60469e3c-d51a-4c9f-9909-b5ef6bfe93eb
7511_0,8ad05902-e90d-496e-bc68-778c653943ee
7464_0,9d0cf569-aab8-4a11-bc1b-896e54026ac0
13056_0,29b5dfb2-ca19-4d11-af8d-5671437c0f0e
7104_0,b1c01964-7efc-4dfc-b48a-568357056bcd
7502_i,c9e18f33-fe5b-404b-8bc2-5c52dc9af5e5
8174_0,1bea0e9a-dd3b-46ee-9762-e3f712c4fac6
6610_0,94e95869-c778-46f4-8513-513c1a9787c6
8065_0,fd67714b-9fe2-4c7a-8820-59f82d60efe6
7515_i,f4386458-cb59-4a53-8ac3-b514ebea1d17
7516_i,ebed08e2-b9cb-45ec-9be4-b6b996b81444
7971_0,3f5f17da-d2eb-4508-8311-fa760eeb6d15
7784_0,5782e7ef-5bd4-409f-b733-171200cb1da5
8229_0,18ed3d95-e025-427a-b42c-4e5b5f0e4a8b
9644_0,92e98cb3-9794-4d80-aa66-157b46565f3d
8244_0,07952913-476a-4920-a198-94316048674c
7563_i,dd87c40e-c4b3-4dee-9cd3-3a9782865002
7572_i,1dbd61cb-df3c-427f-a581-f203cd38687b
7555_0,d41d3604-c8ed-446c-8116-6272c6149643
7593_i,b31cfe7b-dcb1-4472-9682-97819d34e934
7689_0,d8fc0af7-120c-4207-8c6d-e41072f381e7
7599_i,85136d17-feae-4328-bf85-42b94d2d4d18
7612_i,41848f11-3e6a-40c5-818a-040e0280f92f
7619_0,294748f0-eb84-46d2-b225-013f96213a73
6934_0,358d5a45-fb22-4f63-905e-5780350d5175
7103_0,b1a5f2b5-eb82-41b0-8da4-6c8b79b8af31
8948_0,2fe7bd12-1edd-4272-acbc-db42f573f676
7630_i,88c0c92f-bee0-463c-9dd4-dc27672bf78d
7700_0,ca277eb9-e767-4952-9571-e4fb1da3e936
8436_0,fab8e4ed-50c3-4687-bfcd-8e94a07cccb3
8385_0,83045b95-5eba-4849-badd-3ab39637dea7
7824_0,1f1c276d-f7bd-4d75-9157-6479a11cd5ec
8009_0,7732bbc1-456c-4d1c-bf16-cd419ffc8ba9
7452_0,44ecdbd4-4fdf-4929-a611-b9dc413961ce
7989_0,e4cd22a0-8769-4d77-a8ca-710ef06faa3d
8159_0,af8a8a5b-4e5e-4494-9782-2b22b9ea53c3
7724_i,464baa2b-5769-4cf5-8b78-548f2aaf5843
7731_i,afd693c2-f727-417b-b5a7-c38e476e4fc5
8337_0,f603592a-4c9c-4aec-87de-61c89ae36062
8897_0,a018dee4-eb63-4ef8-a86b-9942de6a3f83
7768_i,7385d412-f1f0-42fc-b9dc-88b60074e6c8
7769_i,e5bbc6cd-ecdf-497d-8c7c-3cf22d5b9213
7783_i,4aa6b52f-257e-4c4b-8880-aa19ae150e28
7772_0,9f65fd56-c6e7-4df5-9820-1bfbf7d0376e
8322_0,c302d8fc-d535-409d-bb76-621bfb6c6f51
7972_0,1cc6cfbb-73aa-418c-90f3-02dae602a6d4
11134_0,34cc38aa-042f-4101-a067-ad1c1e423dbd
7805_0,b0fc4b01-0a0f-4cac-af4b-775dc58181de
7866_0,3421498c-aba5-405c-9af7-d328e6c16e14
8832_0,7d49e24d-a6e6-4dd0-a9c8-8f12451fdb4f
7954_0,1c8efc4b-b66e-4e19-8595-f1671ef9ca8f
6821_0,d39de225-c2d1-4537-8672-1d630953c87b
7838_i,a18640bc-49dc-48d5-981e-78237d7c26cc
7755_0,87de7250-6bd0-40e7-b8f2-324a8daa2715
8019_0,6252b1f5-6fb8-4daf-a7ae-5155eeb41d70
7853_i,222cf02e-afb9-4733-ab6b-df2e40632880
8658_0,26a0491d-af49-42fd-9f17-f7c8f9bfcbc8
7560_0,d21db13d-d54a-458a-bd6b-00e93ddd4347
8108_0,eda56090-31f7-49af-abe5-3f491d06eea1
9103_0,caf70b23-0ca1-416e-ba0b-97751561f225
7952_0,f1da1a91-92ba-480f-b9e6-d4be77ad6e8c
7898_i,29f93a10-cd9b-4c7d-b7df-55b7a1123608
7978_0,4f894d2e-d0f1-4878-a4f9-4a9f592144bc
8789_0,5bdb0bb1-b415-41cc-aa9f-256329f67a03
7915_i,92c47149-42b6-4164-9806-6213112eaa22
9207_0,1b07b127-f50c-478c-b9e3-aa4b89c8031d
9081_0,61da45bc-761b-4945-a06e-f17732cc1db3
9385_0,51aaf2ee-42ae-4604-a9d7-f3500508ce44
6948_0,1a9f5766-d0ee-401d-a986-adf0a2ce2cbe
8740_0,50071a8e-9c17-4a1f-b615-299509b368d9
7787_0,79f12bf3-ff19-4670-847c-7b8d16a6bd59
8224_0,9b25867e-1591-4d7a-ac29-58399b4312ce
8245_0,c137adfa-d8ee-45fe-9ebc-a755ceaa3175
7282_0,ecc967c5-419e-4983-ae85-d0356325a8a2
9197_0,baac7268-0057-44ae-babb-d09561714678
8012_i,405e0a0d-fec9-49a7-a2ba-4b94a5e83d92
8804_0,7592b65a-51ab-48a2-9bf9-f60b43f1ccb2
8270_0,e2d77255-d431-469f-b3ba-a1f294324391
8024_0,1700fc57-882e-49c4-a972-12745c43b742
8055_0,e7c36276-9894-43e9-bcea-bb1d61af1b66
8056_i,102fcc04-fc34-4d4a-accf-c631d4c693ed
8243_0,75cf5f80-6c8d-4d68-95be-1598b17034c5
8073_i,5f42c7ab-7aee-4d53-bc2b-447b5f76df86
8089_i,b9d35128-4515-45de-9bc6-6d7d2b74a591
8101_i,2891d14d-af6a-4326-96d4-00bd7bcf6f51
8558_0,f8991298-b01d-459e-a53d-a7e0fb356aad
7152_0,80bee07c-b2c0-4274-b130-70afdfc22534
8645_0,0aca7b37-fe85-4ea5-af51-ac090e80b1c0
8130_i,d59abe5e-fc21-4ba5-a89f-f27bad43e11a
8643_0,964a659f-be4d-478e-a224-21ed59384315
8135_i,dda164fb-78d4-4a58-bf52-b14503471b1c
8096_0,3089eca1-5a6b-43c1-85d5-cb5231e1174a
8370_0,34ead411-384f-4db2-b1dd-239c5bd4d451
8711_0,18726d20-65c7-4cc3-bd35-5ffed2b19532
8169_i,31d2e560-3aa9-449c-950b-8e2a24c877e5
8192_i,981b9a9b-4389-41c7-ac5f-497d2a0b6933
8211_i,30cba05a-2ba3-4942-8ef3-e91c2eac791a
7459_0,5ac1df9c-c65b-4420-a88d-87a929adf1f8
8745_0,901aa1cf-4205-4db8-94c6-3022ccc4a524
8314_0,eb6df6f6-9558-40e3-acb9-c561296e76ef
8221_0,a7c58dd0-b027-4c25-8015-cb01621cbd7c
8339_0,4e962f9d-abc8-416a-9ff6-742a5f1477bf
9400_0,262945b4-bccd-4456-9fcc-8c3c1e5e1820
8449_1,0d5f09f1-91f7-4cf6-922a-53ec964759a1
8414_0,a11f189d-59bc-4956-bf53-6e866bee56b7
8097_0,3919857f-9031-4bdd-bddd-686cd5e57a0d
9422_0,61c93c93-e1a1-42d6-b2a0-10d3707f9b88
10405_0,d3b9113d-86ec-41d7-ba11-1b4b4e22ba26
8516_0,98a75184-652b-4653-b22e-1a44a2285661
11178_0,663a61b9-c633-44f5-a0c0-6dcb586b0239
8129_1,5b6871d8-8e29-44e6-98af-8754055b2130
8395_0,07e2774e-ecb9-4f27-91f4-4b405f7aed25
8236_0,913bf103-d2d2-432d-a5e6-a50fb3dcfc92
8622_0,2a18b33c-dfae-42af-8d97-aa5c9477c167
8295_0,16f21e58-2cde-4afd-8a44-46e854c9b963
9405_0,0622ab3f-990c-4204-933f-aaadacba9b4b
9098_0,88c60b68-37e2-4ce6-ba18-8cc7822d3918
8407_0,91734533-17f7-4c4f-b810-731f3408be66
8323_0,a4c9918b-049d-4ca2-b4c9-8c0d14c97b6e
8657_1,635ed376-c16a-4f2b-ae81-f680d60c255a
7961_1,1c7b87c2-b5be-4fd1-ad1b-5a9ac32087d3
7873_0,e46c3b14-6f1b-433b-95b4-9f13819ee9e6
8433_0,0a2cc46e-c00b-4d90-8ce9-ed81e47339c0
8303_0,6aa20a0b-4bd0-4fd7-9f95-0ba6f1085986
8440_0,d865b92a-be17-48a9-8aab-b8c20415a54e
9182_0,3f71fae0-a396-407b-8f66-0566a20ee0ff
13056_1,29b5dfb2-ca19-4d11-af8d-5671437c0f0e
8428_0,b1c01964-7efc-4dfc-b48a-568357056bcd
8664_0,c5e9bee2-a4b9-4853-a569-6d142fcf4d10
8174_1,1bea0e9a-dd3b-46ee-9762-e3f712c4fac6
10005_0,f97d3126-a884-45c6-b600-9f70972eeec9
8663_0,e201a0ea-753b-4ed8-9b27-0bbf98ebed9d
8321_0,f16e36ec-2a6b-4b8a-a644-ada3f16b0632
8525_0,e2ab7bdc-a931-4538-a2dd-238aec6e7deb
8397_0,5782e7ef-5bd4-409f-b733-171200cb1da5
8741_0,19b2e063-a7a8-4ed7-847a-d771c2c5f6ef
9644_1,92e98cb3-9794-4d80-aa66-157b46565f3d
8244_1,07952913-476a-4920-a198-94316048674c
8458_0,37d279a6-6869-4844-864f-1ce7db8cfc8e
8275_0,d41d3604-c8ed-446c-8116-6272c6149643
8042_0,58f58f4a-6326-467d-8437-c848ea08c60f
8219_0,d8fc0af7-120c-4207-8c6d-e41072f381e7
8410_0,fa4190cf-c8f8-43ec-80c1-9a5f51100bd6
13091_0,1762ef38-8955-48e9-8629-1b8e75b41275
8251_0,921bbb77-35b5-4787-9fda-dda5fcdfb24d
8613_0,857e3f37-fe82-4751-bdbf-083402f643a5
7103_1,b1a5f2b5-eb82-41b0-8da4-6c8b79b8af31
8948_1,2fe7bd12-1edd-4272-acbc-db42f573f676
8927_0,a2a203d8-0287-4886-ad9d-f420189510ee
8173_0,ca277eb9-e767-4952-9571-e4fb1da3e936
8436_1,fab8e4ed-50c3-4687-bfcd-8e94a07cccb3
8385_1,83045b95-5eba-4849-badd-3ab39637dea7
8703_0,69049b93-4fe5-4498-a61c-4b0f59814d10
8255_0,ea38074c-92c6-4391-bb2d-712e8758b586
8609_0,44ecdbd4-4fdf-4929-a611-b9dc413961ce
9748_0,af8a8a5b-4e5e-4494-9782-2b22b9ea53c3
8328_0,208c0f6c-07e8-420c-bd72-d84b6e24a4e2
8698_0,6e53fd4a-a9fa-461d-9d7a-d1b2a0ffec02
8337_1,f603592a-4c9c-4aec-87de-61c89ae36062
8294_i,e4caa928-4d0d-470a-afd5-b884b9db57e5
8897_1,a018dee4-eb63-4ef8-a86b-9942de6a3f83
8304_i,824cf85d-1951-4f5b-bd47-4dc0c1880a4f
10752_0,c4655da6-f2d5-486a-8ba1-e82140c6cb13
8350_0,6b70e316-03ac-4e67-90ee-8f388d457a23
8237_0,0aa0d092-1ae1-47e8-b22d-bcb634af7cf4
8422_0,9f65fd56-c6e7-4df5-9820-1bfbf7d0376e
8322_1,c302d8fc-d535-409d-bb76-621bfb6c6f51
8346_i,3831f03e-489e-4b0c-94db-85ba9d85d220
8368_i,51e3bf5a-4844-4342-9812-5edd2b867a18
11134_1,34cc38aa-042f-4101-a067-ad1c1e423dbd
8553_0,30bdff1c-54d8-4699-a685-b62202d8a067
8492_0,3107f1e1-0051-4a49-9ff3-54dcf2768f9e
8832_1,7d49e24d-a6e6-4dd0-a9c8-8f12451fdb4f
8390_i,ff667f0d-7475-4b72-8c9a-4a41ae9f68e2
8185_0,1c8efc4b-b66e-4e19-8595-f1671ef9ca8f
9724_0,35053afb-dd7b-4c1a-8975-c1bb77669a1d
8400_i,c7933915-7f3a-4c5a-af17-a94c51e2c5ac
11440_0,8be4351f-794a-4857-8acb-521d408fe182
7755_1,87de7250-6bd0-40e7-b8f2-324a8daa2715
8667_0,000dfc40-9d23-4321-8aca-95404227912b
7853_0,222cf02e-afb9-4733-ab6b-df2e40632880
8426_i,d603b598-fb83-471f-b4b4-3fe1c15eaac3
8658_1,26a0491d-af49-42fd-9f17-f7c8f9bfcbc8
8445_i,0c0311c7-41be-4a6b-9b1a-a4c62a8ddd82
8247_0,d21db13d-d54a-458a-bd6b-00e93ddd4347
9103_1,caf70b23-0ca1-416e-ba0b-97751561f225
8710_0,c83206aa-4b6e-4f05-a9c5-d4329fcc66a1
8384_0,4be873aa-b00e-45cc-b87c-fb3166a65638
8478_i,bd53b358-efaa-458a-b974-c59673cefa6e
8620_0,ee566d5c-7a5e-4456-968d-7426f68fd061
8789_1,5bdb0bb1-b415-41cc-aa9f-256329f67a03
8546_0,92c47149-42b6-4164-9806-6213112eaa22
8504_i,e62e2d75-3486-4f00-ba44-d8504f0f8e74
9207_1,1b07b127-f50c-478c-b9e3-aa4b89c8031d
9081_1,61da45bc-761b-4945-a06e-f17732cc1db3
9385_1,51aaf2ee-42ae-4604-a9d7-f3500508ce44
9085_0,471c76e3-85d5-4263-aa01-c350bef9bac9
8740_1,50071a8e-9c17-4a1f-b615-299509b368d9
7787_1,79f12bf3-ff19-4670-847c-7b8d16a6bd59
8224_1,9b25867e-1591-4d7a-ac29-58399b4312ce
8245_1,c137adfa-d8ee-45fe-9ebc-a755ceaa3175
10401_0,d748bb45-ada3-49b3-9fd6-aaab8dd1a244
9197_1,baac7268-0057-44ae-babb-d09561714678
8631_0,2f91a018-0f16-4cec-9213-07875613b18e
8804_1,7592b65a-51ab-48a2-9bf9-f60b43f1ccb2
9136_0,d73117c1-93b1-4014-93dc-9820fa4a3f39
8579_i,61d16931-6ceb-4f60-8c87-01ae3f13f5a1
8594_i,ea189371-bbc9-4e07-b0fa-e406a9b0a26a
8297_0,08be3e63-3b4d-400c-b007-2b583e43aa88
8345_0,407db3a5-b713-4adc-8b53-3021a2812d59
9245_0,ef9f2c0d-f773-4536-9ffd-3f7611260e41
8647_0,6bcc93bd-507a-4037-8852-8eae8f5542c6
8654_0,8babf5de-cb75-4ce8-a708-17fbc13e2361
7152_1,80bee07c-b2c0-4274-b130-70afdfc22534
8645_1,0aca7b37-fe85-4ea5-af51-ac090e80b1c0
10029_0,df15ee72-79b0-46d4-9241-27149b1f6dfb
8643_1,964a659f-be4d-478e-a224-21ed59384315
9747_0,4bc534ee-4cb0-41c7-b91c-2f5159fd963c
8738_0,7fcdc5d9-9a76-4d63-a9d6-75deb682ea85
8869_0,dce0b8b2-21aa-40ca-880e-3f9426efb81f
8711_1,18726d20-65c7-4cc3-bd35-5ffed2b19532
8584_0,fda6bd8f-4f0e-4451-af98-8ab79e8764de
9026_0,fcedb887-a1f5-427a-a122-ee75c167274c
9127_0,e90f8c3f-b75d-4e4e-a1a1-99600004bb92
8933_0,9f6e33cf-6711-42e5-9b4f-70a8829e66f2
8745_1,901aa1cf-4205-4db8-94c6-3022ccc4a524
8314_1,eb6df6f6-9558-40e3-acb9-c561296e76ef
8857_0,a7c58dd0-b027-4c25-8015-cb01621cbd7c
8560_0,4e962f9d-abc8-416a-9ff6-742a5f1477bf
9400_1,262945b4-bccd-4456-9fcc-8c3c1e5e1820
8709_0,5bf44b70-d3d5-4240-abae-fce7e7e6d074
9930_0,2ddbdf4d-f954-4d39-8ede-af26357c572a
8097_1,3919857f-9031-4bdd-bddd-686cd5e57a0d
9422_1,61c93c93-e1a1-42d6-b2a0-10d3707f9b88
10405_1,d3b9113d-86ec-41d7-ba11-1b4b4e22ba26
10146_0,a2a8f836-1dc4-4651-a6c4-d23eeef6332a
11178_1,663a61b9-c633-44f5-a0c0-6dcb586b0239
8129_2,5b6871d8-8e29-44e6-98af-8754055b2130
8395_1,07e2774e-ecb9-4f27-91f4-4b405f7aed25
8431_0,d30f9038-b64d-4886-8e08-94b4b9bf3a5a
8622_1,2a18b33c-dfae-42af-8d97-aa5c9477c167
8694_0,7e196985-6255-4050-9cc5-12432352136a
9405_1,0622ab3f-990c-4204-933f-aaadacba9b4b
9098_1,88c60b68-37e2-4ce6-ba18-8cc7822d3918
8604_0,9b59fb4d-76ec-4894-ae64-f159fac9014a
8323_1,a4c9918b-049d-4ca2-b4c9-8c0d14c97b6e
8657_2,635ed376-c16a-4f2b-ae81-f680d60c255a
7961_2,1c7b87c2-b5be-4fd1-ad1b-5a9ac32087d3
8486_0,b26a7e57-64e6-480f-85ea-32c5e3fcc3dd
8765_0,304f0296-ac60-4169-9b59-2a10a85cb23b
8406_0,74abfdfb-4be1-49a6-be18-5d7baf3725d0
8498_0,b6d8baa4-919a-4f7b-9e9f-5015d69999ed
9182_1,3f71fae0-a396-407b-8f66-0566a20ee0ff
13056_2,29b5dfb2-ca19-4d11-af8d-5671437c0f0e
8428_1,b1c01964-7efc-4dfc-b48a-568357056bcd
8664_1,c5e9bee2-a4b9-4853-a569-6d142fcf4d10
8416_0,db0dfad7-66b4-4593-aecd-4261f5092bfc
10005_1,f97d3126-a884-45c6-b600-9f70972eeec9
8663_1,e201a0ea-753b-4ed8-9b27-0bbf98ebed9d
8802_0,d60f1950-edbd-4737-ad2c-630ff386a27d
8642_0,6a9c12af-4f98-473c-bab1-620ab7e77e15
8397_1,5782e7ef-5bd4-409f-b733-171200cb1da5
8741_1,19b2e063-a7a8-4ed7-847a-d771c2c5f6ef
9644_2,92e98cb3-9794-4d80-aa66-157b46565f3d
8905_0,247cc38e-cbdb-48bd-9cb7-f31dca9053e7
8500_0,dfa623ab-d0c3-427d-904e-51673b6a9db2
8618_0,50ba3b7c-7500-476f-be91-419595d38661
8587_0,d8490b6f-d846-4ba4-9120-e680b0cc9aaf
8599_0,ed992164-bdb1-4dd6-8548-76d7c75f1ec7
8410_1,fa4190cf-c8f8-43ec-80c1-9a5f51100bd6
13091_1,1762ef38-8955-48e9-8629-1b8e75b41275
8879_0,eb187602-9bcf-4b48-93e0-fac8e8b73596
8613_1,857e3f37-fe82-4751-bdbf-083402f643a5
8351_0,bb7d713e-27d0-4c7f-8687-800534dd9bb6
8948_2,2fe7bd12-1edd-4272-acbc-db42f573f676
8927_1,a2a203d8-0287-4886-ad9d-f420189510ee
8394_0,b787bf06-7fa1-4b85-a890-5278dafd5d02
8436_2,fab8e4ed-50c3-4687-bfcd-8e94a07cccb3
8870_0,a368be53-8bea-47d7-b3c2-b6ce6afeaa9c
8703_1,69049b93-4fe5-4498-a61c-4b0f59814d10
8534_0,c0c3355e-a0fe-40f1-8d03-fb02ec02e40b
8609_1,44ecdbd4-4fdf-4929-a611-b9dc413961ce
9748_1,af8a8a5b-4e5e-4494-9782-2b22b9ea53c3
10032_0,492a9c3f-224e-4f82-80b0-9c765c6db0ea
8698_1,6e53fd4a-a9fa-461d-9d7a-d1b2a0ffec02
8337_2,f603592a-4c9c-4aec-87de-61c89ae36062
8625_0,d6e5eda3-4d15-4d95-aa30-9f90cbb92153
8897_2,a018dee4-eb63-4ef8-a86b-9942de6a3f83
8304_0,824cf85d-1951-4f5b-bd47-4dc0c1880a4f
10752_1,c4655da6-f2d5-486a-8ba1-e82140c6cb13
8967_0,0bb53f26-43e5-4b62-ba46-abcb6dd447ee
8610_0,0aa0d092-1ae1-47e8-b22d-bcb634af7cf4
8422_1,9f65fd56-c6e7-4df5-9820-1bfbf7d0376e
8719_0,bf4e2ddd-de75-49e1-975b-a6cc8b40a491
8946_0,cb9fb9a3-d7bd-4620-87a8-a6f7d34a943c
8368_0,51e3bf5a-4844-4342-9812-5edd2b867a18
11134_2,34cc38aa-042f-4101-a067-ad1c1e423dbd
8585_0,56308972-8eec-4d19-86c4-1e6955b6cb0b
8697_0,1b7b447c-71f8-4fba-85c2-6a3700d12262
8832_2,7d49e24d-a6e6-4dd0-a9c8-8f12451fdb4f
9086_0,0e979d6b-bb72-4568-90c1-1fd779429e29
8185_1,1c8efc4b-b66e-4e19-8595-f1671ef9ca8f
9724_1,35053afb-dd7b-4c1a-8975-c1bb77669a1d
8686_0,cfb54edb-1ede-4f63-9cbd-98a097715d3f
11440_1,8be4351f-794a-4857-8acb-521d408fe182
7755_2,87de7250-6bd0-40e7-b8f2-324a8daa2715
8667_1,000dfc40-9d23-4321-8aca-95404227912b
9787_0,7f195ed9-dfb8-4d79-a80a-a08668da3795
8426_0,d603b598-fb83-471f-b4b4-3fe1c15eaac3
8658_2,26a0491d-af49-42fd-9f17-f7c8f9bfcbc8
8445_0,0c0311c7-41be-4a6b-9b1a-a4c62a8ddd82
8718_0,a6abaa80-b4db-49b0-9a33-dfeed7211fc8
9103_2,caf70b23-0ca1-416e-ba0b-97751561f225
8710_1,c83206aa-4b6e-4f05-a9c5-d4329fcc66a1
8818_0,01d3975e-0a43-4eaa-ba1e-15577bb9aba8
8478_0,bd53b358-efaa-458a-b974-c59673cefa6e
8620_1,ee566d5c-7a5e-4456-968d-7426f68fd061
8789_2,5bdb0bb1-b415-41cc-aa9f-256329f67a03
8766_0,761ef0a5-d055-428d-ab6d-dbbfaa6fc30c
8504_0,e62e2d75-3486-4f00-ba44-d8504f0f8e74
9207_2,1b07b127-f50c-478c-b9e3-aa4b89c8031d
9081_2,61da45bc-761b-4945-a06e-f17732cc1db3
9385_2,51aaf2ee-42ae-4604-a9d7-f3500508ce44
9085_1,471c76e3-85d5-4263-aa01-c350bef9bac9
8740_2,50071a8e-9c17-4a1f-b615-299509b368d9
7787_2,79f12bf3-ff19-4670-847c-7b8d16a6bd59
8224_2,9b25867e-1591-4d7a-ac29-58399b4312ce
8245_2,c137adfa-d8ee-45fe-9ebc-a755ceaa3175
10401_1,d748bb45-ada3-49b3-9fd6-aaab8dd1a244
9197_2,baac7268-0057-44ae-babb-d09561714678
8631_1,2f91a018-0f16-4cec-9213-07875613b18e
8804_2,7592b65a-51ab-48a2-9bf9-f60b43f1ccb2
9136_1,d73117c1-93b1-4014-93dc-9820fa4a3f39
8579_0,61d16931-6ceb-4f60-8c87-01ae3f13f5a1
8688_0,1fcdcb91-2aa8-4803-9e2d-282fe04686bd
8297_1,08be3e63-3b4d-400c-b007-2b583e43aa88
8345_1,407db3a5-b713-4adc-8b53-3021a2812d59
9245_1,ef9f2c0d-f773-4536-9ffd-3f7611260e41
8647_1,6bcc93bd-507a-4037-8852-8eae8f5542c6
8654_1,8babf5de-cb75-4ce8-a708-17fbc13e2361
7152_2,80bee07c-b2c0-4274-b130-70afdfc22534
8645_2,0aca7b37-fe85-4ea5-af51-ac090e80b1c0
10029_1,df15ee72-79b0-46d4-9241-27149b1f6dfb
8643_2,964a659f-be4d-478e-a224-21ed59384315
9747_1,4bc534ee-4cb0-41c7-b91c-2f5159fd963c
8616_i,973cfa99-d9bc-4c24-ba2e-c2aa9a647275
8738_1,7fcdc5d9-9a76-4d63-a9d6-75deb682ea85
8869_1,dce0b8b2-21aa-40ca-880e-3f9426efb81f
8711_2,18726d20-65c7-4cc3-bd35-5ffed2b19532
8668_i,89c36a08-3fda-4024-b3dc-530b9a7552ce
8699_0,5cd41e93-9271-4402-991c-6e7ff642d954
8693_i,8a109b08-7dee-46f0-a570-5e35dd66dad7
9026_1,fcedb887-a1f5-427a-a122-ee75c167274c
8704_i,490211c7-a546-4006-a587-5e4f1cf9abfc
9127_1,e90f8c3f-b75d-4e4e-a1a1-99600004bb92
8714_i,8d7dd755-1644-487f-bf17-58335d7880bf
8933_1,9f6e33cf-6711-42e5-9b4f-70a8829e66f2
8745_2,901aa1cf-4205-4db8-94c6-3022ccc4a524
8783_0,3fbd23b3-b703-4a70-a0fa-c60d27aea01e
8857_1,a7c58dd0-b027-4c25-8015-cb01621cbd7c
8560_1,4e962f9d-abc8-416a-9ff6-742a5f1477bf
8823_i,30984355-5e40-466f-a517-898933f059b3
9400_2,262945b4-bccd-4456-9fcc-8c3c1e5e1820
9024_0,27dc190a-f28a-4ba7-96a1-5e012789d0f5
9930_1,2ddbdf4d-f954-4d39-8ede-af26357c572a
8863_0,2ce1768c-3e89-4e5e-8b88-5f795f019581
9422_2,61c93c93-e1a1-42d6-b2a0-10d3707f9b88
10405_2,d3b9113d-86ec-41d7-ba11-1b4b4e22ba26
10146_1,a2a8f836-1dc4-4651-a6c4-d23eeef6332a
11178_2,663a61b9-c633-44f5-a0c0-6dcb586b0239
8801_0,9574d69d-5c0e-4a35-9875-c2fafbc9999d
8395_2,07e2774e-ecb9-4f27-91f4-4b405f7aed25
8929_0,9cb1d34b-096d-41d9-9cc0-dd37203a4a8b
9742_0,7bd77839-296c-40ea-b676-add0c50a9e65
8872_i,a4af5a15-b371-41e3-8965-20f84c51e615
8884_0,f99b35c0-3975-4009-8634-dc3e41a86a98
9405_2,0622ab3f-990c-4204-933f-aaadacba9b4b
9098_2,88c60b68-37e2-4ce6-ba18-8cc7822d3918
8901_i,0726af95-6067-42c7-a900-c8384bc37487
8966_0,d88b300e-8144-46ea-9778-1870830674db
9144_0,a4c9918b-049d-4ca2-b4c9-8c0d14c97b6e
8912_i,358421ef-4869-460e-aca9-871b99925fd5
8670_0,640e56ab-6edb-4658-98ca-ab56390481d8
8932_0,3e187605-0377-446d-9a7b-029079c7144c
10341_0,adcb658f-9161-4d88-90d6-ef330bb4905f
9093_0,524267aa-91f3-4f1a-9cfb-26b0152838ec
9058_0,1c7ad1b6-44c4-4000-88ac-d0e78a2cb5cb
8980_0,de6bf284-8b9f-4f04-97c8-c6ea91448c7b
9182_2,3f71fae0-a396-407b-8f66-0566a20ee0ff
13056_3,29b5dfb2-ca19-4d11-af8d-5671437c0f0e
8881_0,043aef3b-6e2b-47bf-b0a9-01afea042e87
8664_2,c5e9bee2-a4b9-4853-a569-6d142fcf4d10
9443_0,9b05a674-18f1-4a37-9db8-1d7296f9b42a
10005_2,f97d3126-a884-45c6-b600-9f70972eeec9
8939_0,97c3310b-b4ad-4f3b-a03b-a66dd4fda9f8
8995_0,95fab371-97a1-4079-a922-e6f11406b6e7
9032_0,60c46bb8-d7cd-4716-b66d-35e29e01dc38
9102_0,f7f3e86d-cde4-4c7f-bc61-3263942281dd
8974_0,7cf45df8-af32-4079-8fa0-9c7bc4392cf7
9644_3,92e98cb3-9794-4d80-aa66-157b46565f3d
8905_1,247cc38e-cbdb-48bd-9cb7-f31dca9053e7
8886_0,2f3aec8f-4192-41d5-a56d-dfdb02f2340c
9208_0,33f8fef0-272e-4acd-8f2d-69fda5ed97fd
8934_0,cc135483-334d-43f8-a3d8-7735c1fdd50c
9005_0,fe426181-fa6e-4e5b-b578-217161dbd4ea
10324_0,4c1a2acd-e11a-4d24-9338-624a0185b2e4
13091_2,1762ef38-8955-48e9-8629-1b8e75b41275
9001_i,175782de-e86e-4b6d-80a5-00f33c60a991
8952_0,70b60328-ac25-4252-ae43-632af7ee952b
8613_2,857e3f37-fe82-4751-bdbf-083402f643a5
9392_0,d8f6e3ac-8f74-428f-a553-e34c3cb8bdfa
8978_0,1b1f4b92-bd53-4985-a7a4-1aa3f538b422
9009_0,4584a4a8-4eef-44dc-9c3d-4ed53088d44e
9016_0,61ffd5ce-8a2f-4a9a-b286-538c016be279
8619_0,b9e6a642-bc00-4cdc-a501-517171ecc7bb
10058_0,8aa0ffaf-d02d-4926-b1dc-4aab24010cd8
10364_0,45035ba0-244c-4162-b8d4-6d9337e4481d
9041_0,6105f05d-6617-4b5c-9385-b73f037261db
9310_0,56f441e9-694b-4d0d-ab98-51de16e4412e
9748_2,af8a8a5b-4e5e-4494-9782-2b22b9ea53c3
9072_i,77f3e156-5cdd-43bc-8621-78f6450fb7ca
10032_1,492a9c3f-224e-4f82-80b0-9c765c6db0ea
11796_0,40b8c21b-36b0-4b0d-90dc-2f4d869346ac
9375_0,956a39e3-8ec4-47e7-8211-0ab1779c79e3
9252_0,d6e5eda3-4d15-4d95-aa30-9f90cbb92153
10819_0,bcc5f50b-9b9c-4466-8001-4f7aa33a53c4
8659_0,f3c29fe7-7909-4bf6-884d-3c3386208d17
10752_2,c4655da6-f2d5-486a-8ba1-e82140c6cb13
9122_0,0d0c9b01-46e9-40ae-a7f9-5a1c79dc7bcb
9587_0,5bfe7e24-dd6e-4443-9f0b-f289dffa1690
9477_0,622d35fa-bf76-4728-8fd0-52c52acc1de9
9228_0,e92ff723-1763-4c98-9ee0-db108479ecaf
9152_0,b1468938-4f7a-4e4b-9b01-ee0536e8321f
13229_0,35cbe18f-a37b-4905-9447-09d54055712d
11134_3,34cc38aa-042f-4101-a067-ad1c1e423dbd
9790_0,493a85b3-7187-40bd-bf7e-ff3bf095343c
10431_0,39d2ddb6-314d-4d34-8e74-5900a9831ffd
9158_0,3ca9ad92-c430-49e0-bde6-a8679eb8eb91
8712_0,16f2f190-8c2c-4b71-8f0d-847a95620db7
9724_2,35053afb-dd7b-4c1a-8975-c1bb77669a1d
9007_0,69a89ec9-b8b3-4fc4-85d1-0955bb238ad3
11440_2,8be4351f-794a-4857-8acb-521d408fe182
9300_0,49215aa3-fd82-4e34-b4fe-78937582033a
9188_i,b345f26f-c2ce-4c7d-90b0-0d41822979dd
8667_2,000dfc40-9d23-4321-8aca-95404227912b
9787_1,7f195ed9-dfb8-4d79-a80a-a08668da3795
9659_0,08e72795-31ea-4724-af37-bf91598eb057
9196_i,76904f22-d99c-4f9e-80d0-efa22ee41d35
8658_3,26a0491d-af49-42fd-9f17-f7c8f9bfcbc8
9551_0,d7c22647-5e17-4be4-8e42-68f760c5de1e
9469_0,a6abaa80-b4db-49b0-9a33-dfeed7211fc8
9103_3,caf70b23-0ca1-416e-ba0b-97751561f225
9276_0,8e353024-11c5-4278-8ec5-f5157fc2dc2b
9281_0,e8f333c9-26ab-4f90-84ae-48872197d471
9218_0,8edb3f24-0fd9-4af6-9da6-ce4bee2ef395
9249_0,ee566d5c-7a5e-4456-968d-7426f68fd061
9633_0,ba968937-3cd6-41f2-a440-bfa6431f5e48
9387_0,f593483e-2f2e-4b44-bb7a-186005326834
9240_i,a3a3256a-e7be-45fd-8399-ad783c72a8dc
8504_1,e62e2d75-3486-4f00-ba44-d8504f0f8e74
9259_i,91b31ace-2cb0-4db6-acbc-8750096ed429
9207_3,1b07b127-f50c-478c-b9e3-aa4b89c8031d
9433_0,a35dce1f-842f-4b90-9e3f-19c392e78376
9385_3,51aaf2ee-42ae-4604-a9d7-f3500508ce44
10379_0,1ac52905-2845-47a3-95d6-2caf6a99ed6c
8916_0,789b454a-c7a3-4743-a318-5f671db1735e
9861_0,f659d618-4508-41e9-97da-478ccfdbdece
9044_0,c8e57df8-87d3-4be6-bdc6-31334738e224
9076_0,a23de1a6-01b7-4145-b847-446dbb96c266
9291_i,7ec24733-fe27-471b-837d-2a827d1a4ff0
9295_i,dfe6a07d-7526-428e-895a-80551fc34acf
10401_2,d748bb45-ada3-49b3-9fd6-aaab8dd1a244
9267_0,c6fcc757-91fa-4fa3-9f45-389e12807b72
10281_0,a4b23076-6c2c-47de-9bc0-8a007a9a30f9
9990_0,5a0b33aa-24ab-4a2d-b483-de812f3cfb84
9205_0,470806cf-f071-4a74-b3d9-d89ce66eaba1
8986_0,f6dcbd18-fa52-47cf-b5fb-af5771b7ec07
9458_0,b977ff22-d1d2-4db2-b1b6-45057bd8d238
9847_0,08be3e63-3b4d-400c-b007-2b583e43aa88
10314_0,22da1f1f-0163-4f89-9bde-e5037cc7a9d1
9245_2,ef9f2c0d-f773-4536-9ffd-3f7611260e41
9726_0,6b4fe1b0-e393-4403-8114-70b6073ee2b0
9459_0,2df22f50-74ef-4073-af51-75f1a2118ba3
9036_0,ad06d436-e37b-4558-82be-5dea6b68e39a
10029_2,df15ee72-79b0-46d4-9241-27149b1f6dfb
9212_0,fd39fca6-37be-488f-8e94-0f75a5834a66
9747_2,4bc534ee-4cb0-41c7-b91c-2f5159fd963c
10065_0,56ed4954-6017-4748-b362-11d76fca65d6
11060_0,1929885a-42de-40df-9441-186482600f78
9665_0,9e04b1bf-68c0-49cb-b67f-fb1eee95fb3a
9683_0,2f6bf47a-2b9f-4db6-89ba-752a5913b0e0
9210_0,89c36a08-3fda-4024-b3dc-530b9a7552ce
9867_0,0f0eccc1-86d6-4764-8f1a-f9b0749531be
9425_0,82685eb5-f481-4cf0-a609-7838229d5b47
9615_0,f8c70173-ac78-476d-9f2d-db19a2a2bc99
9397_i,5ad50a57-15d0-41fa-bc12-3763a5db46a2
9567_0,3af8828b-8d4a-4111-ab1c-fafd5f41a4cc
9401_i,3bf03f0a-ed96-43e4-aaa2-6e0233494919
9508_0,e90f8c3f-b75d-4e4e-a1a1-99600004bb92
10167_0,66072280-a666-490e-8e9a-3398f1b8f278
9591_0,501040b1-f837-424f-b826-b051969cc60d
10142_0,e1cf5620-92fa-4f5b-bb68-8b890ad9c7dc
9420_i,1c59f464-e7c5-4e3b-a044-b0c2bed462b7
9453_i,0488b1e3-3da3-4974-9327-ecf9a2098faf
9536_0,074eef54-bde5-4fa5-bb13-37a35b30c28a
8560_2,4e962f9d-abc8-416a-9ff6-742a5f1477bf
9491_i,5a242696-923e-451e-88c0-e20c6a044d99
9501_i,659a7b75-b0f5-4cb6-b079-4a4af1424c4c
9504_i,9db75776-f98f-46e0-b610-7460cd999c30
9784_0,da196044-df9c-48e5-a2a4-c6b50facc914
9400_3,262945b4-bccd-4456-9fcc-8c3c1e5e1820
9697_0,cf3c44d7-fce7-4081-81b8-adb1cf7fce13
9930_2,2ddbdf4d-f954-4d39-8ede-af26357c572a
9997_0,51b9e28a-dd55-435e-b840-de3c0f568c83
9422_3,61c93c93-e1a1-42d6-b2a0-10d3707f9b88
10405_3,d3b9113d-86ec-41d7-ba11-1b4b4e22ba26
10146_2,a2a8f836-1dc4-4651-a6c4-d23eeef6332a
11178_3,663a61b9-c633-44f5-a0c0-6dcb586b0239
9769_0,9574d69d-5c0e-4a35-9875-c2fafbc9999d
10204_0,f471368f-4480-4ace-822c-494db88b1e81
9635_0,bb0527cf-6fca-462e-8525-0099f7e89e47
9742_1,7bd77839-296c-40ea-b676-add0c50a9e65
9290_0,b01d4104-f593-457e-a1c3-56eaf4012342
9405_3,0622ab3f-990c-4204-933f-aaadacba9b4b
9574_i,e1891f44-51ef-4191-855e-8115c07894cc
9098_3,88c60b68-37e2-4ce6-ba18-8cc7822d3918
9584_0,b3a3b6ad-d4b2-4ff5-8a7b-9c3ec78a54e8
9976_0,6e11f436-2d25-4f4b-b654-4b112e723a51
9771_0,ab18490a-dcef-44d4-aa59-92e3e1e98033
10041_0,1b10705e-5272-416c-b75b-40fc9aa6ae59
8932_1,3e187605-0377-446d-9a7b-029079c7144c
10341_1,adcb658f-9161-4d88-90d6-ef330bb4905f
9562_0,f3f24399-661b-4dec-8d1a-4dce1a6f4558
9590_0,a5e13e4b-7949-4b4b-8f35-72cbe5efe032
10550_0,5815538a-8f03-4bdb-83dc-c7d3a3a5f216
13056_4,29b5dfb2-ca19-4d11-af8d-5671437c0f0e
9639_0,45d15c19-8c6a-4d3a-8afb-231be06577ee
9823_0,317d1392-3cfa-4cb5-bbd2-6c0322bbf5b0
12697_0,6c5e8347-be9f-4629-aeda-69393bcb7623
10005_3,f97d3126-a884-45c6-b600-9f70972eeec9
9666_0,4cb49752-eb9c-483c-92c0-e74d1e7b044e
9785_0,2ea0741b-7d1d-4ccf-89a6-ccde5075ef52
9623_0,f2a4dde9-08ad-416e-9866-ed6a469d6091
9624_i,a4c32db3-86b2-41e9-a6c7-2868565e0c51
9821_0,f7f3e86d-cde4-4c7f-bc61-3263942281dd
9627_i,8bb3c218-3b68-4bab-88a0-f2c11e61e7c4
9634_i,73e0e426-cfca-401c-8703-6c5b2c03bd78
9638_i,8f1f7491-c092-4544-a07c-2f0d5efa850d
9808_0,5c88c172-29af-44b7-bef7-92143f721fa4
9644_4,92e98cb3-9794-4d80-aa66-157b46565f3d
9756_0,a1dc4286-b504-4c84-bee8-987afa0d2c86
9460_0,6ebd9d25-e2b6-4ebf-958a-dfe1d5e13236
9658_i,797e5c35-17c9-4f3f-9b1b-b33e73503532
9670_0,33f8fef0-272e-4acd-8f2d-69fda5ed97fd
9676_i,4c74a236-4524-4d2f-a1f3-2c7bc259de96
10224_0,fbc8e8a9-f02e-4e4d-87d3-ea765fe87bfc
10183_0,b77b280f-b08e-4e59-805c-dec1693f2905
10324_1,4c1a2acd-e11a-4d24-9338-624a0185b2e4
13091_3,1762ef38-8955-48e9-8629-1b8e75b41275
9752_0,161c7570-76c6-443b-b87c-be160539440f
9838_0,d07a3442-5b8c-4e1d-ac98-513edffe8bab
10267_0,d8f6e3ac-8f74-428f-a553-e34c3cb8bdfa
9903_0,6790a322-d6d6-40a0-90c6-073f9758ba97
9695_0,a079a173-2d02-451f-97cf-cf1ca15a0096
10851_0,cd28d481-90a2-4d55-ad37-c7bd9e949862
10058_1,8aa0ffaf-d02d-4926-b1dc-4aab24010cd8
10364_1,45035ba0-244c-4162-b8d4-6d9337e4481d
9885_0,90c5d432-e368-4c48-8135-04f086da7bfc
9748_3,af8a8a5b-4e5e-4494-9782-2b22b9ea53c3
9844_0,dfcbd694-8c66-4910-b2d6-d3ac68898f61
10032_2,492a9c3f-224e-4f82-80b0-9c765c6db0ea
11796_1,40b8c21b-36b0-4b0d-90dc-2f4d869346ac
9804_0,956a39e3-8ec4-47e7-8211-0ab1779c79e3
10819_1,bcc5f50b-9b9c-4466-8001-4f7aa33a53c4
10752_3,c4655da6-f2d5-486a-8ba1-e82140c6cb13
10134_0,cf9668fd-dca2-49d6-88f5-986a7de45791
9657_0,bdb6eb3e-1e6d-41d9-b079-c9269f358df8
10363_0,8691adfc-ac6b-4d2a-9848-5e4cb6878ac0
9781_i,711e75d9-a1fe-40dd-a133-5210cdce7eb9
9778_0,b1c0a5ea-4c11-4052-b728-8737ce44edc8
9962_0,a61a48cc-9b75-4834-9a08-115b59c4e02f
13229_1,35cbe18f-a37b-4905-9447-09d54055712d
11134_4,34cc38aa-042f-4101-a067-ad1c1e423dbd
10015_0,3ce1fa7b-5365-4afd-8a5f-c4f67e4b6822
10431_1,39d2ddb6-314d-4d34-8e74-5900a9831ffd
9941_0,0e979d6b-bb72-4568-90c1-1fd779429e29
10206_0,88584d8d-4ebc-4276-a7ec-e08686883a77
9721_0,e893c46a-89ff-4811-aa26-d1654cbb55a9
11440_3,8be4351f-794a-4857-8acb-521d408fe182
9470_0,87de7250-6bd0-40e7-b8f2-324a8daa2715
9993_0,d168e9f1-0a77-478d-96b1-5320e85fa4be
9656_0,5a60e55e-c015-4c46-8bf1-13bd2d008a97
9787_2,7f195ed9-dfb8-4d79-a80a-a08668da3795
9659_1,08e72795-31ea-4724-af37-bf91598eb057
10318_0,78bbe330-45e9-4a7b-ad22-95b222619ea6
10111_0,ad2dce87-b72f-4cc5-b3d0-5a35afcc7ded
9551_1,d7c22647-5e17-4be4-8e42-68f760c5de1e
10004_0,31f1487e-e0ec-4627-9277-a1d90b0b81b1
9799_0,3445973a-9e2e-493d-8788-2b2e7248380f
9983_0,8d17a443-9b41-44ac-8a29-d2d79b9b034d
9929_0,3b4fefee-dab6-4b00-a871-5d1a5fe2877d
9633_1,ba968937-3cd6-41f2-a440-bfa6431f5e48
9901_0,7cfdd4c5-46cb-4893-9d98-4d300296109d
9912_0,cb334995-4673-4bf9-8838-48684052fe8c
9870_i,46232c43-137a-4723-9f72-5e72f719c5db
8504_2,e62e2d75-3486-4f00-ba44-d8504f0f8e74
9895_0,00e60c0b-85e4-4396-b19e-668c3a365184
11054_0,48187a76-001c-41a6-97ab-74625c2c26d0
10017_0,21c4b761-c991-43cb-9798-4fcce8b91831
10379_1,1ac52905-2845-47a3-95d6-2caf6a99ed6c
10623_0,52388fda-ff3d-4cc3-b44b-4eeb1182799f
9926_0,a23de1a6-01b7-4145-b847-446dbb96c266
10031_0,231e2940-c8aa-498f-bb6a-72b8990b1d82
10116_0,dfc6366a-d8e2-4a10-9917-a3116cfcc613
10401_3,d748bb45-ada3-49b3-9fd6-aaab8dd1a244
9942_i,49a8ab3d-6831-463e-a0e9-2b7a3a9382f5
11280_0,49e48f69-fa3b-4283-9346-ef7a1f1221b7
10281_1,a4b23076-6c2c-47de-9bc0-8a007a9a30f9
9990_1,5a0b33aa-24ab-4a2d-b483-de812f3cfb84
9872_0,415b7774-856e-4865-9cb3-20d603e9ebf9
9732_0,4b37601d-2ea2-4670-8551-9e21a0b3236c
9960_i,fcf2838d-7cbc-46a4-b78d-ad6e9e0e68ee
9961_i,053cca83-9081-402e-a62d-f251de7e7517
9974_0,08be3e63-3b4d-400c-b007-2b583e43aa88
10314_1,22da1f1f-0163-4f89-9bde-e5037cc7a9d1
11984_0,d8ac6da6-20c7-4804-b1bb-38defc432d44
9998_i,33bc5c02-591f-408e-ad62-985134021f4f
11769_0,469a5e61-9baf-4569-a5bd-b69f06d43768
9907_0,72549e71-18dd-4365-ab79-92f072b95c69
10226_0,7f88d35b-b780-4052-817a-ffae1d9b81f2
10029_3,df15ee72-79b0-46d4-9241-27149b1f6dfb
11238_0,454a7435-2d50-4aa7-9889-330acee4ea96
12142_0,dcf80e65-9fd9-4b27-9b46-591de09fe095
10065_1,56ed4954-6017-4748-b362-11d76fca65d6
11060_1,1929885a-42de-40df-9441-186482600f78
10061_0,56eab8df-636e-46a9-abf7-f955148f9fe0
9436_0,2fb6fb04-94ec-4750-8927-ac41c0fd8d12
10066_0,0f0eccc1-86d6-4764-8f1a-f9b0749531be
10051_i,af210dd1-51dc-4ecb-9170-b86aea18f239
9615_1,f8c70173-ac78-476d-9f2d-db19a2a2bc99
10420_0,249c9934-4d65-492c-95e7-8d77820fdd2d
10591_0,9a309c8e-e052-4c88-ad38-90a82c448f5b
10228_0,b376df39-f4f7-4fd1-8adb-82b46de08e71
10167_1,66072280-a666-490e-8e9a-3398f1b8f278
10006_0,39ccea4e-fccd-400a-b5c2-914066829d62
10068_i,8597f404-5dfb-4e15-b275-158d9d94e003
10142_1,e1cf5620-92fa-4f5b-bb68-8b890ad9c7dc
10190_0,37c6092d-92ea-470c-8302-8fd66b5de753
10091_i,4b9bda65-ff81-483d-8aee-507962b23778
10063_0,f32a2ede-3abf-4e50-965b-6ae08a0ae65c
10107_i,48456575-1ebd-4b98-8899-5a3754c60a72
9965_0,074eef54-bde5-4fa5-bb13-37a35b30c28a
8560_3,4e962f9d-abc8-416a-9ff6-742a5f1477bf
9999_0,af81b724-a2be-447f-b85c-7c97512d267b
10665_0,0a427260-2b2a-481b-8172-aa416828145a
10231_0,b5ad9506-b29a-4aa6-9dc3-b74101090eac
10151_0,cc5df4a4-3fc9-4a27-9c07-cd3e42a3d393
9853_0,5bbce045-0c95-4f3f-b04c-ecd085cb4877
10265_0,1e7e52d5-92ef-4a11-b384-ee35c05f7347
9930_3,2ddbdf4d-f954-4d39-8ede-af26357c572a
10130_0,51b9e28a-dd55-435e-b840-de3c0f568c83
10405_4,d3b9113d-86ec-41d7-ba11-1b4b4e22ba26
11248_0,56edb44c-8188-466f-850b-b47769bdf189
11178_4,663a61b9-c633-44f5-a0c0-6dcb586b0239
10127_0,9574d69d-5c0e-4a35-9875-c2fafbc9999d
10204_1,f471368f-4480-4ace-822c-494db88b1e81
10360_0,754c50f3-ab90-4888-a24a-42f37f5ec42f
10639_0,a63d4428-0a6f-4762-894a-6593c3d10cdf
10644_0,b71f0ae3-fb26-4d53-bb6c-b4199942a021
9405_4,0622ab3f-990c-4204-933f-aaadacba9b4b
10214_i,4e39f4e3-068d-41c3-a213-71282c365abf
10166_0,0bb9cce2-0584-4fb7-9bd1-e8c2d0dc3c5d
9854_0,b70b2594-c80a-4ca1-b7f2-1993f6ac3d4b
10268_0,718242de-b80d-4f88-891b-4ffb70612e5a
10626_0,b0bbe54d-9cb7-4d54-bc44-dc4732bba02a
10156_0,e63cf2ef-57b6-47d9-8c23-37a156b574a3
10041_1,1b10705e-5272-416c-b75b-40fc9aa6ae59
12098_0,3dce1399-c720-4460-a356-3d58f2ba82fa
10341_2,adcb658f-9161-4d88-90d6-ef330bb4905f
11095_0,3b5a9f71-4681-43aa-8aa2-013fbca8b3ec
10550_1,5815538a-8f03-4bdb-83dc-c7d3a3a5f216
13056_5,29b5dfb2-ca19-4d11-af8d-5671437c0f0e
10232_0,d668566f-2f40-4bb4-9e6b-85096f9c11b9
10269_0,98ca817e-5a76-41a9-bb09-3883fbdf35f9
12697_1,6c5e8347-be9f-4629-aeda-69393bcb7623
10771_0,377082a0-f0e2-4d84-9240-f6a4abace50b
12653_0,93fe9e7b-3247-43db-a7df-9a3a14449a0e
10988_0,63670c1b-4c8a-44c5-8276-4e46f92af4be
10330_0,a70d6609-793e-452f-aad1-bff68866d105
9624_0,a4c32db3-86b2-41e9-a6c7-2868565e0c51
10332_0,f7f3e86d-cde4-4c7f-bc61-3263942281dd
10911_0,0594aa11-f793-4e45-be96-3bc7c11ff7a2
12592_0,58b8d868-3332-42d9-be37-1c70ba92d583
10422_0,2e721537-9731-42c7-bebd-617f4085ffc1
10630_0,d563ea78-b739-495c-809d-13cd872a9e43
12130_0,0cc8ee17-7376-4537-8bc1-c504b20c5ba3
10977_0,8a244733-b5ca-4eba-8c9f-3119a4474d2b
10287_0,758b7b49-3c88-4059-9e22-bfefad8b1229
10290_0,797e5c35-17c9-4f3f-9b1b-b33e73503532
10350_0,ed1f72e7-a680-4744-a805-71ec151bf577
10768_0,51dfe1eb-95e5-4338-8310-0282acd6a20e
10279_0,518a5050-6e2c-4474-bce1-405f4e353e76
10486_0,ad84257f-a0b9-43a2-b8b4-acb70c4cec3a
10324_2,4c1a2acd-e11a-4d24-9338-624a0185b2e4
13091_4,1762ef38-8955-48e9-8629-1b8e75b41275
10692_0,161c7570-76c6-443b-b87c-be160539440f
10525_0,e9dde6f3-d8b8-40a6-9388-311b87474e1a
10267_1,d8f6e3ac-8f74-428f-a553-e34c3cb8bdfa
10335_0,2a04d19d-70f0-4163-9e7f-fcbd9c61222d
10285_0,cf3110c7-80d7-4add-bf20-e2f5e4d4ff9e
10359_i,89feec34-1b03-4aae-abcf-9c974a96158e
10851_1,cd28d481-90a2-4d55-ad37-c7bd9e949862
11201_0,80be576e-b1dc-4eb4-a94a-879c8b29d98d
10364_2,45035ba0-244c-4162-b8d4-6d9337e4481d
10398_0,c51b49b2-e9e6-4946-9722-397d62eaccd7
10835_0,af8a8a5b-4e5e-4494-9782-2b22b9ea53c3
10857_0,318258b5-1f98-4bad-9183-b651dbca3540
11796_2,40b8c21b-36b0-4b0d-90dc-2f4d869346ac
10819_2,bcc5f50b-9b9c-4466-8001-4f7aa33a53c4
10752_4,c4655da6-f2d5-486a-8ba1-e82140c6cb13
10506_0,27bebb8a-0207-43a6-89ae-4fb881f93f26
9657_1,bdb6eb3e-1e6d-41d9-b079-c9269f358df8
10490_0,07252ce9-bb7d-4e10-ae0c-d9d2d5bca58a
10944_0,fa04b555-4025-4937-8fa4-a99b902f0af2
10922_0,7268169f-3533-4553-a7c8-88418037ed1a
13229_2,35cbe18f-a37b-4905-9447-09d54055712d
11134_5,34cc38aa-042f-4101-a067-ad1c1e423dbd
10592_0,806c2664-6dab-415b-a30c-9ff0b3be6c63
10872_0,a2cd1e87-bfbd-406b-afb8-5300959611a4
10575_0,ec1e9510-411f-4470-9542-70f0606179c6
10456_0,22394381-8603-43ee-8aa7-4116a7bc9fab
11440_4,8be4351f-794a-4857-8acb-521d408fe182
10501_i,2d1209b7-a32e-46c2-9bd8-712d7ef3c9e1
11109_0,62ee8e48-1c00-4fe5-96eb-fa6757728c92
10380_0,24bdf58d-4b4b-4264-9a63-21440e839a50
10261_0,5a60e55e-c015-4c46-8bf1-13bd2d008a97
10672_0,87213cc7-20f8-441e-a131-7c4a4040955f
10500_0,925d551f-203d-41fa-a87c-0d190c9b3b22
12122_0,fb343437-46df-4196-9699-70c65dbd64d8
10502_0,d8b2d227-cd8d-4efb-bf6a-c3244ec347f1
10223_0,3445973a-9e2e-493d-8788-2b2e7248380f
10535_i,4bff1ccb-eceb-4b5d-9a5a-ed0eabfd28b9
11453_0,8edb3f24-0fd9-4af6-9da6-ce4bee2ef395
10553_0,ed076be3-60d1-4a85-83da-a3bd8c4e41f6
10777_0,7c144a16-2972-4cb6-b0f6-6ff8c278dd37
10556_i,5d9cb6e9-76b7-496b-bf1d-e609f712a085
10969_0,23fceab8-e804-4dd6-9e50-53fe8a8f772d
10863_0,f9564c1b-d758-4891-bb23-bdbaf5233a45
8504_3,e62e2d75-3486-4f00-ba44-d8504f0f8e74
10993_0,4a863e78-2f74-43d1-83d8-0c885946dba4
11054_1,48187a76-001c-41a6-97ab-74625c2c26d0
11535_0,87cc12ee-c572-420e-8640-0f4eccd49831
10596_0,55d60422-6c40-4e9f-b6f6-b4e96109ac9d
10623_1,52388fda-ff3d-4cc3-b44b-4eeb1182799f
10197_0,5ddde242-9918-4900-b3c6-2e507366846b
10687_0,45a3c4ff-2653-400b-bf49-412044eb078a
11025_0,051b58f4-d12b-4274-abc3-cba55d2ac327
11038_0,0021398e-7ef8-4fdb-81e4-abeb4b4dc7d1
10561_0,b0f7f5dd-81ff-4c63-b5d5-1efedaebe073
11280_1,49e48f69-fa3b-4283-9346-ef7a1f1221b7
10503_0,bdfdae5c-4db3-477a-99a5-7be5b5cb47b2
12083_0,41aa7a2b-c98c-4bb4-abfc-5adf1c8a88c7
10793_0,cd35409f-0e98-497a-bd2d-9f1fa0074fce
11011_0,530faa56-5204-4151-b76d-1349066c29c9
10414_0,b51211b5-452a-44fe-9f28-5d0cac37da56
10730_0,cf02b6f4-ae76-4752-8b8e-f3a6e3d9db3e
10686_i,447537f8-7746-4b81-aa32-73f6c51b69eb
10314_2,22da1f1f-0163-4f89-9bde-e5037cc7a9d1
11984_1,d8ac6da6-20c7-4804-b1bb-38defc432d44
10776_0,4244a393-b9ab-44e5-bb03-8f870b76e475
11769_1,469a5e61-9baf-4569-a5bd-b69f06d43768
10805_0,5d17c9c0-88f8-454f-8104-0127563d3a7d
11353_0,7ad0fb60-097c-41c7-9401-f1cc3d1eeabf
10511_0,1e40e1bd-8d82-408a-94ff-51fafcafef59
11238_1,454a7435-2d50-4aa7-9889-330acee4ea96
12142_1,dcf80e65-9fd9-4b27-9b46-591de09fe095
11118_0,c737e320-c534-42f4-b5dc-9f2d5c90da73
11060_2,1929885a-42de-40df-9441-186482600f78
11096_0,25fdfc6e-4ed8-4bcd-a03b-76b2e679a345
9436_1,2fb6fb04-94ec-4750-8927-ac41c0fd8d12
10822_0,297efe07-6984-4247-910d-576a8c38f7f8
11064_0,95097934-5419-4705-885c-50d78ec38138
10591_1,9a309c8e-e052-4c88-ad38-90a82c448f5b
11051_0,f11cab17-66a7-4e7a-a76f-f64e8fdbd7a0
11614_0,0eded88e-52c7-4a30-80fc-adb7020d3392
11840_0,4fde9bf5-f03b-4995-b850-9c15e2d47908
11527_0,6d2014cb-e759-401d-8dff-7bfd36a688a5
11093_0,5288db70-6b82-4901-bd62-4b41195535f0
10571_0,1c59f464-e7c5-4e3b-a044-b0c2bed462b7
10850_0,c6a72906-3e35-4527-971e-7eeebacd5dee
11645_0,e62c2524-caa7-4118-ae5a-c476e8a45c46
10185_0,e77eb469-1fe4-48bb-8d66-d56e3265ec35
10916_i,be331569-ebb1-48ec-9d81-b375d500317f
12479_0,7286e086-b3b1-4f36-a479-db44965965a3
10704_0,ce1bbf34-873a-4c73-be65-39a43e196ad6
11033_0,b5ad9506-b29a-4aa6-9dc3-b74101090eac
11100_0,b73f9dc3-ea83-4078-afae-d1c7fd4b6f33
11321_0,71b171c5-d256-40b7-95cf-4aa0c0f94dd1
10962_0,8e0a605a-ef0c-43ca-a86d-e55be372458e
10986_0,2684ff17-e108-4077-96ab-53b3a23caf65
11237_0,2ce1768c-3e89-4e5e-8b88-5f795f019581
11220_0,fea2e6e0-bc7e-42b7-877f-af9140160548
11248_1,56edb44c-8188-466f-850b-b47769bdf189
10973_i,7b135bf9-5800-48ed-9f2f-248adb546e89
11178_5,663a61b9-c633-44f5-a0c0-6dcb586b0239
11342_0,c391212b-fa01-4655-9674-13d353cbce2b
11446_0,69caf157-85cf-4a3c-b065-d90c2a19971c
10989_0,e5b1e143-2b58-48de-8e09-ebf1032a4a4f
11394_0,5ca77a88-1a98-4cfd-b75e-0d4e0c003b88
11334_0,0b6085d2-0a9e-4072-97a2-051e21159a91
9405_5,0622ab3f-990c-4204-933f-aaadacba9b4b
11013_0,b409fcb9-04a9-4380-a326-a4ce511893c2
11382_0,b5c11d7a-da91-4e43-88dc-860fdd19788b
10968_0,637075cb-e1f9-4d0f-9f4d-2f814e62967a
10979_0,718242de-b80d-4f88-891b-4ffb70612e5a
11023_0,97d96b41-8119-44b0-8ea4-63f1d7b4ceab
10844_0,aae2c799-2a3a-4127-92c9-ae8bded3682a
11098_0,a3846328-968d-4ac5-917b-45f49d55e532
12098_1,3dce1399-c720-4460-a356-3d58f2ba82fa
11095_1,3b5a9f71-4681-43aa-8aa2-013fbca8b3ec
10983_0,cc5fc9f3-8f15-4f7f-8046-c75f4e3450e9
13056_6,29b5dfb2-ca19-4d11-af8d-5671437c0f0e
11327_0,700ed50e-f020-4a4c-b006-2c49f4093890
11113_0,857de1fa-d39b-4f4f-b2e2-3a63bb467f35
12697_2,6c5e8347-be9f-4629-aeda-69393bcb7623
11345_0,a68c7c41-a063-4c3b-b46c-a10c06105ab4
12653_1,93fe9e7b-3247-43db-a7df-9a3a14449a0e
12230_0,9413506b-90b0-422e-8e42-9ede958a0a5e
11015_0,1651cf89-3ce0-4b2f-9030-909b5011f23e
10974_0,e08e50c6-30bb-49d6-b740-9820ba172cfb
11902_0,0594aa11-f793-4e45-be96-3bc7c11ff7a2
12592_1,58b8d868-3332-42d9-be37-1c70ba92d583
11032_0,d41ee273-13c1-4306-987a-b9e98ad6121c
10971_0,d563ea78-b739-495c-809d-13cd872a9e43
12130_1,0cc8ee17-7376-4537-8bc1-c504b20c5ba3
11506_0,39d94d36-0dd8-421d-8b6a-1888cf16a75a
10773_0,617a9fcc-b7d6-4a6e-bf49-8bbcbe95af67
11049_0,5ba468ab-1936-4368-874c-ea22bfbb3114
11599_0,a3b503e9-c0a2-464f-a6c6-f3f1fd59698e
12055_0,ae641b21-da05-4fd4-9ffb-731eb550a4f2
12149_0,920d677d-b92b-4adf-b335-944846d916ae
10879_0,123d184b-92cd-4c77-b496-98b056b44f4b
13091_5,1762ef38-8955-48e9-8629-1b8e75b41275
10961_0,8fa32cc9-e6d5-4dcc-8500-e5be737e9cb8
11079_0,bd1785e0-1b6f-4445-b254-8e830953d6e9
11376_0,4cf63c21-b205-47b2-8010-5d4c0e138bad
11397_0,b5a8407a-ca5b-4d65-a749-b9702b90245f
12286_0,1b3e931d-2f0e-40bf-8d00-07e91bf41e6e
11161_0,cd28d481-90a2-4d55-ad37-c7bd9e949862
11201_1,80be576e-b1dc-4eb4-a94a-879c8b29d98d
11071_0,2c608b90-ef87-41af-aaaa-c5d4dc52a989
11173_0,79b0153c-f809-4939-9b62-8c2552d2a2ef
10868_0,af8a8a5b-4e5e-4494-9782-2b22b9ea53c3
11730_0,57907216-4bd5-4f88-8eed-c54e33a44a20
11796_3,40b8c21b-36b0-4b0d-90dc-2f4d869346ac
11301_0,d423d431-7ccf-46ec-9d09-ae7ba3ede6fa
11721_0,cda9eb57-8011-4cac-b798-7c1e6799997a
11754_0,07252ce9-bb7d-4e10-ae0c-d9d2d5bca58a
11324_0,89d493f8-26ad-430b-be99-77fc3ccca97b
13229_3,35cbe18f-a37b-4905-9447-09d54055712d
11134_6,34cc38aa-042f-4101-a067-ad1c1e423dbd
11985_0,e219c2c2-d4dd-4d0e-98d8-34a1d7beb4f0
11625_0,8528a926-ce37-4607-b940-6d8525bb1caa
11425_0,5acf2962-e621-455b-a264-76c96c719afa
11273_0,0db32cd4-2026-46c6-b432-04579de4aa66
11440_5,8be4351f-794a-4857-8acb-521d408fe182
11284_i,69b17a74-0bfe-4a74-a0b3-08f05f5bb653
11165_0,62ee8e48-1c00-4fe5-96eb-fa6757728c92
10886_0,51cdad87-88b5-417c-9d7a-9bb760d76df1
12454_0,02e2014e-cfde-4bf0-8c86-64828919b047
11920_0,19601d1b-0290-45dd-9b02-08501a09b76f
12122_1,fb343437-46df-4196-9699-70c65dbd64d8
11202_0,ae0ed555-e7e1-4581-8896-f2920829d540
11377_0,47ca8c75-6b51-4f37-9e0d-768582fa5f7a
11035_0,b94871dc-dc1b-4b89-a660-a3d712676f09
11453_1,8edb3f24-0fd9-4af6-9da6-ce4bee2ef395
12744_0,ed076be3-60d1-4a85-83da-a3bd8c4e41f6
12106_0,2e2789d4-4c9f-435d-b103-3b1a547b0362
11878_0,25a5416a-2b2e-4759-85f8-a751b6aab4c8
12198_0,23fceab8-e804-4dd6-9e50-53fe8a8f772d
10863_1,f9564c1b-d758-4891-bb23-bdbaf5233a45
11574_0,d3f8d80e-29ad-4b9c-b50b-9cf48c24420c
11054_2,48187a76-001c-41a6-97ab-74625c2c26d0
11373_i,57264fbd-e350-4e86-b355-71cebeedbf3a
11535_1,87cc12ee-c572-420e-8640-0f4eccd49831
11426_0,b183a12a-1aed-41ca-84b2-02b211ecff99
11466_0,d937d296-a2f8-4b47-882e-60d533bb5a9a
11822_0,3f9aae9e-88e1-4e03-88e9-4e11968faec7
11493_0,ca350c23-9530-401a-8d35-522b324c35aa
12620_0,b696ff80-bda4-46a0-869e-0d8571158204
11732_0,90a8dc29-a983-4521-a61d-cbe0cd71c035
11662_0,3a198d85-ae7c-4249-aa2d-474005a4664f
11412_i,e554b89e-b51a-4157-b306-474438a422e8
12855_0,d56e5d92-70ce-4fd1-9212-3d6f0997917f
12103_0,90a2e2bc-8d02-4de8-b3c2-118ce2c3d97f
12083_1,41aa7a2b-c98c-4bb4-abfc-5adf1c8a88c7
10793_1,cd35409f-0e98-497a-bd2d-9f1fa0074fce
11011_1,530faa56-5204-4151-b76d-1349066c29c9
11739_0,c749627f-5ec5-4835-affc-55c96b2cf9fc
11571_0,250e3963-d66f-4085-9e5b-70800a9fd9fc
11447_i,c1b3a65b-1aa8-4cee-9b92-1c52e756a522
11984_2,d8ac6da6-20c7-4804-b1bb-38defc432d44
11349_0,365c3908-ca59-4bfa-a331-751cb8c67ef0
11769_2,469a5e61-9baf-4569-a5bd-b69f06d43768
11476_0,da0e5349-de55-4571-9e8d-b0a8ac94b874
11353_1,7ad0fb60-097c-41c7-9401-f1cc3d1eeabf
11240_0,185c81ef-c00b-457c-9f28-eb297041c9c6
11503_0,bd339768-ee99-4d48-a498-b63db530f190
12142_2,dcf80e65-9fd9-4b27-9b46-591de09fe095
12540_0,10ae2d77-e093-4418-ac8f-51c5442e422e
11508_i,dbd5814d-db65-46b4-b1c2-4c37d3e71da4
11930_0,1929885a-42de-40df-9441-186482600f78
11515_0,25fdfc6e-4ed8-4bcd-a03b-76b2e679a345
11037_0,2b7f0e4b-acd4-4c9a-8ed1-e0624b7d0942
11617_0,297efe07-6984-4247-910d-576a8c38f7f8
11899_0,9bf07f8e-a0b5-455a-b91d-aa63ac1e847a
12202_0,c39e45af-945f-42d7-92e1-4a40d81efecf
11614_1,0eded88e-52c7-4a30-80fc-adb7020d3392
11840_1,4fde9bf5-f03b-4995-b850-9c15e2d47908
11527_1,6d2014cb-e759-401d-8dff-7bfd36a688a5
11816_0,0461af0a-1e7a-414d-93d4-ad51f0e40b05
11692_0,297f171a-6700-4c82-b8e8-d1b09ae4d9bc
12880_0,60b677aa-6072-4cb2-9c2a-2edb5417c4a5
11645_1,e62c2524-caa7-4118-ae5a-c476e8a45c46
11860_0,6cddf4b2-08ea-4a2b-bb04-d7ac948898fe
11727_0,be331569-ebb1-48ec-9d81-b375d500317f
12479_1,7286e086-b3b1-4f36-a479-db44965965a3
11710_0,9db75776-f98f-46e0-b610-7460cd999c30
11938_0,d3fa8618-1a67-47cd-a0e9-c4de4f03e9e8
14441_0,9458587a-36a8-4e45-8c85-5441ce23a032
11468_0,f8094aa5-6479-4676-9441-e4ef5d16c8d6
12139_0,17dd9262-821f-4a11-853f-34b0fc77a71b
11261_0,d56632fb-395e-48b0-a787-9afb8ad4343d
11652_0,86260e7e-8220-4288-8f29-e6033a586244
11342_1,c391212b-fa01-4655-9674-13d353cbce2b
11664_i,2a030079-1c94-4986-b730-d83340b27fce
11446_1,69caf157-85cf-4a3c-b065-d90c2a19971c
11657_0,b75cf7d3-a9b2-456c-b4d2-8bf0135bdbc8
11572_0,a2727575-f989-4920-beac-f93eb3f6414f
11334_1,0b6085d2-0a9e-4072-97a2-051e21159a91
12226_0,f1fcfda1-4822-4049-baf1-0a6f16fa5742
12504_0,b409fcb9-04a9-4380-a326-a4ce511893c2
11794_0,44336905-3c05-4baf-a8cc-aa96db1c08c2
12677_0,9132aad6-d48e-4550-8d6b-5700a33370a9
11579_0,02f59cff-e6a2-4889-a239-4b6f9a38d3de
11750_0,f0b8e008-bab3-4133-8804-ae7c7ee6e9e6
12760_0,a3846328-968d-4ac5-917b-45f49d55e532
12098_2,3dce1399-c720-4460-a356-3d58f2ba82fa
12084_0,9b56b839-3043-4d60-9815-56fed6e8ba8d
11780_0,a946875d-7439-49fc-a57f-ff8fbffbb3f3
13056_7,29b5dfb2-ca19-4d11-af8d-5671437c0f0e
12138_0,d3465c87-9309-4158-846a-daa24ea8d189
12697_3,6c5e8347-be9f-4629-aeda-69393bcb7623
13905_0,9d612e0d-30ab-412d-904e-d6e58dd3dd93
12653_2,93fe9e7b-3247-43db-a7df-9a3a14449a0e
12230_1,9413506b-90b0-422e-8e42-9ede958a0a5e
12328_0,042c1c9b-9226-4728-9814-0fe744d23030
11668_0,e08e50c6-30bb-49d6-b740-9820ba172cfb
11902_1,0594aa11-f793-4e45-be96-3bc7c11ff7a2
12592_2,58b8d868-3332-42d9-be37-1c70ba92d583
12588_0,74530961-eba9-454f-8958-68c387da121b
12199_0,08b2bacc-1bc8-43e4-9d08-26ff533d1fbd
12130_2,0cc8ee17-7376-4537-8bc1-c504b20c5ba3
11775_0,8a244733-b5ca-4eba-8c9f-3119a4474d2b
12377_0,cef3ac16-32ed-4339-bd0e-0aee9ac87300
11823_0,d9d97364-e543-4fde-8ba9-0edd10998efc
11647_0,a172c80e-53d2-44bd-9fb8-e62a2d9e2278
12055_1,ae641b21-da05-4fd4-9ffb-731eb550a4f2
12149_1,920d677d-b92b-4adf-b335-944846d916ae
13091_6,1762ef38-8955-48e9-8629-1b8e75b41275
11773_0,8fa32cc9-e6d5-4dcc-8500-e5be737e9cb8
11897_0,6064c1d2-2d6a-4100-a377-347d020200f3
11962_0,4cf63c21-b205-47b2-8010-5d4c0e138bad
12767_0,e04604c0-976f-477d-91f7-3ddc2c165919
12286_1,1b3e931d-2f0e-40bf-8d00-07e91bf41e6e
11748_0,d503a46c-c119-437a-88dc-931c5f9a3c1d
12293_0,80be576e-b1dc-4eb4-a94a-879c8b29d98d
13199_0,18110208-5a8f-40d4-91ff-e3aa5fcef101
11950_0,964bb6b4-75b4-4f08-af94-348ea96f7575
12205_0,cf63216c-9c80-4797-8a43-7463378c611d
12942_0,68e3934e-3a47-46aa-89b3-63b558daef90
12674_0,85fe406d-5024-483b-aa05-08dea86b3063
11721_1,cda9eb57-8011-4cac-b798-7c1e6799997a
12137_0,0dec202f-c079-4c3b-a935-700806cb23de
11703_0,493a7817-86fb-4cf0-aa07-7159496f19e0
13229_4,35cbe18f-a37b-4905-9447-09d54055712d
11134_7,34cc38aa-042f-4101-a067-ad1c1e423dbd
11985_1,e219c2c2-d4dd-4d0e-98d8-34a1d7beb4f0
14003_0,61174013-0c74-4dd8-acae-25f2c89eddd7
11993_0,84495c44-7c3f-418c-8a5b-a918df76415d
11286_0,2f6bcf56-4b98-4100-a71d-8c0f33ad4e31
11440_6,8be4351f-794a-4857-8acb-521d408fe182
11764_0,6b3e9f2c-9e1a-4ca6-9878-267120e426e3
11919_0,21e44ae2-3bb9-49f7-8e4b-c35156017a71
12441_0,1b2b6517-d70d-4638-8240-a223aeb2fffc
12454_1,02e2014e-cfde-4bf0-8c86-64828919b047
11920_1,19601d1b-0290-45dd-9b02-08501a09b76f
12122_2,fb343437-46df-4196-9699-70c65dbd64d8
12913_0,d04a4fa8-a917-4cc8-9491-efdf0e8204de
11844_0,7bfd2260-74c1-4469-bc0e-d7c1d300d25c
12191_0,d8658848-20c6-4edf-8801-86273be3329d
11970_0,29e0a69a-9b0b-4173-b87e-af678c3f4b88
12744_1,ed076be3-60d1-4a85-83da-a3bd8c4e41f6
12106_1,2e2789d4-4c9f-435d-b103-3b1a547b0362
11878_1,25a5416a-2b2e-4759-85f8-a751b6aab4c8
12198_1,23fceab8-e804-4dd6-9e50-53fe8a8f772d
12136_0,110043d0-7a34-4107-b12b-21f833a96475
12206_0,aefd1245-472a-47fb-9b9c-6c300a76b43d
12044_i,6c63d9de-f7d2-4450-aa20-4ff338224d39
12425_0,740a99b2-454e-4c77-ac8f-a091eafa70d9
12929_0,2e36d403-2afa-4713-a346-92f69ba72bbd
11822_1,3f9aae9e-88e1-4e03-88e9-4e11968faec7
12791_0,b2d09f01-9b31-4e17-9234-6ad96dd02737
12078_i,dc94162d-d870-495f-8317-4fd1c1a143d4
12620_1,b696ff80-bda4-46a0-869e-0d8571158204
12229_0,6489d581-98ca-406c-b562-64528f151862
12192_0,cea75760-e67e-46af-b236-177038dcea53
12417_0,64154657-0931-4982-917f-20d2a856abf5
12855_1,d56e5d92-70ce-4fd1-9212-3d6f0997917f
12103_1,90a2e2bc-8d02-4de8-b3c2-118ce2c3d97f
12147_0,41aa7a2b-c98c-4bb4-abfc-5adf1c8a88c7
10793_2,cd35409f-0e98-497a-bd2d-9f1fa0074fce
11595_0,eb2d4d8c-cb20-42a0-9239-c3c092898f31
12694_0,cafe7c58-fec7-4635-974d-aaa29a4d92ce
11905_0,9d78a2b9-da8e-483c-bff6-981e1cef4b95
12054_0,6fd5ce5c-fe1f-436a-8655-47dbef64b5c7
11984_3,d8ac6da6-20c7-4804-b1bb-38defc432d44
12533_0,aca6476e-0ca4-46cc-ae16-2f0e16ec8eb4
12208_0,0fbf6553-6ef7-453f-abbb-f2b84e05ef3b
12371_0,77650ce1-18f5-4d55-a619-59be0f594d40
11353_2,7ad0fb60-097c-41c7-9401-f1cc3d1eeabf
12233_0,2332e784-db65-47f8-b8f8-a9c00d776227
12812_0,dcf80e65-9fd9-4b27-9b46-591de09fe095
12540_1,10ae2d77-e093-4418-ac8f-51c5442e422e
11626_0,1c3455b2-5118-4c20-98be-585d2fd237a0
11930_1,1929885a-42de-40df-9441-186482600f78
12210_0,25fdfc6e-4ed8-4bcd-a03b-76b2e679a345
11037_1,2b7f0e4b-acd4-4c9a-8ed1-e0624b7d0942
12271_0,304dc585-0627-448c-9ecc-3e68fd5e0fb8
12237_i,05289f37-8b50-418e-ab98-5d1adc15c47b
11899_1,9bf07f8e-a0b5-455a-b91d-aa63ac1e847a
12367_0,c39e45af-945f-42d7-92e1-4a40d81efecf
13859_0,0401ee86-36fd-41ac-b791-a3a713f6fdf9
11840_2,4fde9bf5-f03b-4995-b850-9c15e2d47908
11816_1,0461af0a-1e7a-414d-93d4-ad51f0e40b05
12456_0,297f171a-6700-4c82-b8e8-d1b09ae4d9bc
12880_1,60b677aa-6072-4cb2-9c2a-2edb5417c4a5
12380_0,afbdf825-4d12-4cba-abf0-2fe63319cd12
12340_0,4e8973b6-6a64-49fc-90fc-8e2ebe0dc523
12346_i,b7ffb787-263c-4d9d-8177-f091b0a3e45d
13675_0,f2bdb66f-0bbb-4185-85d2-8173dda33b88
12479_2,7286e086-b3b1-4f36-a479-db44965965a3
12478_0,b5ad9506-b29a-4aa6-9dc3-b74101090eac
12503_0,93c66871-66fc-4a3f-b6f2-16240e23cc97
14441_1,9458587a-36a8-4e45-8c85-5441ce23a032
12510_0,aeb7ed6d-2911-495c-9794-0862c9d7c444
12610_0,2ff07103-9ffb-42f7-a39a-bb08418f22aa
12820_0,73f6b8f6-e4ef-4fde-8d2f-71b311134316
14119_0,c391212b-fa01-4655-9674-13d353cbce2b
12790_0,5af6ea06-70ca-4099-ad33-ba2b2339f7bf
12320_0,7692a301-fc3e-4f18-ae25-a647c38a0f13
12405_0,a2727575-f989-4920-beac-f93eb3f6414f
13504_0,d2778859-aa27-4a17-a817-65e119cd6451
12933_0,d12bf466-2c76-47cf-a7fb-309e1a2ff477
12504_1,b409fcb9-04a9-4380-a326-a4ce511893c2
12331_0,62d9a0e8-4a8e-4b7d-8226-0e8f4c94c246
12677_1,9132aad6-d48e-4550-8d6b-5700a33370a9
12212_0,02f59cff-e6a2-4889-a239-4b6f9a38d3de
12760_1,a3846328-968d-4ac5-917b-45f49d55e532
12194_0,8e638089-3f1c-41e6-a50e-8b1c5875a3ef
13681_0,7029849d-8fc0-40c0-a146-62a0924a4eba
12525_0,a0861930-edc4-40c0-ba29-9e6d4bcf95af
13056_8,29b5dfb2-ca19-4d11-af8d-5671437c0f0e
12138_1,d3465c87-9309-4158-846a-daa24ea8d189
12697_4,6c5e8347-be9f-4629-aeda-69393bcb7623
13905_1,9d612e0d-30ab-412d-904e-d6e58dd3dd93
12653_3,93fe9e7b-3247-43db-a7df-9a3a14449a0e
12373_0,9413506b-90b0-422e-8e42-9ede958a0a5e
12424_0,b4858765-4223-46c5-8eee-93cfc789101d
12529_0,2bb88ab9-a3e8-461d-963a-8d2c53335682
12940_0,8ac4949e-3a4c-4040-8220-a96968fc8d2b
12592_3,58b8d868-3332-42d9-be37-1c70ba92d583
12588_1,74530961-eba9-454f-8958-68c387da121b
12603_0,bfa54b10-5495-471b-b737-521adb05fe84
12528_0,4e963dce-7a80-4c97-b328-1413ef95d95d
12377_1,cef3ac16-32ed-4339-bd0e-0aee9ac87300
12402_0,bd79ad60-c088-4e3e-b763-f589f3385f9a
13162_0,b4b70d92-5931-4363-b605-83c576fde584
13091_7,1762ef38-8955-48e9-8629-1b8e75b41275
12492_0,bd1785e0-1b6f-4445-b254-8e830953d6e9
12381_0,184b4f17-bc42-4983-afe4-2127947477fe
12767_1,e04604c0-976f-477d-91f7-3ddc2c165919
12286_2,1b3e931d-2f0e-40bf-8d00-07e91bf41e6e
12670_0,f00d6239-e9f2-4420-8b91-c8adfb41d09a
12513_0,80be576e-b1dc-4eb4-a94a-879c8b29d98d
13199_1,18110208-5a8f-40d4-91ff-e3aa5fcef101
13343_0,5e7a53ea-1d93-4751-a11c-33620c775941
12953_0,af8a8a5b-4e5e-4494-9782-2b22b9ea53c3
12942_1,68e3934e-3a47-46aa-89b3-63b558daef90
12674_1,85fe406d-5024-483b-aa05-08dea86b3063
12753_0,9a091e5b-efdb-480b-9970-b6cdbe39e18b
12915_0,0dec202f-c079-4c3b-a935-700806cb23de
12577_0,7de6c746-5050-430a-9907-4d22b5eb420c
13229_5,35cbe18f-a37b-4905-9447-09d54055712d
13630_0,13634cc1-0d52-45e0-a6d9-c41f912f8c46
13550_0,bf734d3d-adcf-4491-85a3-06712a858013
14003_1,61174013-0c74-4dd8-acae-25f2c89eddd7
13263_0,ec7eba0a-b41e-45e3-9afe-55f396aec52b
13280_0,0db32cd4-2026-46c6-b432-04579de4aa66
13658_0,7e505338-c000-4711-a733-45b8e9c53823
13184_0,8846e188-14f3-4a57-9c9d-559ae6bdb1d5
12745_0,fd5e2479-43a2-400b-b62a-d510c386d44b
12713_0,1e64040b-716c-4f8b-9ad3-0ec5f6aec48b
12913_1,d04a4fa8-a917-4cc8-9491-efdf0e8204de
13375_0,c9fecf54-3ab9-49b3-904f-b24751501046
13134_0,6fb8b872-0a7e-4aae-8a35-5e815fa1751a
12830_0,69d96f84-e512-4f27-9023-69584b3726eb
12858_0,d3c1a194-2061-4970-851f-4c654a3f7aae
13872_0,10f3548c-9843-4f3b-8cee-71da1b0504e3
12845_0,18663772-e049-4697-b313-ce6981aae457
12705_0,f5723cb9-dd52-4f9b-a738-99cb40654941
12794_0,6ce55024-87cb-48bc-93c4-74cc4a1dbab1
13077_0,740a99b2-454e-4c77-ac8f-a091eafa70d9
12929_1,2e36d403-2afa-4713-a346-92f69ba72bbd
12791_1,b2d09f01-9b31-4e17-9234-6ad96dd02737
13256_0,eea133fb-f388-49db-bc70-32fb191a508c
13689_0,9e1b24e9-89ad-4e04-a3ce-9fc20c213524
13881_0,0863bd47-c44d-49b9-b733-0dbadc14d1e0
12885_0,64154657-0931-4982-917f-20d2a856abf5
12916_0,791ed9d8-6acc-400f-87ca-22d51613ef8b
12957_0,5b0e684e-0f09-436c-812f-944007cd2431
12147_1,41aa7a2b-c98c-4bb4-abfc-5adf1c8a88c7
12838_0,b7403252-86f9-42b7-a3bd-c513f03eb20d
13054_0,b5a32bf3-4dbe-4c3e-8c3a-c2dec9728a04
12861_i,a2049600-b6b0-4583-a9a1-ed4057440ab2
11905_1,9d78a2b9-da8e-483c-bff6-981e1cef4b95
12935_0,1584aca2-a2fa-4fc6-b302-baa570c7e2cc
13036_0,cc4c0728-5f7d-45a9-9303-61c0c40d8532
12897_i,02f6db8c-bc0a-40d4-82ac-924d36027639
12932_0,a22542fa-2d01-4bd6-a895-798fe43d19ef
12901_i,fb24f5de-4831-4243-ae13-15f5026bbf60
13040_0,aeacfb79-d92d-4ea4-803c-e69bc3fee3e7
12619_0,e60e1178-9d89-48a3-ac47-203dc3c33290
13334_0,6ab1d276-4d07-4dc5-a7ca-b32b35b06ef2
13816_0,1ded9b7e-aaea-4bcd-b079-8f3b7de780d7
13666_0,e408f1ee-5fef-4adb-bd4a-32f0dacd12bc
12781_0,30cdec44-1a3d-4fd5-b21a-da281a8ba912
13314_0,3e9ec6bb-b986-4708-b0d8-e3a0963a16b3
13638_0,2b7f0e4b-acd4-4c9a-8ed1-e0624b7d0942
13042_0,304dc585-0627-448c-9ecc-3e68fd5e0fb8
12903_0,16a3fc29-d320-4307-9597-a00fbc8ea994
13859_1,0401ee86-36fd-41ac-b791-a3a713f6fdf9
11816_2,0461af0a-1e7a-414d-93d4-ad51f0e40b05
12991_0,8dd850aa-6805-4276-8ae3-9b8c674a8445
13325_0,42c67652-7a97-4d8b-a052-523787e73520
13115_0,30cec636-a5bf-4a32-9bda-acfcaa6faa6f
12886_0,0c880755-2cef-44c4-81b7-ff81c325f553
12501_0,b7ffb787-263c-4d9d-8177-f091b0a3e45d
13675_1,f2bdb66f-0bbb-4185-85d2-8173dda33b88
13478_0,7286e086-b3b1-4f36-a479-db44965965a3
12505_0,9db75776-f98f-46e0-b610-7460cd999c30
13367_0,cdae323b-4b25-4d89-aa24-befe7c9b7980
14441_2,9458587a-36a8-4e45-8c85-5441ce23a032
12948_0,0aad3e74-293f-444d-9c0d-cede90469a8b
12820_1,73f6b8f6-e4ef-4fde-8d2f-71b311134316
14119_1,c391212b-fa01-4655-9674-13d353cbce2b
13299_0,ddcdb0ef-a051-4fa2-a2a6-1c2e3ce8a6ad
13529_0,65cdfa55-d370-4d94-bff5-25c5775e9a38
13160_0,6c989af2-8948-4cea-a921-880ae5023f17
13504_1,d2778859-aa27-4a17-a817-65e119cd6451
12933_1,d12bf466-2c76-47cf-a7fb-309e1a2ff477
12677_2,9132aad6-d48e-4550-8d6b-5700a33370a9
13220_0,8328ba0a-165c-479e-bab2-3e4ad4888eb1
14227_0,dc50673e-a814-4f98-b3b6-399b236004d8
13681_1,7029849d-8fc0-40c0-a146-62a0924a4eba
13158_0,aedb45b9-869b-48e3-91d5-d449981847eb
14133_0,969b9a94-bc0a-48a2-b1eb-9f9f8f1ac86e
13905_2,9d612e0d-30ab-412d-904e-d6e58dd3dd93
13596_0,3d04d95e-4bd5-4ba5-a93a-530d0785a7d7
13002_0,59668399-3320-4bdb-93b6-08857b53bb1b
13211_0,e08e50c6-30bb-49d6-b740-9820ba172cfb
13186_0,8ac4949e-3a4c-4040-8220-a96968fc8d2b
13098_0,603af68c-c123-4282-9a51-bbd372803ce4
13577_0,975deef8-3ddf-425b-bf97-7206e29cbebd
13453_0,ce2152be-d16a-4902-83f8-a6c90f9a8d24
14106_0,528576a8-155d-4d8d-88a7-f97e4abf5e66
13356_0,dc13d708-549b-45c9-b51d-30564d490ac0
13354_0,1ffd83f8-151f-4a51-9843-857c463208e2
13301_0,97d9b771-5d41-4e67-9e86-ce7e8bb45569
13740_0,c2781aa0-34f7-496e-8f26-4a9a2164d94c
12678_0,83888423-e7f0-41e3-9ee5-2218eb0f8afc
13742_0,07d68b88-b408-4163-869c-8822894d0d24
13387_0,f364195d-f87f-4329-ba89-e7c9b5bb21bc
13235_0,5d24068e-5efc-4a10-9cb0-695eac229b76
13343_1,5e7a53ea-1d93-4751-a11c-33620c775941
12753_1,9a091e5b-efdb-480b-9970-b6cdbe39e18b
14306_0,0dec202f-c079-4c3b-a935-700806cb23de
13629_0,0e88e27a-5c50-4afc-93ac-f1d53c9b6539
13229_6,35cbe18f-a37b-4905-9447-09d54055712d
13630_1,13634cc1-0d52-45e0-a6d9-c41f912f8c46
13550_1,bf734d3d-adcf-4491-85a3-06712a858013
14003_2,61174013-0c74-4dd8-acae-25f2c89eddd7
13564_0,ec7eba0a-b41e-45e3-9afe-55f396aec52b
13702_0,22394381-8603-43ee-8aa7-4116a7bc9fab
13658_1,7e505338-c000-4711-a733-45b8e9c53823
13686_0,1421f66f-86df-4586-97fe-4ff53a5dfdf9
13610_0,86ca9d19-1a62-4657-b1c0-f22d2cda85bd
13585_0,86982c16-114d-413b-98b5-6d4e1479025e
13375_1,c9fecf54-3ab9-49b3-904f-b24751501046
13735_0,5817f5da-6460-4437-b533-3bcb88cc6ecc
14585_0,d3c1a194-2061-4970-851f-4c654a3f7aae
13872_1,10f3548c-9843-4f3b-8cee-71da1b0504e3
13207_0,ee9b17f6-2126-4b6c-8e3b-7e0a4ea78af9
13587_0,1c50d4e6-cc7f-48aa-9b42-dff51a53d7dd
13077_1,740a99b2-454e-4c77-ac8f-a091eafa70d9
14061_0,dc1b8854-fd2e-48f2-a2fb-41945207284a
13775_0,2761b6a2-3cfb-4a99-9750-b2f765f498b5
13689_1,9e1b24e9-89ad-4e04-a3ce-9fc20c213524
13881_1,0863bd47-c44d-49b9-b733-0dbadc14d1e0
14042_0,6582d29c-aa9d-410f-b67f-ca58fa476ca8
13100_0,c5fc2233-b3b2-4eaa-af2f-965c7e934ea7
13344_0,950100e8-9673-43ae-aef5-70c4ff6bde75
13531_0,69890073-d7c1-45f2-8fe0-d123a79440a3
13646_0,5f5141a9-0c6e-4d36-9b26-16477480c462
13578_0,832c9876-0c34-4058-916a-d7d7239cf570
13593_0,0cbe80a3-5a40-4fae-96c2-1ef5fabf5c32
13747_0,90cb389a-a898-4079-83dc-041e20de6888
13636_0,80cc2a83-e0b1-4bab-ac4a-4ee4a255afae
13890_0,aad9668d-90a9-4027-bbda-e4722f04674f
13581_0,fa5fae4b-d766-4d69-a2e9-ab002a39fa87
13695_0,aeacfb79-d92d-4ea4-803c-e69bc3fee3e7
13621_0,8d30a521-2740-425b-842f-dc62117f953e
13816_1,1ded9b7e-aaea-4bcd-b079-8f3b7de780d7
13666_1,e408f1ee-5fef-4adb-bd4a-32f0dacd12bc
13562_0,30cdec44-1a3d-4fd5-b21a-da281a8ba912
13696_0,07286a3d-1158-46ff-a80e-80c24c8ca6ff
13638_1,2b7f0e4b-acd4-4c9a-8ed1-e0624b7d0942
13827_0,8a1e5b6b-864d-4e65-966d-f4d2b54ca3a7
13859_2,0401ee86-36fd-41ac-b791-a3a713f6fdf9
13809_0,7d727a76-52e5-4051-95ce-ddf0eb1cd086
13728_0,09788de1-823c-4656-b946-3e4100dd4cb3
13730_i,edee23a5-a6cb-4502-bc76-3378c30c48c8
13867_0,cdc1199c-6020-4495-b5a1-a3f0b80767a9
13707_0,b7ffb787-263c-4d9d-8177-f091b0a3e45d
13675_2,f2bdb66f-0bbb-4185-85d2-8173dda33b88
14441_3,9458587a-36a8-4e45-8c85-5441ce23a032
14119_2,c391212b-fa01-4655-9674-13d353cbce2b
13830_0,41df1415-9d78-4c13-ba9c-9b7bb07bcbb1
13825_0,2b016c7e-4ad2-4bd3-9b36-0476927e8c43
14044_0,37610c85-8a26-4cef-998f-343c44bec5a9
14023_0,9d9455c1-8464-4e7a-b2b8-836292d8025c
14227_1,dc50673e-a814-4f98-b3b6-399b236004d8
14133_1,969b9a94-bc0a-48a2-b1eb-9f9f8f1ac86e
13905_3,9d612e0d-30ab-412d-904e-d6e58dd3dd93
14265_0,4a8abccb-351b-41c6-bd37-dc5d9baab8f3
14148_0,e341df3f-fe55-443d-a526-b3bcefa2db6a
14084_0,d9e325ec-c273-497e-8e79-976d780cef37
13993_0,603af68c-c123-4282-9a51-bbd372803ce4
14640_0,071f0afd-8b71-4b40-b975-d194c0a107fc
14106_1,528576a8-155d-4d8d-88a7-f97e4abf5e66
14587_0,6e906921-5a49-4aae-89a7-87609297e89c
13927_0,6e5c8de4-24d1-44e9-85e7-3dacf75f7f9d
13719_0,f09478b9-940a-435e-b6e2-88d7dbf202fa
14037_0,c2781aa0-34f7-496e-8f26-4a9a2164d94c
14451_0,8fe926c8-8bc4-4352-aac6-0679d7988b7b
14011_0,884a4932-9642-482f-9b9d-eaf1481cfa6b
14145_0,4d81a564-a63b-413e-937a-20fb21930288
14190_0,5e7a53ea-1d93-4751-a11c-33620c775941
14105_i,6ffe9929-93f7-4c29-b94e-8ade194b1e6a
14306_1,0dec202f-c079-4c3b-a935-700806cb23de
14768_0,0e88e27a-5c50-4afc-93ac-f1d53c9b6539
13229_7,35cbe18f-a37b-4905-9447-09d54055712d
14194_0,66bd5fd5-20a6-454d-b717-c85d4c2b6d24
14311_0,b1b129ab-ffe7-4753-9a6b-2f0f6dab206c
14234_0,19cd3242-8db3-40ab-a422-9765366318e2
14497_0,5817f5da-6460-4437-b533-3bcb88cc6ecc
14585_1,d3c1a194-2061-4970-851f-4c654a3f7aae
13077_2,740a99b2-454e-4c77-ac8f-a091eafa70d9
14271_0,7d0dbc26-a199-4356-a693-c3ad71b87da9
14321_0,16c29f3f-0d6d-42ae-b448-c72791d4ee7e
14362_0,3005a242-b714-48ff-a458-4b12c0a13bb2
14348_0,b6470697-7e42-4b8f-9397-aa7a286fc335
14240_0,1ab7455f-0a43-4b4f-8e85-cf5367d91f77
13890_1,aad9668d-90a9-4027-bbda-e4722f04674f
14578_0,e8ec9de2-3b2a-4dd8-a0a1-1d12cce556cf
14850_0,15b4d944-e16d-47e5-8b33-5aa2ad025e0f
14338_0,a2ecf19a-3772-4b7c-b4d1-86829ea6f20d
14438_i,1ff24fc4-8d89-4077-8172-2d5da0321fe4
14521_0,07286a3d-1158-46ff-a80e-80c24c8ca6ff
13638_2,2b7f0e4b-acd4-4c9a-8ed1-e0624b7d0942
14470_0,ca8a8e1b-0787-43cf-a52a-09f1c842bce2
14518_0,b7ffb787-263c-4d9d-8177-f091b0a3e45d
14637_0,ea28fa8a-8937-4fb8-b1aa-e9f80858ea20
14441_4,9458587a-36a8-4e45-8c85-5441ce23a032
14737_0,88d69594-9032-4a0f-8407-2786cae94349
14608_0,37610c85-8a26-4cef-998f-343c44bec5a9
14023_1,9d9455c1-8464-4e7a-b2b8-836292d8025c
14227_2,dc50673e-a814-4f98-b3b6-399b236004d8
14640_1,071f0afd-8b71-4b40-b975-d194c0a107fc
14901_0,34d80aa4-1215-4534-b67d-bdb87f56065f
