6280_i,0dbb30a3-5174-478b-8ec6-f0966f94e4e0
6289_i,99fcb879-9021-4dcb-8f95-86ed24f40e82
6294_i,6e3310fc-25f2-47ff-8d52-013b0a506116
6295_i,902e7011-67d5-4cd6-9a92-8223d98713a6
6299_i,a821f6e9-727b-4e06-9871-8e3a2c8d74d2
6301_i,d0e8706e-374f-4107-ab43-1679d79063e9
6305_i,9e78c683-df4e-465a-a6ed-ea3c4acde1c6
6307_i,4030b48d-5866-47fe-9978-3dd8fa55fd9a
6316_i,67531cd6-d06b-45c9-b192-3fa4aac6b2ec
6332_i,30d48adb-c4f0-4e7c-8a46-fa68b6769d3a
6337_i,550436fa-5d8d-4c80-bcb9-4bcf6c8e8a92
6344_i,8410d176-0dc9-4160-a297-3ca8ed47edcc
6375_i,2318ecb1-ef51-4546-af11-f99fd6d5a9f4
6378_i,020e4095-43c2-4414-b921-974edf50484d
6379_i,b8539690-419e-4603-83eb-c602a5e2a047
6388_i,20b44aac-add3-499d-9014-959d8e109a93
6398_i,36162efc-b35c-4aba-9ad5-cd5f0bfb864e
6409_i,37ee6ab0-02f2-4ae5-a5c3-56f37be46103
6410_i,b37707b4-a1d1-466e-9aae-f8ef9c43191f
6411_i,0ca225f1-1833-4981-abf4-8b48ce7adf1c
6414_i,9062eb9d-0a69-4f08-90e3-b97bb4dcb246
6416_i,b5caa928-e388-4067-b4ea-22163ecb16ce
6417_i,e246ba17-0b50-4dae-bf5e-5e5b59e6a8eb
6418_i,f6ca0eaf-6bed-4e28-9919-c3393271910d
6421_i,0eda5974-8c7f-4773-a6d5-ac4527def603
6431_i,c0906dda-93a7-4846-ab6f-818567e83a81
6434_i,534fca67-39a5-4171-8a13-67e4625eb727
6435_i,2a34ede5-9977-4fb8-9fdd-18b3119e3e95
6456_i,03fb98c5-2505-4473-ad24-39bc3f7697ad
6459_i,ff09abc4-6a3d-4566-8e26-3295e485aaa5
6464_i,2b6f33f3-0c5c-4c13-b490-513520b3f2c5
6466_i,ee4af8d3-5484-4f43-a5a4-dce02a17e64f
6481_i,4a0e1fac-a68a-402b-bd5d-453667b4d2b9
6499_i,117cca4b-a829-4a3e-b597-1372abcfa2a8
6500_i,3aa6bc42-1da2-4878-9c52-d8e12b718dd9
6503_i,d9d85ebf-f555-4831-a56d-9df90cda9341
6522_i,a93daa86-6172-42fe-a092-98b6da69c05a
6531_i,92d78f33-fe62-4bb6-beb8-1b7cffbf3842
6538_i,89c56a02-1032-4426-87c1-ed75d90a8a16
6548_i,39917b8d-0afb-468c-84d4-f8eb7fc843d0
6552_i,ef07b4f1-cabb-452d-b08f-3f02a29dd7f4
6557_i,e3d11413-1a05-4df2-a590-17e0c8884706
6573_i,63ae4f97-ad80-4112-a6e6-834c345eed56
6580_i,4ffbd760-7c62-47bd-831b-a08e640a87d2
6614_i,d26f684c-cdbb-487c-a684-5b8a3bf7d3b0
6639_i,f55b548f-eac8-4973-a559-ab55ad580dba
6645_i,da4e7eda-ff9f-4815-b2f1-82b4374ada85
6659_i,3046afd3-93a9-45f2-9fdc-884909f99134
6660_i,7788bf16-3345-48f4-8159-44898f0eb963
6662_i,cf4fed85-61e9-47aa-9e25-096ecf7b7a03
6712_i,db7b8e10-d020-428d-983d-3ad678258819
6736_i,857b6ebb-147a-44b3-99ab-c961b73a6e88
6759_i,5613163a-144c-4c2f-ada8-e9a925165a27
6762_i,44958d1d-15c5-4652-a998-60ad977d0fe2
6769_i,d3336960-a0c5-449b-b52c-c3541dfbf281
6784_i,aa47a6da-3ff5-48c4-9092-14b5b2e05f0b
6791_i,aa107632-07b9-4cba-bdd2-9735f2fde57c
6807_i,60220ba0-a6b8-4fbf-a212-1c259da6bd28
6814_i,99704b63-1cdc-43f8-99ba-d79af10d8150
6819_i,aab18e1a-6dd0-4121-a29e-c2bbd3f79fd1
6821_i,c77bc291-e223-442d-9ece-7e3062b2722a
6834_i,6ef1ec7e-351c-4241-8980-ab17f6160f9d
6839_i,5bf3b4f8-03fe-4482-bc4b-c211d02c6810
6856_i,6fa0e1ce-5734-4fb6-939a-ae8f75ee89fb
6869_i,2e7e6427-08eb-4bcd-8159-cd9e6170f2a0
6871_i,606c7ddd-bce4-45fb-ba99-a88c718828d8
6885_i,490bcbe0-e673-48f0-a586-46663a422404
6887_i,b81b0388-016c-4567-98f9-50c04aabfd6f
6904_i,448c1bcd-cc3e-4e78-982e-b6944227af10
6906_i,7303a82b-1df1-4f9a-981a-a225d0961d35
6933_i,0f0e7b30-c4c2-4842-a825-9a05229cb628
6941_i,8e3203c3-60c1-4865-b415-68168247bf70
6942_i,fa8c514c-5a2d-4d92-a26e-690364f74cc8
6948_i,4ade5a10-deca-4b21-b6c1-3ef951d2f765
6979_i,c54380dd-32d6-46de-9383-dda6569e9f1e
6981_i,805ad02a-a11a-4084-91e4-0732160d2d33
6988_i,534fca67-39a5-4171-8a13-67e4625eb727
6991_i,9130b00c-094b-42b1-ba8e-9d4f0071fe2d
7017_i,41e056ec-a93c-4d22-8b7a-aff683224d3a
7023_i,b3d8e40d-bf25-4f18-9d48-62269b033f9c
7027_i,4a81afcf-28b3-4b5c-914f-4da2f9e9011c
7035_i,474a29bf-2c9b-4bab-871f-8fd1f0446bb1
7059_i,b9d026f9-569d-44f6-8b69-396b50a1baa8
7073_i,202463ea-53ed-4893-a9d8-6bf8cfa4a022
7080_i,c92f1278-3761-4f5b-b19e-89b45e4bc56c
7137_i,056be321-42d2-467d-8a2f-70d7fba69ed7
7141_i,4f88155b-8b00-4da9-bf72-a1a711f7ca10
7152_i,f82dd11f-aa66-4bb5-a21f-17ebe9e48048
7157_i,372c0dc8-734a-4bfa-bb67-ec8f4b652ef2
7165_i,28c489f9-9f0f-4d7b-916d-43796c5d2393
7175_i,e6240240-93d7-431a-8575-e337c77ec25c
7185_i,88192abe-ba8b-48fd-8682-96313f2d6e70
7188_i,2ce83184-559b-4348-abdd-63bf423055a7
7193_i,4c0f5f2e-2a2e-4147-9776-7794fe24e30a
7254_i,25cb962e-d086-484f-b072-b958a161ae0f
7261_i,24d5354e-a7a7-4de3-82b2-492b5555bb26
7273_i,c957db2e-2f14-4ef1-b851-195bfbf421ee
7319_i,5daa0798-5e94-4961-b89c-39d664b4dd56
7338_i,052ddddf-1381-493f-8020-37c696750343
7377_i,517ec1a3-b4a2-47d5-9d29-31f0d1d47edf
7381_i,ef118086-c037-4ae5-bf7d-e83e35fc9bff
7402_i,03beaad1-ebc8-4e64-9143-4b3b1e872b04
7412_i,fd021030-ced9-49e6-b7f9-6c0a5b358426
7441_i,873de584-eb7e-468f-8287-db9e92dbd946
7460_i,0855299a-82f8-47dc-9b33-018c2e9f214c
7473_i,4fbb2ef7-a9f9-4a3b-b8b9-b1c790cb467b
7502_i,4dfd0bed-e40d-40f4-8d60-9ba7d211344d
7515_i,3a3697a8-7715-48d5-8de1-6f96ee0731dc
7516_i,869ff263-8653-49a6-8835-5bbf45294d5a
7563_i,d8658752-dee9-4f15-b99a-47e4d0f83046
7572_i,ab28c254-a9ce-49be-98e2-13341af2614b
7593_i,b0cc7f6c-531c-4cb4-a844-8647cf828a50
7944_0,b4bdf575-98dd-41f4-8143-8d8d173a29b0
7599_i,d0dc8cc0-48da-4050-a395-3779e6cc0aeb
7767_0,99fcb879-9021-4dcb-8f95-86ed24f40e82
7612_i,f4172130-c765-4e84-b85e-ea746c9c41af
8449_0,6e3310fc-25f2-47ff-8d52-013b0a506116
7960_0,1426bf4b-98ed-4270-9da6-d0f1fd385bc2
7812_0,f2f51fbf-8df8-471e-955d-9cf6287d8721
8027_0,d0e8706e-374f-4107-ab43-1679d79063e9
11178_0,2976dc2a-f55c-4fe5-b3ae-6c59de9db542
8129_0,4030b48d-5866-47fe-9978-3dd8fa55fd9a
7630_i,6c6f6b2a-030c-4f16-a74b-af04a788adde
8395_0,67531cd6-d06b-45c9-b192-3fa4aac6b2ec
7771_0,452c9acf-52d9-4d86-82fe-ac9129e8cf31
7156_0,3cf6edc6-0410-48b4-bbdf-b751d4003bad
8407_0,3b8524f2-2388-4d79-a2d2-f9d9c2becf8a
7760_0,25075966-1864-4131-a510-72c7ef2b0dfa
8657_0,3c662f67-e69f-4d74-adf5-93b857e4b743
7961_0,36162efc-b35c-4aba-9ad5-cd5f0bfb864e
7652_0,db25ab83-aecc-4f00-b57b-1bc24ae5cb1b
8303_0,0b79a28a-58a0-4fa5-9607-e414903f636d
7729_0,b5caa928-e388-4067-b4ea-22163ecb16ce
7750_0,e246ba17-0b50-4dae-bf5e-5e5b59e6a8eb
13056_0,f8d70034-d9ca-4e1f-b530-803a33b1ba1a
7104_0,0eda5974-8c7f-4773-a6d5-ac4527def603
7724_i,64d8f39a-6e81-4efa-be3d-919d31ee9aa4
8174_0,c0906dda-93a7-4846-ab6f-818567e83a81
7665_0,534fca67-39a5-4171-8a13-67e4625eb727
8065_0,2a34ede5-9977-4fb8-9fdd-18b3119e3e95
7731_i,79e92b3f-92ff-4715-9cee-7e2b061dca2a
7971_0,03fb98c5-2505-4473-ad24-39bc3f7697ad
7784_0,ff09abc4-6a3d-4566-8e26-3295e485aaa5
8229_0,2b6f33f3-0c5c-4c13-b490-513520b3f2c5
9644_0,5f6e086c-2fe3-466c-a5f5-9915a8ab6bcc
7768_i,0806581d-0164-4a9c-a54c-1b8af3866cf6
7769_i,a632b3f8-159a-4492-a320-56f29589b61e
8244_0,5cd339bc-1c9a-4816-8b0b-85949df31700
7783_i,7cb92da9-2b3b-4865-83b3-bb8da0668bfb
7967_0,e1e0a6f5-1e8d-4804-a066-d75fb74785bb
7825_0,a93daa86-6172-42fe-a092-98b6da69c05a
7808_0,92d78f33-fe62-4bb6-beb8-1b7cffbf3842
8069_0,1eaecdf4-7353-4dd4-8538-e7f04d0b060f
7103_0,3b9ebcc5-0913-447f-88c4-9824652849d9
8948_0,e3d11413-1a05-4df2-a590-17e0c8884706
7838_i,42adaeaf-85f9-40a2-bbdf-9e02af7d8045
7833_0,b3d10348-4d99-46bd-8ae7-f0aa4fe8f450
8436_0,8545e5e6-2cf9-4c98-89b1-30f9e2087841
7853_i,decad3c0-a33e-44cc-afac-e83edc8f6786
8385_0,d26f684c-cdbb-487c-a684-5b8a3bf7d3b0
7898_i,9ccb7b5f-7092-4b46-872f-8111b004d757
8703_0,f55b548f-eac8-4973-a559-ab55ad580dba
8009_0,da4e7eda-ff9f-4815-b2f1-82b4374ada85
7915_i,357d09a6-02ae-47bb-afa5-18ddf98c51c6
8172_0,3046afd3-93a9-45f2-9fdc-884909f99134
7989_0,37b2077a-40eb-43d1-a3bf-521e411abd7f
8159_0,cf4fed85-61e9-47aa-9e25-096ecf7b7a03
8337_0,db7b8e10-d020-428d-983d-3ad678258819
8897_0,857b6ebb-147a-44b3-99ab-c961b73a6e88
8012_i,74919965-3ea8-4e6b-b35c-3ac37d5e6b62
7772_0,5613163a-144c-4c2f-ada8-e9a925165a27
8322_0,44958d1d-15c5-4652-a998-60ad977d0fe2
8205_0,eee4e828-cea5-40f4-b70a-e4232684072e
11134_0,65edd2fa-20a5-4727-a54f-912991e34599
8195_0,aa107632-07b9-4cba-bdd2-9735f2fde57c
8356_0,5e013c86-b694-4770-9113-4ee2fa80bd77
8832_0,99704b63-1cdc-43f8-99ba-d79af10d8150
8185_0,aab18e1a-6dd0-4121-a29e-c2bbd3f79fd1
9724_0,2db78210-6050-42b8-b823-fa0d65157cf7
8056_i,fa4f1594-a815-422a-9362-3cf686d9d246
7755_0,6ef1ec7e-351c-4241-8980-ab17f6160f9d
8073_i,61cdc513-887f-4a47-a21d-f5d19ac17cf4
8019_0,5bf3b4f8-03fe-4482-bc4b-c211d02c6810
8089_i,9660397e-f75d-445c-afb5-baca6561799b
8658_0,46859b54-462d-4de9-84ce-79d05f1b8f9a
8101_i,54932765-aa81-40cd-99f1-3a6a29cd7e33
8247_0,2e7e6427-08eb-4bcd-8159-cd9e6170f2a0
8108_0,606c7ddd-bce4-45fb-ba99-a88c718828d8
9103_0,490bcbe0-e673-48f0-a586-46663a422404
8116_0,7d6f0577-7802-4179-8404-5c7adc8f286c
8130_i,fb18fd79-b374-4d95-b3f2-8e37cb66a3f9
8135_i,fd0b6868-cd20-4056-9fa6-59f29431f66c
8152_0,448c1bcd-cc3e-4e78-982e-b6944227af10
8789_0,b0357602-0eef-4a1f-9a22-2f7f28797b2d
8169_i,28c9a79b-3d40-48eb-bb6f-b7075245390f
9207_0,0f0e7b30-c4c2-4842-a825-9a05229cb628
9081_0,8e3203c3-60c1-4865-b415-68168247bf70
9385_0,2cf3dbe0-d047-4e12-b429-e807727a4e6d
9085_0,4ade5a10-deca-4b21-b6c1-3ef951d2f765
8192_i,849fe6aa-da85-4749-bace-dfca31b2a65d
8211_i,63fda8c9-b881-4586-af7f-fb0278af12c8
8740_0,c54380dd-32d6-46de-9383-dda6569e9f1e
7787_0,805ad02a-a11a-4084-91e4-0732160d2d33
8224_0,534fca67-39a5-4171-8a13-67e4625eb727
8245_0,9130b00c-094b-42b1-ba8e-9d4f0071fe2d
7282_0,41e056ec-a93c-4d22-8b7a-aff683224d3a
9197_0,05233d2e-e422-43ae-b9a1-a4f9f991fc7c
8804_0,4a81afcf-28b3-4b5c-914f-4da2f9e9011c
8270_0,474a29bf-2c9b-4bab-871f-8fd1f0446bb1
8313_0,1942d155-e2cd-4bc7-bf35-76c0d66bedfc
8297_0,202463ea-53ed-4893-a9d8-6bf8cfa4a022
8243_0,c92f1278-3761-4f5b-b19e-89b45e4bc56c
8558_0,1eb71354-a761-451e-bc91-475fa4383774
7152_0,f82dd11f-aa66-4bb5-a21f-17ebe9e48048
8645_0,30c5342e-140f-4573-8492-a0a1a6f9ac82
8643_0,e6240240-93d7-431a-8575-e337c77ec25c
8096_0,88192abe-ba8b-48fd-8682-96313f2d6e70
8370_0,ec7d579e-1b7e-454b-9ae0-2efdd0923491
8711_0,eae77d06-43a4-469e-9590-05c862b46445
8933_0,25cb962e-d086-484f-b072-b958a161ae0f
8745_0,52663146-5f7d-4889-8834-288f66e6a459
8314_0,a984a892-ab47-4dee-a249-a84b7b53e6ca
8221_0,5daa0798-5e94-4961-b89c-39d664b4dd56
8339_0,117cca4b-a829-4a3e-b597-1372abcfa2a8
9422_0,517ec1a3-b4a2-47d5-9d29-31f0d1d47edf
8516_0,7c505e87-23b3-461d-aa72-93716cc258cf
8622_0,03beaad1-ebc8-4e64-9143-4b3b1e872b04
9405_0,fd021030-ced9-49e6-b7f9-6c0a5b358426
9098_0,873de584-eb7e-468f-8287-db9e92dbd946
7873_0,4fbb2ef7-a9f9-4a3b-b8b9-b1c790cb467b
8664_0,b1bfd9a1-6551-4145-a5fb-2be09adfe321
8321_0,3a3697a8-7715-48d5-8de1-6f96ee0731dc
8525_0,2e26d247-e2ec-4a4c-bae5-c95f6ee21e6e
8294_i,dafa675f-9bbe-4121-82ec-5938cb71c10a
8304_i,4af3d81a-7ca6-4e24-8a16-29eeef6d57ef
8458_0,a2e5d9ac-565c-4fdb-a79d-486d280f528f
8346_i,7f361523-135b-4a15-9e7e-8a75a67fe47c
8042_0,b0cc7f6c-531c-4cb4-a844-8647cf828a50
8368_i,786bbbee-2cae-4200-9869-ebb773618703
9400_0,5247c5a2-2356-4685-a239-358295306f6e
8410_0,311368f7-5540-45da-b699-56a5a9660895
13091_0,f4172130-c765-4e84-b85e-ea746c9c41af
8449_1,6e3310fc-25f2-47ff-8d52-013b0a506116
8414_0,0f79c2ac-f7be-4300-8fb8-0ae83271e176
8390_i,a1a4e493-8bf5-4bc4-b811-14de0aa8a53d
8097_0,f2f51fbf-8df8-471e-955d-9cf6287d8721
8400_i,c7e33be8-47fa-4a10-b82e-c2f2931c5227
10405_0,d0e8706e-374f-4107-ab43-1679d79063e9
11178_1,2976dc2a-f55c-4fe5-b3ae-6c59de9db542
8129_1,4030b48d-5866-47fe-9978-3dd8fa55fd9a
8927_0,f893403e-ef83-4099-94fa-4099c4d24a4f
8395_1,67531cd6-d06b-45c9-b192-3fa4aac6b2ec
8426_i,feef667c-7f33-4a54-9302-4a4b52fcde5a
8431_0,0b1a3a0e-a3a8-47c7-951c-b6ea85269589
8295_0,3cf6edc6-0410-48b4-bbdf-b751d4003bad
8445_i,56faeb0e-def9-493b-9aec-eb933b651f6e
8478_i,7a90c704-d929-4644-bae8-c399ba1af226
8604_0,3b8524f2-2388-4d79-a2d2-f9d9c2becf8a
8323_0,25075966-1864-4131-a510-72c7ef2b0dfa
8657_1,3c662f67-e69f-4d74-adf5-93b857e4b743
7961_1,36162efc-b35c-4aba-9ad5-cd5f0bfb864e
8765_0,b3887948-8d32-43a3-b1e1-a5c30a78432f
8406_0,d956fa2a-a2bc-469a-ac8b-a71850737d5d
8498_0,055ce6f1-be3c-49c8-9fee-4fff9c4ccf26
9182_0,e246ba17-0b50-4dae-bf5e-5e5b59e6a8eb
13056_1,f8d70034-d9ca-4e1f-b530-803a33b1ba1a
8428_0,0eda5974-8c7f-4773-a6d5-ac4527def603
8504_i,5191cf0e-4c45-4196-8423-ad8a84cc311d
8328_0,19c47aa1-50e5-47ef-9e9e-100382df80c4
8416_0,c0906dda-93a7-4846-ab6f-818567e83a81
10005_0,534fca67-39a5-4171-8a13-67e4625eb727
8663_0,d584b60b-57b4-4e28-9725-0f77aa6209e6
8698_0,79e92b3f-92ff-4715-9cee-7e2b061dca2a
8397_0,ff09abc4-6a3d-4566-8e26-3295e485aaa5
8741_0,2b6f33f3-0c5c-4c13-b490-513520b3f2c5
9644_1,5f6e086c-2fe3-466c-a5f5-9915a8ab6bcc
10752_0,ddc11181-4f35-430d-acf5-7af0f7e2d3b8
8967_0,f2dd775d-f728-4f2e-b7cb-7caca777b673
8905_0,5cd339bc-1c9a-4816-8b0b-85949df31700
8411_0,7cb92da9-2b3b-4865-83b3-bb8da0668bfb
8618_0,5124d02d-8120-423b-9584-9abe58c100ff
8579_i,b6fe3544-391d-4aeb-a128-30eb8b502daf
8599_0,a93daa86-6172-42fe-a092-98b6da69c05a
8594_i,f8e31d9d-c9c7-45df-8a1e-1e62b988403b
8879_0,92d78f33-fe62-4bb6-beb8-1b7cffbf3842
8613_0,1eaecdf4-7353-4dd4-8538-e7f04d0b060f
8351_0,3b9ebcc5-0913-447f-88c4-9824652849d9
8948_1,e3d11413-1a05-4df2-a590-17e0c8884706
11440_0,6f355154-a176-43e6-aec8-83669b548da0
8394_0,dfebc480-e1f3-424e-9aaa-043829ba12f6
8436_1,8545e5e6-2cf9-4c98-89b1-30f9e2087841
9787_0,fdf39f7c-6166-451d-815d-8113e2f864aa
8870_0,d26f684c-cdbb-487c-a684-5b8a3bf7d3b0
8818_0,ca697769-45c1-4bad-a961-41526d6881f7
8703_1,f55b548f-eac8-4973-a559-ab55ad580dba
8534_0,da4e7eda-ff9f-4815-b2f1-82b4374ada85
8766_0,357d09a6-02ae-47bb-afa5-18ddf98c51c6
8609_0,3046afd3-93a9-45f2-9fdc-884909f99134
9748_0,cf4fed85-61e9-47aa-9e25-096ecf7b7a03
8337_1,db7b8e10-d020-428d-983d-3ad678258819
8897_1,857b6ebb-147a-44b3-99ab-c961b73a6e88
8631_0,3a9350d3-b2cc-4de9-98cb-e9ff0a6781d4
8422_0,5613163a-144c-4c2f-ada8-e9a925165a27
8719_0,44958d1d-15c5-4652-a998-60ad977d0fe2
11134_1,65edd2fa-20a5-4727-a54f-912991e34599
8585_0,1550b9a0-56dd-4339-98c3-314c4d664b65
8697_0,5ff1ef58-e1dd-40b1-b93f-72a2839f8b7b
8832_1,99704b63-1cdc-43f8-99ba-d79af10d8150
8185_1,aab18e1a-6dd0-4121-a29e-c2bbd3f79fd1
9724_1,2db78210-6050-42b8-b823-fa0d65157cf7
8345_0,fa4f1594-a815-422a-9362-3cf686d9d246
7755_1,6ef1ec7e-351c-4241-8980-ab17f6160f9d
8667_0,8ad9681f-9203-41be-aaf2-8a2fd5f95302
8647_0,9660397e-f75d-445c-afb5-baca6561799b
8658_1,46859b54-462d-4de9-84ce-79d05f1b8f9a
8718_0,2e7e6427-08eb-4bcd-8159-cd9e6170f2a0
9103_1,490bcbe0-e673-48f0-a586-46663a422404
8710_0,22bda0ad-1672-4995-b708-5252472be037
10029_0,fb18fd79-b374-4d95-b3f2-8e37cb66a3f9
9747_0,fd0b6868-cd20-4056-9fa6-59f29431f66c
8620_0,b80b8c30-4ed8-48d7-82ff-d07eec04d9f6
8789_1,b0357602-0eef-4a1f-9a22-2f7f28797b2d
8584_0,28c9a79b-3d40-48eb-bb6f-b7075245390f
9207_1,0f0e7b30-c4c2-4842-a825-9a05229cb628
9081_1,8e3203c3-60c1-4865-b415-68168247bf70
9385_1,2cf3dbe0-d047-4e12-b429-e807727a4e6d
9085_1,4ade5a10-deca-4b21-b6c1-3ef951d2f765
9026_0,849fe6aa-da85-4749-bace-dfca31b2a65d
9127_0,63fda8c9-b881-4586-af7f-fb0278af12c8
8740_1,c54380dd-32d6-46de-9383-dda6569e9f1e
7787_1,805ad02a-a11a-4084-91e4-0732160d2d33
8224_1,534fca67-39a5-4171-8a13-67e4625eb727
8245_1,9130b00c-094b-42b1-ba8e-9d4f0071fe2d
10401_0,5d23f8dc-3876-4682-82bd-5293939881a7
9197_1,05233d2e-e422-43ae-b9a1-a4f9f991fc7c
8804_1,4a81afcf-28b3-4b5c-914f-4da2f9e9011c
9136_0,474a29bf-2c9b-4bab-871f-8fd1f0446bb1
8297_1,202463ea-53ed-4893-a9d8-6bf8cfa4a022
9245_0,1c0ba8bc-fab7-4364-8f0d-68462270f052
8654_0,948da81c-ce8b-4f6e-bb97-4b8e82f65de9
7152_1,f82dd11f-aa66-4bb5-a21f-17ebe9e48048
8645_1,30c5342e-140f-4573-8492-a0a1a6f9ac82
8643_1,e6240240-93d7-431a-8575-e337c77ec25c
8738_0,0b1c2ab4-6f99-4d02-882e-a958d8558e5c
8869_0,5f41ed21-a39e-44ae-9a94-5b8539a8dd82
8711_1,eae77d06-43a4-469e-9590-05c862b46445
8933_1,25cb962e-d086-484f-b072-b958a161ae0f
8745_1,52663146-5f7d-4889-8834-288f66e6a459
8314_1,a984a892-ab47-4dee-a249-a84b7b53e6ca
8857_0,5daa0798-5e94-4961-b89c-39d664b4dd56
8560_0,117cca4b-a829-4a3e-b597-1372abcfa2a8
9422_1,517ec1a3-b4a2-47d5-9d29-31f0d1d47edf
10146_0,7c505e87-23b3-461d-aa72-93716cc258cf
8622_1,03beaad1-ebc8-4e64-9143-4b3b1e872b04
9405_1,fd021030-ced9-49e6-b7f9-6c0a5b358426
9098_1,873de584-eb7e-468f-8287-db9e92dbd946
8486_0,4fbb2ef7-a9f9-4a3b-b8b9-b1c790cb467b
8664_1,b1bfd9a1-6551-4145-a5fb-2be09adfe321
8802_0,3a3697a8-7715-48d5-8de1-6f96ee0731dc
8642_0,de55b974-f7e8-487c-b2ba-f19020e5ae99
8625_0,c2d9def8-6cfc-4f84-a16b-060524f3b6c0
8304_0,4af3d81a-7ca6-4e24-8a16-29eeef6d57ef
8500_0,a2e5d9ac-565c-4fdb-a79d-486d280f528f
8946_0,7f361523-135b-4a15-9e7e-8a75a67fe47c
8587_0,b0cc7f6c-531c-4cb4-a844-8647cf828a50
8368_0,786bbbee-2cae-4200-9869-ebb773618703
9400_1,5247c5a2-2356-4685-a239-358295306f6e
8410_1,311368f7-5540-45da-b699-56a5a9660895
13091_1,f4172130-c765-4e84-b85e-ea746c9c41af
8709_0,1e653895-dd7c-4f26-8421-fe206f9e112a
9930_0,f14713fd-a9b7-4d30-8757-f849241190c7
9086_0,a1a4e493-8bf5-4bc4-b811-14de0aa8a53d
8097_1,f2f51fbf-8df8-471e-955d-9cf6287d8721
8686_0,d600ffa7-3817-429e-bed4-aad905820285
10405_1,d0e8706e-374f-4107-ab43-1679d79063e9
11178_2,2976dc2a-f55c-4fe5-b3ae-6c59de9db542
8129_2,4030b48d-5866-47fe-9978-3dd8fa55fd9a
8927_1,f893403e-ef83-4099-94fa-4099c4d24a4f
8395_2,67531cd6-d06b-45c9-b192-3fa4aac6b2ec
8426_0,feef667c-7f33-4a54-9302-4a4b52fcde5a
8431_1,0b1a3a0e-a3a8-47c7-951c-b6ea85269589
8694_0,3cf6edc6-0410-48b4-bbdf-b751d4003bad
8445_0,56faeb0e-def9-493b-9aec-eb933b651f6e
8478_0,7a90c704-d929-4644-bae8-c399ba1af226
8604_1,3b8524f2-2388-4d79-a2d2-f9d9c2becf8a
8323_1,25075966-1864-4131-a510-72c7ef2b0dfa
8616_i,b7e99ead-0f64-467a-aac3-5ff614e88092
8657_2,3c662f67-e69f-4d74-adf5-93b857e4b743
7961_2,36162efc-b35c-4aba-9ad5-cd5f0bfb864e
8765_1,b3887948-8d32-43a3-b1e1-a5c30a78432f
9058_0,2b54b068-897b-416f-907f-2fbcd25ea650
8700_0,055ce6f1-be3c-49c8-9fee-4fff9c4ccf26
9182_1,e246ba17-0b50-4dae-bf5e-5e5b59e6a8eb
13056_2,f8d70034-d9ca-4e1f-b530-803a33b1ba1a
8787_0,0eda5974-8c7f-4773-a6d5-ac4527def603
8504_0,5191cf0e-4c45-4196-8423-ad8a84cc311d
8668_i,55f80b97-14ad-4a2e-bbde-96e5dc39e1eb
10032_0,19c47aa1-50e5-47ef-9e9e-100382df80c4
8416_1,c0906dda-93a7-4846-ab6f-818567e83a81
10005_1,534fca67-39a5-4171-8a13-67e4625eb727
8663_1,d584b60b-57b4-4e28-9725-0f77aa6209e6
8698_1,79e92b3f-92ff-4715-9cee-7e2b061dca2a
8693_i,dbd421e8-63c3-4d7a-9220-5ca81789a1b5
8704_i,c5260db9-c858-4896-91dc-34a090e99da2
8714_i,21562411-a561-4187-859c-198da5165e79
9102_0,ff09abc4-6a3d-4566-8e26-3295e485aaa5
8741_1,2b6f33f3-0c5c-4c13-b490-513520b3f2c5
9644_2,5f6e086c-2fe3-466c-a5f5-9915a8ab6bcc
10752_1,ddc11181-4f35-430d-acf5-7af0f7e2d3b8
8967_1,f2dd775d-f728-4f2e-b7cb-7caca777b673
8905_1,5cd339bc-1c9a-4816-8b0b-85949df31700
8610_0,7cb92da9-2b3b-4865-83b3-bb8da0668bfb
8760_0,5124d02d-8120-423b-9584-9abe58c100ff
8986_0,b6fe3544-391d-4aeb-a128-30eb8b502daf
9005_0,a93daa86-6172-42fe-a092-98b6da69c05a
8725_0,f8e31d9d-c9c7-45df-8a1e-1e62b988403b
8879_1,92d78f33-fe62-4bb6-beb8-1b7cffbf3842
8613_1,1eaecdf4-7353-4dd4-8538-e7f04d0b060f
9392_0,d39eb61d-21c3-4a78-856d-aedf2e25b2ff
8948_2,e3d11413-1a05-4df2-a590-17e0c8884706
11440_1,6f355154-a176-43e6-aec8-83669b548da0
8852_0,524ce34d-031d-4414-9f4e-7f638275feaa
8619_0,8545e5e6-2cf9-4c98-89b1-30f9e2087841
9787_1,fdf39f7c-6166-451d-815d-8113e2f864aa
8823_i,f901dc90-be1a-42f7-9376-f3e0472a3d6b
8870_1,d26f684c-cdbb-487c-a684-5b8a3bf7d3b0
8818_1,ca697769-45c1-4bad-a961-41526d6881f7
10364_0,f55b548f-eac8-4973-a559-ab55ad580dba
8851_0,da4e7eda-ff9f-4815-b2f1-82b4374ada85
8766_1,357d09a6-02ae-47bb-afa5-18ddf98c51c6
8844_0,09394008-e71a-48b8-b10f-fd85efd4804b
9748_1,cf4fed85-61e9-47aa-9e25-096ecf7b7a03
8872_i,03beaad1-ebc8-4e64-9143-4b3b1e872b04
8337_2,db7b8e10-d020-428d-983d-3ad678258819
8901_i,aea6ce6d-3a6c-42b6-9920-f1dc589fbee4
8912_i,b0175451-bc8b-467e-9eec-0bbbf5d0681f
8897_2,857b6ebb-147a-44b3-99ab-c961b73a6e88
10281_0,3a9350d3-b2cc-4de9-98cb-e9ff0a6781d4
9477_0,fcaa43e1-be3d-4f4c-a636-7a30685b3c44
8956_0,44958d1d-15c5-4652-a998-60ad977d0fe2
11134_2,65edd2fa-20a5-4727-a54f-912991e34599
8970_0,5ff1ef58-e1dd-40b1-b93f-72a2839f8b7b
10431_0,99704b63-1cdc-43f8-99ba-d79af10d8150
8712_0,aab18e1a-6dd0-4121-a29e-c2bbd3f79fd1
9724_2,2db78210-6050-42b8-b823-fa0d65157cf7
8951_0,fa4f1594-a815-422a-9362-3cf686d9d246
8984_0,e7d1d5de-182e-4713-9131-fdf7bb6658e5
8667_1,8ad9681f-9203-41be-aaf2-8a2fd5f95302
9092_0,9660397e-f75d-445c-afb5-baca6561799b
8658_2,46859b54-462d-4de9-84ce-79d05f1b8f9a
9029_0,2e7e6427-08eb-4bcd-8159-cd9e6170f2a0
9103_2,490bcbe0-e673-48f0-a586-46663a422404
8900_0,22bda0ad-1672-4995-b708-5252472be037
9001_i,af054b86-1577-4ed0-b2f2-5e755334aaeb
10029_1,fb18fd79-b374-4d95-b3f2-8e37cb66a3f9
9747_1,fd0b6868-cd20-4056-9fa6-59f29431f66c
9121_0,b80b8c30-4ed8-48d7-82ff-d07eec04d9f6
9633_0,b0357602-0eef-4a1f-9a22-2f7f28797b2d
9017_0,fa85a5b5-2cbe-4e71-8714-8fce625f3ee6
9207_2,0f0e7b30-c4c2-4842-a825-9a05229cb628
9081_2,8e3203c3-60c1-4865-b415-68168247bf70
9385_2,2cf3dbe0-d047-4e12-b429-e807727a4e6d
9085_2,4ade5a10-deca-4b21-b6c1-3ef951d2f765
9026_1,849fe6aa-da85-4749-bace-dfca31b2a65d
9127_1,63fda8c9-b881-4586-af7f-fb0278af12c8
8916_0,c54380dd-32d6-46de-9383-dda6569e9f1e
9126_0,39c65206-ca2b-4780-a750-371bdd905a7c
8648_0,534fca67-39a5-4171-8a13-67e4625eb727
8629_0,9130b00c-094b-42b1-ba8e-9d4f0071fe2d
10401_1,5d23f8dc-3876-4682-82bd-5293939881a7
9072_i,cf0c78a3-4007-437c-b079-a82d7cb76394
9197_2,05233d2e-e422-43ae-b9a1-a4f9f991fc7c
8873_0,4a81afcf-28b3-4b5c-914f-4da2f9e9011c
9136_1,474a29bf-2c9b-4bab-871f-8fd1f0446bb1
9215_0,202463ea-53ed-4893-a9d8-6bf8cfa4a022
9245_1,1c0ba8bc-fab7-4364-8f0d-68462270f052
9154_0,54297e7b-447d-4a6a-b9cc-20d3656acc10
9036_0,30c5342e-140f-4573-8492-a0a1a6f9ac82
9212_0,e6240240-93d7-431a-8575-e337c77ec25c
9130_0,0b1c2ab4-6f99-4d02-882e-a958d8558e5c
9665_0,5f41ed21-a39e-44ae-9a94-5b8539a8dd82
9188_i,04a09443-d3f3-42d9-9e78-e44ba0a57353
9683_0,eae77d06-43a4-469e-9590-05c862b46445
9196_i,737f94ed-b188-4c53-8e18-60fd19752edd
9591_0,af765052-77f1-4dab-bd0a-02c187e03663
9219_0,52663146-5f7d-4889-8834-288f66e6a459
9240_i,f700d8de-e7da-40ea-a2a6-056159ccd50d
9259_i,81e0431d-5475-44ca-999f-0dc1bee6f984
9536_0,5daa0798-5e94-4961-b89c-39d664b4dd56
9291_i,9c05824c-b91b-4aad-b5c1-029f98abc0e9
9295_i,1095a908-97c2-4444-b1f4-edea7413c90c
8560_1,117cca4b-a829-4a3e-b597-1372abcfa2a8
9422_2,517ec1a3-b4a2-47d5-9d29-31f0d1d47edf
10146_1,7c505e87-23b3-461d-aa72-93716cc258cf
9742_0,fd6d6081-ca8a-4286-a432-e5357a33a56e
9405_2,fd021030-ced9-49e6-b7f9-6c0a5b358426
9098_2,873de584-eb7e-468f-8287-db9e92dbd946
10341_0,4f209415-6f87-45e5-baa5-264b4dacd4af
9522_0,b1bfd9a1-6551-4145-a5fb-2be09adfe321
9785_0,3a3697a8-7715-48d5-8de1-6f96ee0731dc
9454_0,85167a35-ff82-458a-8da3-0f9f6918810e
9397_i,979ffe1b-c25d-4918-8d8d-a6b58680e24c
9401_i,b3887948-8d32-43a3-b1e1-a5c30a78432f
9252_0,c2d9def8-6cfc-4f84-a16b-060524f3b6c0
9420_i,21226133-dfd1-4cae-ae64-5485b5904e7e
9189_0,a2e5d9ac-565c-4fdb-a79d-486d280f528f
9962_0,7f361523-135b-4a15-9e7e-8a75a67fe47c
8934_0,b0cc7f6c-531c-4cb4-a844-8647cf828a50
13229_0,debc1f50-b90c-4623-9ed4-7832f2ac7b6e
9453_i,9f54efd3-92fa-4b1d-aa10-07df51448f59
9400_2,5247c5a2-2356-4685-a239-358295306f6e
10324_0,ca8cb99c-a068-469e-aef4-e6e86c8ef2b8
13091_2,f4172130-c765-4e84-b85e-ea746c9c41af
9697_0,e4faebdd-422f-4dd2-96c7-f03ec6b87283
9930_1,f14713fd-a9b7-4d30-8757-f849241190c7
9693_0,a1a4e493-8bf5-4bc4-b811-14de0aa8a53d
9997_0,50e1550c-4300-4df0-ada8-a5541b9ffcad
9256_0,d600ffa7-3817-429e-bed4-aad905820285
10405_2,d0e8706e-374f-4107-ab43-1679d79063e9
11178_3,2976dc2a-f55c-4fe5-b3ae-6c59de9db542
9769_0,4030b48d-5866-47fe-9978-3dd8fa55fd9a
9481_0,f893403e-ef83-4099-94fa-4099c4d24a4f
10204_0,67531cd6-d06b-45c9-b192-3fa4aac6b2ec
9491_i,c03a7a1d-8e4b-4060-a459-5c9d259395c5
9659_0,feef667c-7f33-4a54-9302-4a4b52fcde5a
9635_0,9516610d-c3ae-4852-899d-69e7aa7a3984
9501_i,92a3a177-f187-4cea-a6d0-df7e15ee7184
9504_i,bf5b1bea-afa8-4de2-8b01-341737a24739
9551_0,14ddeac4-e419-4cca-9d15-1b73785e0563
9983_0,6c86e98b-9a99-4b93-bd01-1a89b2f139e1
9541_0,3b8524f2-2388-4d79-a2d2-f9d9c2becf8a
9976_0,25075966-1864-4131-a510-72c7ef2b0dfa
10065_0,b7e99ead-0f64-467a-aac3-5ff614e88092
10041_0,9880b0ca-4e96-49d2-b8e8-98be2b686e8e
8932_0,36162efc-b35c-4aba-9ad5-cd5f0bfb864e
9562_0,db25ab83-aecc-4f00-b57b-1bc24ae5cb1b
9590_0,b3eb2a89-b541-4c03-b1d6-10bb3cbad472
10550_0,e246ba17-0b50-4dae-bf5e-5e5b59e6a8eb
13056_3,f8d70034-d9ca-4e1f-b530-803a33b1ba1a
9639_0,c4325dfb-38ce-4c35-aa64-5d02f684071f
8504_1,5191cf0e-4c45-4196-8423-ad8a84cc311d
9436_0,55f80b97-14ad-4a2e-bbde-96e5dc39e1eb
10032_1,19c47aa1-50e5-47ef-9e9e-100382df80c4
12697_0,c0906dda-93a7-4846-ab6f-818567e83a81
10005_2,534fca67-39a5-4171-8a13-67e4625eb727
9598_0,d584b60b-57b4-4e28-9725-0f77aa6209e6
11796_0,79e92b3f-92ff-4715-9cee-7e2b061dca2a
9567_0,c5260db9-c858-4896-91dc-34a090e99da2
9574_i,854e4878-54bb-4439-ace8-371520b8b209
10167_0,21562411-a561-4187-859c-198da5165e79
9821_0,ff09abc4-6a3d-4566-8e26-3295e485aaa5
9586_0,2b6f33f3-0c5c-4c13-b490-513520b3f2c5
9644_3,5f6e086c-2fe3-466c-a5f5-9915a8ab6bcc
10752_2,ddc11181-4f35-430d-acf5-7af0f7e2d3b8
9687_0,f2dd775d-f728-4f2e-b7cb-7caca777b673
9756_0,5cd339bc-1c9a-4816-8b0b-85949df31700
9601_0,7cb92da9-2b3b-4865-83b3-bb8da0668bfb
9648_0,5124d02d-8120-423b-9584-9abe58c100ff
8986_1,b6fe3544-391d-4aeb-a128-30eb8b502daf
9624_i,eb892036-841b-44d5-86c1-b3ad78ee081f
10183_0,af4f1b4d-5040-42a2-9a54-233a8539638e
9616_0,f8e31d9d-c9c7-45df-8a1e-1e62b988403b
9627_i,2b6080f0-b2e6-462e-98ed-dba73dddc87b
9621_0,92d78f33-fe62-4bb6-beb8-1b7cffbf3842
9634_i,4c1ea52a-71a9-4339-a6e8-c8009be6eac3
9638_i,d39eb61d-21c3-4a78-856d-aedf2e25b2ff
10267_0,d39eb61d-21c3-4a78-856d-aedf2e25b2ff
9631_0,e3d11413-1a05-4df2-a590-17e0c8884706
11440_2,6f355154-a176-43e6-aec8-83669b548da0
9658_i,9f99e677-efea-45cf-ad21-fcbecfba68e2
10851_0,3c0e6897-4234-46d2-934f-ff9035a89aac
9787_2,fdf39f7c-6166-451d-815d-8113e2f864aa
9784_0,3e79a4ea-e4cb-4ca1-9deb-86f6ec784135
10058_0,d26f684c-cdbb-487c-a684-5b8a3bf7d3b0
9676_i,5711968c-4019-428c-bde3-22524f420df9
9704_0,6c7011c2-e205-43b1-b90e-29c8c358b7af
10364_1,f55b548f-eac8-4973-a559-ab55ad580dba
9885_0,da4e7eda-ff9f-4815-b2f1-82b4374ada85
9560_0,357d09a6-02ae-47bb-afa5-18ddf98c51c6
9748_2,cf4fed85-61e9-47aa-9e25-096ecf7b7a03
9833_0,03beaad1-ebc8-4e64-9143-4b3b1e872b04
9804_0,db7b8e10-d020-428d-983d-3ad678258819
9771_0,008638a4-d4ac-4a41-82be-b7c656bd9f2d
10819_0,857b6ebb-147a-44b3-99ab-c961b73a6e88
10281_1,3a9350d3-b2cc-4de9-98cb-e9ff0a6781d4
10363_0,99cbaa75-2276-457e-bff2-e8e7ae1d9340
9778_0,44958d1d-15c5-4652-a998-60ad977d0fe2
11134_3,65edd2fa-20a5-4727-a54f-912991e34599
9790_0,5ff1ef58-e1dd-40b1-b93f-72a2839f8b7b
10431_1,99704b63-1cdc-43f8-99ba-d79af10d8150
10206_0,2db78210-6050-42b8-b823-fa0d65157cf7
10314_0,fa4f1594-a815-422a-9362-3cf686d9d246
9470_0,6ef1ec7e-351c-4241-8980-ab17f6160f9d
9656_0,8ad9681f-9203-41be-aaf2-8a2fd5f95302
11769_0,9660397e-f75d-445c-afb5-baca6561799b
10111_0,46859b54-462d-4de9-84ce-79d05f1b8f9a
9781_i,e587ac61-0039-4663-bca8-5784107df84c
10004_0,2e7e6427-08eb-4bcd-8159-cd9e6170f2a0
9103_3,490bcbe0-e673-48f0-a586-46663a422404
9915_0,af054b86-1577-4ed0-b2f2-5e755334aaeb
10029_2,fb18fd79-b374-4d95-b3f2-8e37cb66a3f9
12142_0,fd0b6868-cd20-4056-9fa6-59f29431f66c
9929_0,b80b8c30-4ed8-48d7-82ff-d07eec04d9f6
9633_1,b0357602-0eef-4a1f-9a22-2f7f28797b2d
9867_0,fa85a5b5-2cbe-4e71-8714-8fce625f3ee6
11054_0,0f0e7b30-c4c2-4842-a825-9a05229cb628
10017_0,8e3203c3-60c1-4865-b415-68168247bf70
9722_0,2cf3dbe0-d047-4e12-b429-e807727a4e6d
10379_0,4ade5a10-deca-4b21-b6c1-3ef951d2f765
9615_0,849fe6aa-da85-4749-bace-dfca31b2a65d
10228_0,63fda8c9-b881-4586-af7f-fb0278af12c8
9861_0,39c65206-ca2b-4780-a750-371bdd905a7c
9044_0,534fca67-39a5-4171-8a13-67e4625eb727
9926_0,9130b00c-094b-42b1-ba8e-9d4f0071fe2d
9870_i,c565abca-992d-42d3-99eb-4ff9fbc9adf5
10401_2,5d23f8dc-3876-4682-82bd-5293939881a7
9953_0,01d5f157-08d3-4194-aa0f-557562c7ab52
11280_0,b3d8e40d-bf25-4f18-9d48-62269b033f9c
9990_0,4a81afcf-28b3-4b5c-914f-4da2f9e9011c
9872_0,6d815671-a767-4221-bb54-d7f6c5b1e967
9865_0,202463ea-53ed-4893-a9d8-6bf8cfa4a022
9807_0,1c0ba8bc-fab7-4364-8f0d-68462270f052
9942_i,a8217535-87d0-4a9d-b641-9a2bb37886b4
9960_i,f90905c4-ad5f-4491-8c52-223f98aa7ce4
9961_i,bfb35500-679c-4def-a10e-ea12239ddf8a
9907_0,9af6fd7a-6301-4a7c-8a77-63dd340eed2e
10226_0,30c5342e-140f-4573-8492-a0a1a6f9ac82
11238_0,3227ff5a-7052-4c1b-a2ff-3d88a5e3e8bd
11060_0,0b1c2ab4-6f99-4d02-882e-a958d8558e5c
10061_0,5f41ed21-a39e-44ae-9a94-5b8539a8dd82
9998_i,216690fb-11eb-4e60-8e1b-af0bf7f50da4
9993_0,c0a1c8af-c351-4ae6-a2b2-5096bbe2b8b7
10318_0,45456071-c370-41a2-9434-90d36a4212a9
10006_0,af765052-77f1-4dab-bd0a-02c187e03663
10142_0,52663146-5f7d-4889-8834-288f66e6a459
10969_0,f700d8de-e7da-40ea-a2a6-056159ccd50d
9895_0,73f48ec7-3dea-4334-b1b2-f67fb26707e6
10051_i,d54adf7b-68b6-410d-865b-c5af7f8b0e04
9965_0,5daa0798-5e94-4961-b89c-39d664b4dd56
10177_0,9c05824c-b91b-4aad-b5c1-029f98abc0e9
10068_i,1d3f8e69-d2c3-4728-b000-c2995dbe6fb9
10116_0,1095a908-97c2-4444-b1f4-edea7413c90c
8560_2,117cca4b-a829-4a3e-b597-1372abcfa2a8
10091_i,264f7b30-13ad-4ccf-a3e2-d33ef34c2d59
10107_i,a44536cd-41f6-49bf-a08b-97d0bb28d5f0
10146_2,7c505e87-23b3-461d-aa72-93716cc258cf
10639_0,fd6d6081-ca8a-4286-a432-e5357a33a56e
9405_3,fd021030-ced9-49e6-b7f9-6c0a5b358426
9854_0,873de584-eb7e-468f-8287-db9e92dbd946
10341_1,4f209415-6f87-45e5-baa5-264b4dacd4af
10269_0,b1bfd9a1-6551-4145-a5fb-2be09adfe321
10214_i,7b050ed1-3345-408e-9449-6ca4fee3781d
10988_0,3a3697a8-7715-48d5-8de1-6f96ee0731dc
9849_0,73f0bf7c-ba04-4348-94a0-c8b0a94ba15f
10591_0,b3887948-8d32-43a3-b1e1-a5c30a78432f
10202_0,21226133-dfd1-4cae-ae64-5485b5904e7e
9460_0,a2e5d9ac-565c-4fdb-a79d-486d280f528f
10922_0,7f361523-135b-4a15-9e7e-8a75a67fe47c
10279_0,b0cc7f6c-531c-4cb4-a844-8647cf828a50
13229_1,debc1f50-b90c-4623-9ed4-7832f2ac7b6e
10475_0,9f54efd3-92fa-4b1d-aa10-07df51448f59
9853_0,5247c5a2-2356-4685-a239-358295306f6e
10324_1,ca8cb99c-a068-469e-aef4-e6e86c8ef2b8
13091_3,f4172130-c765-4e84-b85e-ea746c9c41af
10265_0,e4faebdd-422f-4dd2-96c7-f03ec6b87283
9930_2,f14713fd-a9b7-4d30-8757-f849241190c7
10575_0,a1a4e493-8bf5-4bc4-b811-14de0aa8a53d
10130_0,50e1550c-4300-4df0-ada8-a5541b9ffcad
10405_3,d0e8706e-374f-4107-ab43-1679d79063e9
11178_4,2976dc2a-f55c-4fe5-b3ae-6c59de9db542
10965_0,4030b48d-5866-47fe-9978-3dd8fa55fd9a
10285_0,f893403e-ef83-4099-94fa-4099c4d24a4f
10204_1,67531cd6-d06b-45c9-b192-3fa4aac6b2ec
9999_0,c03a7a1d-8e4b-4060-a459-5c9d259395c5
10253_0,feef667c-7f33-4a54-9302-4a4b52fcde5a
10360_0,9516610d-c3ae-4852-899d-69e7aa7a3984
10665_0,ed1344e0-cc49-45a0-b613-f31d0b8eaf51
10311_0,bf5b1bea-afa8-4de2-8b01-341737a24739
12122_0,b831880f-ebee-49b9-acb2-108dc1efb436
11453_0,6c86e98b-9a99-4b93-bd01-1a89b2f139e1
10268_0,3b8524f2-2388-4d79-a2d2-f9d9c2becf8a
10626_0,6e3082a8-4812-4869-a290-8849b81051f1
10624_0,b7e99ead-0f64-467a-aac3-5ff614e88092
10041_1,9880b0ca-4e96-49d2-b8e8-98be2b686e8e
12098_0,36162efc-b35c-4aba-9ad5-cd5f0bfb864e
11095_0,398b5c39-1b39-4e8c-a71e-417e10486887
10359_i,747772f3-5c53-432b-8143-c8a9cfb2e2f8
10550_1,e246ba17-0b50-4dae-bf5e-5e5b59e6a8eb
13056_4,f8d70034-d9ca-4e1f-b530-803a33b1ba1a
10315_0,c4325dfb-38ce-4c35-aa64-5d02f684071f
8504_2,5191cf0e-4c45-4196-8423-ad8a84cc311d
9436_1,55f80b97-14ad-4a2e-bbde-96e5dc39e1eb
10857_0,19c47aa1-50e5-47ef-9e9e-100382df80c4
12697_1,c0906dda-93a7-4846-ab6f-818567e83a81
10771_0,d98d6df5-2ec9-490f-958b-41a395144dc3
12653_0,d584b60b-57b4-4e28-9725-0f77aa6209e6
11796_1,79e92b3f-92ff-4715-9cee-7e2b061dca2a
10420_0,c5260db9-c858-4896-91dc-34a090e99da2
10284_0,8d207736-ae9a-4f08-8209-e4e0c52ad4af
10664_0,21562411-a561-4187-859c-198da5165e79
10395_0,ff09abc4-6a3d-4566-8e26-3295e485aaa5
10630_0,2b6f33f3-0c5c-4c13-b490-513520b3f2c5
12130_0,69625937-b016-42d8-affe-f6704fbd2628
10752_3,ddc11181-4f35-430d-acf5-7af0f7e2d3b8
10506_0,f2dd775d-f728-4f2e-b7cb-7caca777b673
10977_0,965f0026-3135-4989-a4fd-f7fd10b580ef
9657_0,7cb92da9-2b3b-4865-83b3-bb8da0668bfb
10551_0,03400fc8-e1d7-4300-b48e-a388b2c36cef
11011_0,5669b76d-89c0-4470-9563-23beb7a92c90
10795_0,eb892036-841b-44d5-86c1-b3ad78ee081f
10486_0,54ef89ed-49ff-4f61-ab52-4d6cd2a68c13
10911_0,bb3ad7df-58e2-423f-88da-0681f4554901
10525_0,92d78f33-fe62-4bb6-beb8-1b7cffbf3842
12592_0,141198a4-257b-48f0-a295-39c0ec1085fc
10422_0,d39eb61d-21c3-4a78-856d-aedf2e25b2ff
11376_0,400b1191-cdbf-48b9-b917-1fa80c4610d9
10443_0,8570d2ad-a07d-4756-b361-2915d9aec815
11440_3,6f355154-a176-43e6-aec8-83669b548da0
10851_1,3c0e6897-4234-46d2-934f-ff9035a89aac
10037_0,fdf39f7c-6166-451d-815d-8113e2f864aa
10514_0,554aa671-0ab0-4db2-ae1f-4157e0b6c830
11201_0,d26f684c-cdbb-487c-a684-5b8a3bf7d3b0
10768_0,5711968c-4019-428c-bde3-22524f420df9
10223_0,41f3d6b4-264c-4fcd-b0d6-876576dd46a7
11071_0,f55b548f-eac8-4973-a559-ab55ad580dba
10652_0,da4e7eda-ff9f-4815-b2f1-82b4374ada85
10777_0,357d09a6-02ae-47bb-afa5-18ddf98c51c6
10835_0,cf4fed85-61e9-47aa-9e25-096ecf7b7a03
10501_i,26703419-f931-4f52-b6bd-25c17c0ea459
10644_0,03beaad1-ebc8-4e64-9143-4b3b1e872b04
10535_i,c404f5d7-63a8-4ae7-aaff-f22bd8a38eef
10629_0,f6a28cdf-d15f-41a5-a1dd-6c00a2eb40a6
10556_i,12413dcd-0eae-43e6-abd7-33c15cdff948
10819_1,857b6ebb-147a-44b3-99ab-c961b73a6e88
10503_0,6285785d-f854-4644-a105-e10da247a13b
10944_0,44958d1d-15c5-4652-a998-60ad977d0fe2
11134_4,65edd2fa-20a5-4727-a54f-912991e34599
10592_0,5ff1ef58-e1dd-40b1-b93f-72a2839f8b7b
10872_0,99704b63-1cdc-43f8-99ba-d79af10d8150
10456_0,5957b8f5-ddc3-4b55-9bd7-0ba22822885a
10314_1,fa4f1594-a815-422a-9362-3cf686d9d246
11109_0,96b75cb4-ff7c-4a45-b7a9-313a2afefa7f
10261_0,8ad9681f-9203-41be-aaf2-8a2fd5f95302
11769_1,9660397e-f75d-445c-afb5-baca6561799b
11920_0,46859b54-462d-4de9-84ce-79d05f1b8f9a
11754_0,100db56a-b24c-44d2-afbf-39249f49328c
11043_0,8d26b164-2eff-46d5-8604-bf731ac9ac7f
10692_0,af054b86-1577-4ed0-b2f2-5e755334aaeb
10686_i,e7e26897-035e-41bb-aca2-2fe8e5e047fe
10511_0,fb18fd79-b374-4d95-b3f2-8e37cb66a3f9
12142_1,fd0b6868-cd20-4056-9fa6-59f29431f66c
10698_0,b80b8c30-4ed8-48d7-82ff-d07eec04d9f6
10822_0,fa85a5b5-2cbe-4e71-8714-8fce625f3ee6
11054_1,0f0e7b30-c4c2-4842-a825-9a05229cb628
11535_0,8e3203c3-60c1-4865-b415-68168247bf70
10662_0,4ade5a10-deca-4b21-b6c1-3ef951d2f765
11051_0,63fda8c9-b881-4586-af7f-fb0278af12c8
11344_0,b65f048e-f262-406d-9ece-16306ac67793
10749_0,9130b00c-094b-42b1-ba8e-9d4f0071fe2d
10863_0,c565abca-992d-42d3-99eb-4ff9fbc9adf5
11038_0,effa4acf-258a-47ba-8982-8f28155bde9e
11280_1,b3d8e40d-bf25-4f18-9d48-62269b033f9c
12083_0,4a81afcf-28b3-4b5c-914f-4da2f9e9011c
10793_0,27b4feb0-e4a3-45c4-a96d-21fbb20e372c
11984_0,1c0ba8bc-fab7-4364-8f0d-68462270f052
10994_0,a8217535-87d0-4a9d-b641-9a2bb37886b4
11739_0,caa7ad13-d573-41b9-bd14-2ebb4d99220d
11034_0,8dc00cd3-f1c9-45db-a341-56e3445a137f
10938_0,a516f695-81f5-457f-bf3f-cf57e15d0bee
11353_0,30c5342e-140f-4573-8492-a0a1a6f9ac82
11238_1,3227ff5a-7052-4c1b-a2ff-3d88a5e3e8bd
10916_i,aa0bfff4-2757-4363-bbde-71378981d37e
11060_1,0b1c2ab4-6f99-4d02-882e-a958d8558e5c
11096_0,5f41ed21-a39e-44ae-9a94-5b8539a8dd82
10776_0,216690fb-11eb-4e60-8e1b-af0bf7f50da4
10886_0,eb4f7892-69e1-4939-993a-7ff026b49f66
10866_0,b1d4a1d6-28dd-4514-806b-bebb7f280c46
11840_0,6d1f3561-5ee9-48a3-b2a7-88286822c117
11093_0,52663146-5f7d-4889-8834-288f66e6a459
10969_1,f700d8de-e7da-40ea-a2a6-056159ccd50d
10973_i,0d424027-53ce-40be-af9e-5bf99510bcee
11574_0,73f48ec7-3dea-4334-b1b2-f67fb26707e6
11184_0,5daa0798-5e94-4961-b89c-39d664b4dd56
11493_0,8f68c585-3354-41e9-8903-37522d16c688
11527_0,1d3f8e69-d2c3-4728-b000-c2995dbe6fb9
11025_0,1095a908-97c2-4444-b1f4-edea7413c90c
11645_0,ac934b53-5d30-41dd-a81a-81055b5ccbdc
11248_0,7c505e87-23b3-461d-aa72-93716cc258cf
11394_0,fd6d6081-ca8a-4286-a432-e5357a33a56e
11411_0,fd021030-ced9-49e6-b7f9-6c0a5b358426
11065_0,37fbc55d-f8cc-4639-a5ef-897d55656620
11113_0,b1bfd9a1-6551-4145-a5fb-2be09adfe321
11013_0,434d69df-7d4e-44eb-89df-7139ba6e6c78
12230_0,3a3697a8-7715-48d5-8de1-6f96ee0731dc
10882_0,b3887948-8d32-43a3-b1e1-a5c30a78432f
11140_0,21226133-dfd1-4cae-ae64-5485b5904e7e
10773_0,a2e5d9ac-565c-4fdb-a79d-486d280f528f
12055_0,b0cc7f6c-531c-4cb4-a844-8647cf828a50
13229_2,debc1f50-b90c-4623-9ed4-7832f2ac7b6e
12880_0,9f54efd3-92fa-4b1d-aa10-07df51448f59
11321_0,9372ee6a-7a68-4565-ba76-40728b9ec1b6
10879_0,ca8cb99c-a068-469e-aef4-e6e86c8ef2b8
13091_4,f4172130-c765-4e84-b85e-ea746c9c41af
11207_0,76a10a54-e9ac-4484-898e-d793a5e78926
11425_0,a1a4e493-8bf5-4bc4-b811-14de0aa8a53d
11237_0,50e1550c-4300-4df0-ada8-a5541b9ffcad
11220_0,d0e8706e-374f-4107-ab43-1679d79063e9
11178_5,2976dc2a-f55c-4fe5-b3ae-6c59de9db542
11342_0,4030b48d-5866-47fe-9978-3dd8fa55fd9a
11446_0,9ec047aa-9f73-4733-80e9-64247254ae13
12479_0,c03a7a1d-8e4b-4060-a459-5c9d259395c5
11227_0,d3e40639-e218-4d0f-a8e6-f3f10fe06f28
11462_0,16526719-0e41-41d1-9c19-b3d8c99ea8cf
11115_0,bf5b1bea-afa8-4de2-8b01-341737a24739
12122_1,b831880f-ebee-49b9-acb2-108dc1efb436
11453_1,6c86e98b-9a99-4b93-bd01-1a89b2f139e1
11152_0,3b8524f2-2388-4d79-a2d2-f9d9c2becf8a
11386_0,dbefe458-0227-4312-bb12-945e3dfba9dd
12540_0,b7e99ead-0f64-467a-aac3-5ff614e88092
12760_0,b6fe4aed-b351-4563-962b-2fdc7673a707
12098_1,36162efc-b35c-4aba-9ad5-cd5f0bfb864e
11284_i,1d56d09d-b1ac-43f9-aa3a-040c4b94ab49
11364_0,d8b32549-3c6d-438c-a3e2-dfef4278aeb2
12286_0,747772f3-5c53-432b-8143-c8a9cfb2e2f8
11431_0,e246ba17-0b50-4dae-bf5e-5e5b59e6a8eb
13056_5,f8d70034-d9ca-4e1f-b530-803a33b1ba1a
11327_0,c4325dfb-38ce-4c35-aa64-5d02f684071f
11037_0,55f80b97-14ad-4a2e-bbde-96e5dc39e1eb
11730_0,19c47aa1-50e5-47ef-9e9e-100382df80c4
12697_2,c0906dda-93a7-4846-ab6f-818567e83a81
11345_0,d98d6df5-2ec9-490f-958b-41a395144dc3
12653_1,d584b60b-57b4-4e28-9725-0f77aa6209e6
11796_2,79e92b3f-92ff-4715-9cee-7e2b061dca2a
11382_0,3e3687f5-d8f6-403a-bb43-aa59b3590d64
11614_0,21562411-a561-4187-859c-198da5165e79
11271_0,ff09abc4-6a3d-4566-8e26-3295e485aaa5
12199_0,2b6f33f3-0c5c-4c13-b490-513520b3f2c5
12130_1,69625937-b016-42d8-affe-f6704fbd2628
11524_0,f2dd775d-f728-4f2e-b7cb-7caca777b673
11506_0,965f0026-3135-4989-a4fd-f7fd10b580ef
11721_0,7cb92da9-2b3b-4865-83b3-bb8da0668bfb
11392_0,03400fc8-e1d7-4300-b48e-a388b2c36cef
11011_1,5669b76d-89c0-4470-9563-23beb7a92c90
11373_i,a4dd4e5b-1847-4671-8372-c425afb2f35c
12328_0,eb892036-841b-44d5-86c1-b3ad78ee081f
12149_0,dae5265e-aa60-4217-a2cf-efbf29bd0452
11902_0,bb3ad7df-58e2-423f-88da-0681f4554901
11444_0,92d78f33-fe62-4bb6-beb8-1b7cffbf3842
12592_1,141198a4-257b-48f0-a295-39c0ec1085fc
11439_0,d39eb61d-21c3-4a78-856d-aedf2e25b2ff
11376_1,400b1191-cdbf-48b9-b917-1fa80c4610d9
12767_0,0fc4a2c5-e60d-4c5d-b753-85c41076dce2
11440_4,6f355154-a176-43e6-aec8-83669b548da0
11442_0,3c0e6897-4234-46d2-934f-ff9035a89aac
11412_i,54e07be7-e8b4-4a7e-8ff9-17625d0f6f5c
11938_0,06b528a3-fb8b-4412-bd9e-9529ce76a9de
11491_0,d26f684c-cdbb-487c-a684-5b8a3bf7d3b0
11599_0,7a3a2fcd-c16b-40c4-ba8b-48614f63a60d
11377_0,9f31219a-204c-469a-ac76-d461d429b807
13199_0,f55b548f-eac8-4973-a559-ab55ad580dba
11354_0,da4e7eda-ff9f-4815-b2f1-82b4374ada85
12106_0,357d09a6-02ae-47bb-afa5-18ddf98c51c6
11447_i,9ee86dc7-4612-41aa-94fb-2f741c39e32d
11435_0,cf4fed85-61e9-47aa-9e25-096ecf7b7a03
11334_0,03beaad1-ebc8-4e64-9143-4b3b1e872b04
11035_0,c404f5d7-63a8-4ae7-aaff-f22bd8a38eef
11878_0,04253770-f883-44ec-98ca-857db8e26721
11508_i,fd6d6081-ca8a-4286-a432-e5357a33a56e
12103_0,e07602ed-89a8-4f3d-9c81-89c81516b640
11324_0,44958d1d-15c5-4652-a998-60ad977d0fe2
11134_5,65edd2fa-20a5-4727-a54f-912991e34599
11985_0,5ff1ef58-e1dd-40b1-b93f-72a2839f8b7b
11625_0,99704b63-1cdc-43f8-99ba-d79af10d8150
11286_0,5957b8f5-ddc3-4b55-9bd7-0ba22822885a
11165_0,96b75cb4-ff7c-4a45-b7a9-313a2afefa7f
11769_2,9660397e-f75d-445c-afb5-baca6561799b
11920_1,46859b54-462d-4de9-84ce-79d05f1b8f9a
11754_1,100db56a-b24c-44d2-afbf-39249f49328c
11698_0,8d26b164-2eff-46d5-8604-bf731ac9ac7f
11763_0,af054b86-1577-4ed0-b2f2-5e755334aaeb
11744_0,e7e26897-035e-41bb-aca2-2fe8e5e047fe
12142_2,fd0b6868-cd20-4056-9fa6-59f29431f66c
12744_0,b80b8c30-4ed8-48d7-82ff-d07eec04d9f6
11673_0,fa85a5b5-2cbe-4e71-8714-8fce625f3ee6
12929_0,4ade5a10-deca-4b21-b6c1-3ef951d2f765
12202_0,63fda8c9-b881-4586-af7f-fb0278af12c8
11822_0,9130b00c-094b-42b1-ba8e-9d4f0071fe2d
12136_0,c565abca-992d-42d3-99eb-4ff9fbc9adf5
11664_i,9b6d4595-5647-4067-b9a7-06ec2023a62a
11732_0,effa4acf-258a-47ba-8982-8f28155bde9e
12855_0,b3d8e40d-bf25-4f18-9d48-62269b033f9c
12083_1,4a81afcf-28b3-4b5c-914f-4da2f9e9011c
10793_1,27b4feb0-e4a3-45c4-a96d-21fbb20e372c
11984_1,1c0ba8bc-fab7-4364-8f0d-68462270f052
11826_0,a8217535-87d0-4a9d-b641-9a2bb37886b4
11739_1,caa7ad13-d573-41b9-bd14-2ebb4d99220d
11646_0,b7563418-ab1e-4475-9f62-8fe93dcbb473
11353_1,30c5342e-140f-4573-8492-a0a1a6f9ac82
11810_0,3227ff5a-7052-4c1b-a2ff-3d88a5e3e8bd
11727_0,aa0bfff4-2757-4363-bbde-71378981d37e
11930_0,0b1c2ab4-6f99-4d02-882e-a958d8558e5c
11689_0,5f41ed21-a39e-44ae-9a94-5b8539a8dd82
11783_0,216690fb-11eb-4e60-8e1b-af0bf7f50da4
10886_1,eb4f7892-69e1-4939-993a-7ff026b49f66
12454_0,9d54fea8-fad6-4f9a-ad88-b2c5bca15cd1
11840_1,6d1f3561-5ee9-48a3-b2a7-88286822c117
11816_0,52663146-5f7d-4889-8834-288f66e6a459
12198_0,f700d8de-e7da-40ea-a2a6-056159ccd50d
12091_0,0d424027-53ce-40be-af9e-5bf99510bcee
12206_0,73f48ec7-3dea-4334-b1b2-f67fb26707e6
11860_0,3e8c3649-e505-411a-ac5f-1a37ab79931b
11967_0,8f68c585-3354-41e9-8903-37522d16c688
11641_0,1d3f8e69-d2c3-4728-b000-c2995dbe6fb9
12620_0,1095a908-97c2-4444-b1f4-edea7413c90c
11958_0,ac934b53-5d30-41dd-a81a-81055b5ccbdc
11261_0,7c505e87-23b3-461d-aa72-93716cc258cf
11811_0,fd6d6081-ca8a-4286-a432-e5357a33a56e
12226_0,fd021030-ced9-49e6-b7f9-6c0a5b358426
12677_0,5bfffb21-b98f-430d-a6fa-394cb99794f9
12504_0,434d69df-7d4e-44eb-89df-7139ba6e6c78
12230_1,3a3697a8-7715-48d5-8de1-6f96ee0731dc
11899_0,b3887948-8d32-43a3-b1e1-a5c30a78432f
12067_0,21226133-dfd1-4cae-ae64-5485b5904e7e
12377_0,a2e5d9ac-565c-4fdb-a79d-486d280f528f
12044_i,8d01acb0-8a02-4f3d-a460-383a72789cc3
12055_1,b0cc7f6c-531c-4cb4-a844-8647cf828a50
13229_3,debc1f50-b90c-4623-9ed4-7832f2ac7b6e
12880_1,9f54efd3-92fa-4b1d-aa10-07df51448f59
14441_0,3bed1feb-b112-45df-896e-e69df9ca739a
13091_5,f4172130-c765-4e84-b85e-ea746c9c41af
11468_0,e4faebdd-422f-4dd2-96c7-f03ec6b87283
12003_0,e1426375-bf92-4fa8-a29a-a7a37bf083cb
12139_0,ca06ccd1-b29b-408f-a733-4c09dfeaa7ea
12078_i,576adb15-4a15-4303-859e-ce6419d2227d
14119_0,4030b48d-5866-47fe-9978-3dd8fa55fd9a
11446_1,9ec047aa-9f73-4733-80e9-64247254ae13
12479_1,c03a7a1d-8e4b-4060-a459-5c9d259395c5
12222_0,9a2cd374-5126-4aeb-96df-53ba688d4ae3
12140_0,bf5b1bea-afa8-4de2-8b01-341737a24739
12122_2,b831880f-ebee-49b9-acb2-108dc1efb436
11912_0,3b8524f2-2388-4d79-a2d2-f9d9c2becf8a
12540_1,b7e99ead-0f64-467a-aac3-5ff614e88092
12760_1,b6fe4aed-b351-4563-962b-2fdc7673a707
12098_2,36162efc-b35c-4aba-9ad5-cd5f0bfb864e
11764_0,1d56d09d-b1ac-43f9-aa3a-040c4b94ab49
13681_0,abfb4179-1f3b-4f61-bf9a-53c93524a938
12286_1,747772f3-5c53-432b-8143-c8a9cfb2e2f8
12272_0,e246ba17-0b50-4dae-bf5e-5e5b59e6a8eb
13056_6,f8d70034-d9ca-4e1f-b530-803a33b1ba1a
12138_0,83450793-71e6-4884-87c9-e60286eef3b2
11037_1,55f80b97-14ad-4a2e-bbde-96e5dc39e1eb
12942_0,19c47aa1-50e5-47ef-9e9e-100382df80c4
12697_3,c0906dda-93a7-4846-ab6f-818567e83a81
13905_0,d98d6df5-2ec9-490f-958b-41a395144dc3
12653_2,d584b60b-57b4-4e28-9725-0f77aa6209e6
12331_0,3e3687f5-d8f6-403a-bb43-aa59b3590d64
13859_0,21562411-a561-4187-859c-198da5165e79
11981_0,ff09abc4-6a3d-4566-8e26-3295e485aaa5
12199_1,2b6f33f3-0c5c-4c13-b490-513520b3f2c5
12130_2,69625937-b016-42d8-affe-f6704fbd2628
12674_0,f2dd775d-f728-4f2e-b7cb-7caca777b673
12082_0,965f0026-3135-4989-a4fd-f7fd10b580ef
11721_1,7cb92da9-2b3b-4865-83b3-bb8da0668bfb
12237_i,70c7224d-55ee-4912-98f2-3b26a8e84292
11595_0,5669b76d-89c0-4470-9563-23beb7a92c90
12425_0,a4dd4e5b-1847-4671-8372-c425afb2f35c
12328_1,eb892036-841b-44d5-86c1-b3ad78ee081f
12149_1,dae5265e-aa60-4217-a2cf-efbf29bd0452
12940_0,bb3ad7df-58e2-423f-88da-0681f4554901
12295_0,92d78f33-fe62-4bb6-beb8-1b7cffbf3842
12592_2,141198a4-257b-48f0-a295-39c0ec1085fc
12588_0,d39eb61d-21c3-4a78-856d-aedf2e25b2ff
12304_0,400b1191-cdbf-48b9-b917-1fa80c4610d9
12767_1,0fc4a2c5-e60d-4c5d-b753-85c41076dce2
11440_5,6f355154-a176-43e6-aec8-83669b548da0
12236_0,3c0e6897-4234-46d2-934f-ff9035a89aac
12417_0,54e07be7-e8b4-4a7e-8ff9-17625d0f6f5c
12503_0,dea30e81-6181-4733-a846-dc3d35cd825b
12293_0,d26f684c-cdbb-487c-a684-5b8a3bf7d3b0
12385_0,5711968c-4019-428c-bde3-22524f420df9
13375_0,56645ce6-1773-4f2c-a2e4-d6b2700c463e
13199_1,f55b548f-eac8-4973-a559-ab55ad580dba
12291_0,da4e7eda-ff9f-4815-b2f1-82b4374ada85
12546_0,357d09a6-02ae-47bb-afa5-18ddf98c51c6
12508_0,d912a0f7-0c9a-46df-beb6-6ab160b43bbe
12346_i,77e6a008-9ae1-444f-be4c-244f8473ab7d
12205_0,cf4fed85-61e9-47aa-9e25-096ecf7b7a03
13504_0,03beaad1-ebc8-4e64-9143-4b3b1e872b04
12581_0,c404f5d7-63a8-4ae7-aaff-f22bd8a38eef
12605_0,7934e7cc-8cec-4338-8ee5-9f9aff15a8d8
11626_0,fd6d6081-ca8a-4286-a432-e5357a33a56e
12957_0,e07602ed-89a8-4f3d-9c81-89c81516b640
12577_0,44958d1d-15c5-4652-a998-60ad977d0fe2
13630_0,65edd2fa-20a5-4727-a54f-912991e34599
12258_0,5ff1ef58-e1dd-40b1-b93f-72a2839f8b7b
14003_0,99704b63-1cdc-43f8-99ba-d79af10d8150
13280_0,5957b8f5-ddc3-4b55-9bd7-0ba22822885a
12745_0,96b75cb4-ff7c-4a45-b7a9-313a2afefa7f
12389_0,9660397e-f75d-445c-afb5-baca6561799b
12915_0,100db56a-b24c-44d2-afbf-39249f49328c
12913_0,8d26b164-2eff-46d5-8604-bf731ac9ac7f
11905_0,e7e26897-035e-41bb-aca2-2fe8e5e047fe
12812_0,fd0b6868-cd20-4056-9fa6-59f29431f66c
12744_1,b80b8c30-4ed8-48d7-82ff-d07eec04d9f6
13042_0,fa85a5b5-2cbe-4e71-8714-8fce625f3ee6
12929_1,4ade5a10-deca-4b21-b6c1-3ef951d2f765
12667_0,c565abca-992d-42d3-99eb-4ff9fbc9adf5
12790_0,9b6d4595-5647-4067-b9a7-06ec2023a62a
13881_0,57d87a5d-2746-4139-9bf6-10cfea0a47b2
12855_1,b3d8e40d-bf25-4f18-9d48-62269b033f9c
12147_0,4a81afcf-28b3-4b5c-914f-4da2f9e9011c
12162_0,6d815671-a767-4221-bb54-d7f6c5b1e967
11984_2,1c0ba8bc-fab7-4364-8f0d-68462270f052
12694_0,30743381-8f47-4150-9aeb-7dbaf8f33cb3
12758_0,67c3f378-e1d4-4e1e-a733-a80a124d8629
12619_0,30c5342e-140f-4573-8492-a0a1a6f9ac82
12532_0,3227ff5a-7052-4c1b-a2ff-3d88a5e3e8bd
13675_0,aa0bfff4-2757-4363-bbde-71378981d37e
12701_0,0b1c2ab4-6f99-4d02-882e-a958d8558e5c
13314_0,5f41ed21-a39e-44ae-9a94-5b8539a8dd82
12650_0,216690fb-11eb-4e60-8e1b-af0bf7f50da4
11816_1,52663146-5f7d-4889-8834-288f66e6a459
13872_0,c1cef946-c80d-4f0a-94fe-c57a45f02c2a
12820_0,0d424027-53ce-40be-af9e-5bf99510bcee
12705_0,73f48ec7-3dea-4334-b1b2-f67fb26707e6
12340_0,3e8c3649-e505-411a-ac5f-1a37ab79931b
12791_0,8f68c585-3354-41e9-8903-37522d16c688
13689_0,1095a908-97c2-4444-b1f4-edea7413c90c
12732_0,ffc6479c-365a-460f-b51a-a4e13a277443
13160_0,fd6d6081-ca8a-4286-a432-e5357a33a56e
12933_0,fd021030-ced9-49e6-b7f9-6c0a5b358426
12861_i,58e19162-c96a-4855-9386-442826ff9cc8
12677_1,5bfffb21-b98f-430d-a6fa-394cb99794f9
12897_i,cffe93f4-105e-4036-a110-1e72a51804ed
12901_i,e886fc7a-bde9-4df5-9e45-c0dcd1b64fd6
13002_0,3a3697a8-7715-48d5-8de1-6f96ee0731dc
12991_0,21226133-dfd1-4cae-ae64-5485b5904e7e
12998_0,a2e5d9ac-565c-4fdb-a79d-486d280f528f
13043_0,e466b7cb-9287-40f8-88e5-939ded163e50
13229_4,debc1f50-b90c-4623-9ed4-7832f2ac7b6e
12880_2,9f54efd3-92fa-4b1d-aa10-07df51448f59
14441_1,3bed1feb-b112-45df-896e-e69df9ca739a
13091_6,f4172130-c765-4e84-b85e-ea746c9c41af
13263_0,20c7b21b-bd1c-4131-bb84-ebac33e95250
12948_0,ca06ccd1-b29b-408f-a733-4c09dfeaa7ea
13256_0,576adb15-4a15-4303-859e-ce6419d2227d
14119_1,4030b48d-5866-47fe-9978-3dd8fa55fd9a
13478_0,c03a7a1d-8e4b-4060-a459-5c9d259395c5
13529_0,6e4f62bb-e0a1-4546-9bcd-c27b910cd13b
12505_0,bf5b1bea-afa8-4de2-8b01-341737a24739
12992_0,b831880f-ebee-49b9-acb2-108dc1efb436
13220_0,3b8524f2-2388-4d79-a2d2-f9d9c2becf8a
14227_0,d4eab323-4203-46ea-80cc-0d6f212e66ba
13184_0,1d56d09d-b1ac-43f9-aa3a-040c4b94ab49
13681_1,abfb4179-1f3b-4f61-bf9a-53c93524a938
12678_0,747772f3-5c53-432b-8143-c8a9cfb2e2f8
13127_0,f8d70034-d9ca-4e1f-b530-803a33b1ba1a
12138_1,83450793-71e6-4884-87c9-e60286eef3b2
13638_0,55f80b97-14ad-4a2e-bbde-96e5dc39e1eb
13905_1,d98d6df5-2ec9-490f-958b-41a395144dc3
13596_0,d584b60b-57b4-4e28-9725-0f77aa6209e6
13859_1,21562411-a561-4187-859c-198da5165e79
13200_0,ff09abc4-6a3d-4566-8e26-3295e485aaa5
12674_1,f2dd775d-f728-4f2e-b7cb-7caca777b673
13577_0,965f0026-3135-4989-a4fd-f7fd10b580ef
12753_0,7cb92da9-2b3b-4865-83b3-bb8da0668bfb
13827_0,e1e320a8-86a6-4334-b402-b3e4e1bf6806
13077_0,a4dd4e5b-1847-4671-8372-c425afb2f35c
13162_0,515e7ccc-9b1b-463b-8ce4-9eb7483dce28
13186_0,bb3ad7df-58e2-423f-88da-0681f4554901
13354_0,92d78f33-fe62-4bb6-beb8-1b7cffbf3842
13098_0,6397ef66-6d44-44cb-b324-03c103077342
13301_0,87042446-efef-40e7-bcfe-01adfdb82508
13221_0,0fc4a2c5-e60d-4c5d-b753-85c41076dce2
13658_0,9804b2ae-0ff5-4a93-a368-78a344e4239d
13742_0,3c0e6897-4234-46d2-934f-ff9035a89aac
12885_0,54e07be7-e8b4-4a7e-8ff9-17625d0f6f5c
13367_0,53cb7bdb-edd0-4b4b-9f15-0e0fe6c2d862
13387_0,d26f684c-cdbb-487c-a684-5b8a3bf7d3b0
13375_1,56645ce6-1773-4f2c-a2e4-d6b2700c463e
13235_0,f55b548f-eac8-4973-a559-ab55ad580dba
13343_0,da4e7eda-ff9f-4815-b2f1-82b4374ada85
14585_0,357d09a6-02ae-47bb-afa5-18ddf98c51c6
13290_0,d912a0f7-0c9a-46df-beb6-6ab160b43bbe
13261_0,77e6a008-9ae1-444f-be4c-244f8473ab7d
13281_0,cf4fed85-61e9-47aa-9e25-096ecf7b7a03
13504_1,03beaad1-ebc8-4e64-9143-4b3b1e872b04
13666_0,fd6d6081-ca8a-4286-a432-e5357a33a56e
13100_0,e07602ed-89a8-4f3d-9c81-89c81516b640
13629_0,44958d1d-15c5-4652-a998-60ad977d0fe2
13630_1,65edd2fa-20a5-4727-a54f-912991e34599
13550_0,5ff1ef58-e1dd-40b1-b93f-72a2839f8b7b
14003_1,99704b63-1cdc-43f8-99ba-d79af10d8150
13702_0,5957b8f5-ddc3-4b55-9bd7-0ba22822885a
13230_0,96b75cb4-ff7c-4a45-b7a9-313a2afefa7f
14306_0,100db56a-b24c-44d2-afbf-39249f49328c
13585_0,8d26b164-2eff-46d5-8604-bf731ac9ac7f
13578_0,e7e26897-035e-41bb-aca2-2fe8e5e047fe
13816_0,fd0b6868-cd20-4056-9fa6-59f29431f66c
13735_0,8c6b7b89-a7da-4134-a3d9-22057ebb0418
13207_0,c565abca-992d-42d3-99eb-4ff9fbc9adf5
13299_0,9b6d4595-5647-4067-b9a7-06ec2023a62a
13881_1,57d87a5d-2746-4139-9bf6-10cfea0a47b2
13344_0,4a81afcf-28b3-4b5c-914f-4da2f9e9011c
13747_0,1c0ba8bc-fab7-4364-8f0d-68462270f052
13531_0,8c8fb28e-5c2e-4d78-9702-0bd78537d042
13695_0,67c3f378-e1d4-4e1e-a733-a80a124d8629
13621_0,3227ff5a-7052-4c1b-a2ff-3d88a5e3e8bd
13675_1,aa0bfff4-2757-4363-bbde-71378981d37e
13562_0,0b1c2ab4-6f99-4d02-882e-a958d8558e5c
13696_0,5f41ed21-a39e-44ae-9a94-5b8539a8dd82
13890_0,67adca37-7528-4457-8b4c-4720d4a03259
11816_2,52663146-5f7d-4889-8834-288f66e6a459
13872_1,c1cef946-c80d-4f0a-94fe-c57a45f02c2a
13867_0,5daa0798-5e94-4961-b89c-39d664b4dd56
14061_0,8f68c585-3354-41e9-8903-37522d16c688
13689_1,1095a908-97c2-4444-b1f4-edea7413c90c
14044_0,c70d6973-3b37-4a48-854d-bcf7bf6bc180
14023_0,fd021030-ced9-49e6-b7f9-6c0a5b358426
14006_0,fa13701a-7ba3-4f4f-829d-40526f510cbb
13730_i,7b318f66-80fa-4759-8e4c-6b355a610d43
14240_0,cffe93f4-105e-4036-a110-1e72a51804ed
13581_0,e886fc7a-bde9-4df5-9e45-c0dcd1b64fd6
14148_0,3a3697a8-7715-48d5-8de1-6f96ee0731dc
13809_0,21226133-dfd1-4cae-ae64-5485b5904e7e
13453_0,a2e5d9ac-565c-4fdb-a79d-486d280f528f
13229_5,debc1f50-b90c-4623-9ed4-7832f2ac7b6e
13728_0,9f54efd3-92fa-4b1d-aa10-07df51448f59
14441_2,3bed1feb-b112-45df-896e-e69df9ca739a
14587_0,f4172130-c765-4e84-b85e-ea746c9c41af
14013_0,20c7b21b-bd1c-4131-bb84-ebac33e95250
13775_0,576adb15-4a15-4303-859e-ce6419d2227d
14119_2,4030b48d-5866-47fe-9978-3dd8fa55fd9a
13906_0,6e4f62bb-e0a1-4546-9bcd-c27b910cd13b
14227_1,d4eab323-4203-46ea-80cc-0d6f212e66ba
13686_0,1d56d09d-b1ac-43f9-aa3a-040c4b94ab49
14451_0,747772f3-5c53-432b-8143-c8a9cfb2e2f8
14133_0,83450793-71e6-4884-87c9-e60286eef3b2
13638_1,55f80b97-14ad-4a2e-bbde-96e5dc39e1eb
13905_2,d98d6df5-2ec9-490f-958b-41a395144dc3
14265_0,d584b60b-57b4-4e28-9725-0f77aa6209e6
13859_2,21562411-a561-4187-859c-198da5165e79
14084_0,ff09abc4-6a3d-4566-8e26-3295e485aaa5
14640_0,965f0026-3135-4989-a4fd-f7fd10b580ef
13077_1,a4dd4e5b-1847-4671-8372-c425afb2f35c
14106_0,10d92768-d2a3-4d36-9a2e-13d879938bfb
13927_0,92d78f33-fe62-4bb6-beb8-1b7cffbf3842
13993_0,6397ef66-6d44-44cb-b324-03c103077342
13719_0,ab46bdf9-039c-49bf-a4a7-07f16d40aab0
14011_0,69192c50-2388-4d94-b5eb-9583efc70d1c
14145_0,d26f684c-cdbb-487c-a684-5b8a3bf7d3b0
14190_0,da4e7eda-ff9f-4815-b2f1-82b4374ada85
14105_i,f8a1e699-acc5-485c-a33b-5030a365d34a
14585_1,357d09a6-02ae-47bb-afa5-18ddf98c51c6
14111_0,77e6a008-9ae1-444f-be4c-244f8473ab7d
14259_0,fd6d6081-ca8a-4286-a432-e5357a33a56e
14251_0,83da1f53-4558-4144-981d-58c8abc2f331
14768_0,44958d1d-15c5-4652-a998-60ad977d0fe2
14214_0,dfd11815-ddff-40c9-9129-71ee48ce4259
14311_0,96b75cb4-ff7c-4a45-b7a9-313a2afefa7f
14306_1,100db56a-b24c-44d2-afbf-39249f49328c
14481_0,8d26b164-2eff-46d5-8604-bf731ac9ac7f
14348_0,e7e26897-035e-41bb-aca2-2fe8e5e047fe
14497_0,8c6b7b89-a7da-4134-a3d9-22057ebb0418
14438_i,a7df8a7f-931d-47d4-bbc7-37aa80c8fb39
14321_0,93ebdcd4-a4a8-43b5-b0d7-596c235c2658
14578_0,9281d694-6093-4ceb-a7d7-04abe1cb52ae
14850_0,3227ff5a-7052-4c1b-a2ff-3d88a5e3e8bd
14637_0,aa0bfff4-2757-4363-bbde-71378981d37e
14521_0,5f41ed21-a39e-44ae-9a94-5b8539a8dd82
13890_1,67adca37-7528-4457-8b4c-4720d4a03259
14685_0,c70d6973-3b37-4a48-854d-bcf7bf6bc180
14023_1,fd021030-ced9-49e6-b7f9-6c0a5b358426
14736_0,fa13701a-7ba3-4f4f-829d-40526f510cbb
14838_0,55f80b97-14ad-4a2e-bbde-96e5dc39e1eb
14936_0,a18cf1c2-6937-42a2-ad01-d24833b13d65
