6280_i,26c33c0f-32e6-452c-a1fc-6d6580e930da
6289_i,285b6449-637d-4412-828a-c2f77b7196b4
6294_i,44ce2ee1-4294-47a6-8cc2-607727eeed65
6295_i,364ce614-0a75-4548-a488-6b61c6139bc2
6299_i,f6776948-bf1e-4f1c-a35f-5e79684e6ff8
6301_i,9cf596b1-d6cd-4159-99be-1bd634118953
6305_i,de301ca4-5d0f-4563-8271-e7dfc497f4bc
6307_i,60a74034-5fd7-4dd0-a1dd-d4d8d72e2ed7
6316_i,3e100c49-880b-4f1a-9490-0fc85d0a2ba6
6332_i,65251239-6cb7-44dc-bab4-e14c7fba381a
6337_i,4bb5b583-0c4a-4f81-875c-8e494cc750bb
6344_i,0e4c2fca-e24c-4e41-88b0-478b99b86e20
6375_i,7fa8ed30-81b5-4e85-b2e8-fc439c925c93
6378_i,5ae97c32-ce60-46ab-9eb9-dea3fc2ddba1
6379_i,38519b0b-5f88-4b68-82c8-a6fee628555e
6388_i,d79f718e-83a3-4b5f-9249-7e766ded3bb4
6398_i,f7e49f03-ca96-4037-98d5-ab6b87c354bd
6409_i,bcc766fe-5c33-47fc-af8a-1c4313af5b3b
6410_i,bcc766fe-5c33-47fc-af8a-1c4313af5b3b
6411_i,2fef1aba-ee0e-44c4-a94a-0785e720498f
6414_i,ceaa61fe-c5fe-4a80-9e46-693a60b0d362
6416_i,0cd9d3b9-ddcb-475f-b063-c436969c17c4
6417_i,9002771b-a97e-447f-a9b4-193f155cc39c
6418_i,128897f3-88b2-48ed-bad7-f0ea0a7ec8aa
6421_i,5f0ff756-dd0e-4e28-b5d3-c4fcf45da2ca
6431_i,9cf596b1-d6cd-4159-99be-1bd634118953
6434_i,c169975f-050b-4ee6-8845-27fbf279260f
6435_i,ef22670f-fc3e-4bab-8483-a7c61cb8a329
6456_i,7aa8ad4a-d0cf-4a53-bd1e-0187d9f5e5d4
6459_i,b1bcdcb4-7aa8-4e01-95f3-8048bfa24948
6464_i,254b46d6-828e-4863-b04d-5f05822cd2cc
6466_i,02eff352-541b-464d-9049-45848a5d94a0
6481_i,5e91bd8e-3ad7-42d5-b06f-8a30c5aa700f
6499_i,a0911a87-c305-4ba0-948f-faf9267691d5
6500_i,11c65601-30bf-44da-bcb8-db2ddcf36724
6503_i,988292f1-6437-45db-a14a-9680214d32d9
6522_i,be09301a-875f-483d-b5d6-a5466a72a258
6531_i,a6635e2a-e102-4057-b422-0ffc7c7188e0
6538_i,2b9c0473-24e1-489e-bf72-0b4eb071c53a
6548_i,e2a90a42-e846-46d6-8584-b578909a520a
6552_i,604eaffc-7498-4b9b-a0dc-4cfdc19405ea
6557_i,9cf596b1-d6cd-4159-99be-1bd634118953
6573_i,a33b00c4-79b8-4bbc-be17-f2d3b1db1485
6580_i,7710bbe4-5ddc-4f85-bb43-a9aead1603e8
6614_i,9278f89d-dfcc-4fad-821a-dcb6cff9e32d
6639_i,b3abd8ec-4cb9-420b-882a-6663abd7339a
6645_i,7294581d-4b4c-4d05-9073-fe07aac2051d
6659_i,32b312bb-e3a6-4edf-8ebf-8c8cabe59652
6660_i,edcdb13a-aebd-4767-8988-ea1d988b8a12
6662_i,e36f97ae-bf04-40db-9d86-d4c18070c277
6712_i,afa7e34b-8020-4bef-b11e-12be527dce3e
6736_i,04077254-64bb-41e5-912c-cd34ab011ecc
6759_i,50bc1c4d-fdb3-45f1-97b2-1e98c8b4157b
6762_i,cfebd22a-23e5-4ee4-b4e0-879dc6ef8c0a
6769_i,53c1e3b4-74bf-4300-aea6-d494beef8837
6784_i,78ab3880-dd6c-42fb-acde-1a3b98d2c38a
6791_i,168819d3-132c-4670-a028-dfa257c70abc
6807_i,1f239e03-5df4-45ed-b042-aa5e6ffccc56
6814_i,12f12e1b-e3ba-4167-ad18-35fe92d14976
6819_i,d35fb7b6-273e-4bab-b915-4db54f36497e
6821_i,4f95b15f-e416-4ffb-968a-706875175e17
6834_i,a7bd73a2-3bc2-41b5-864b-ce75b3769310
6839_i,1ad316d7-e67b-4b70-9c99-6a619b7d53f8
6856_i,4c5b0352-e6a5-491f-9d0a-65fe2396c5e4
6869_i,191bee28-cd72-4dc6-97d4-d6ddf05bc063
6871_i,ff643a52-a795-4480-99df-69bd67a32407
6885_i,86b79a6a-a6f1-4cc4-8390-71b29f9811ec
6887_i,469d867b-37d7-4ebd-b9ce-52534452ed88
6904_i,e040f8c5-796c-4556-9cc8-aee6232309a5
6906_i,9cf596b1-d6cd-4159-99be-1bd634118953
6933_i,9cf596b1-d6cd-4159-99be-1bd634118953
6941_i,9cf596b1-d6cd-4159-99be-1bd634118953
6942_i,e6fa8db6-ce5a-42fb-919f-24adc39dbd12
6948_i,4e756163-3585-402d-af1c-7849de9d9326
6979_i,260db17e-45cf-4f14-9bfa-330f4bb008b8
6981_i,4bfeeed0-8dbd-4639-a8c7-d5ea85ab43ac
6988_i,f18cfc2c-0411-4620-aecd-f41697b996f0
6991_i,74dceed5-8172-43c2-99e3-a18766558cff
7017_i,7fa8ed30-81b5-4e85-b2e8-fc439c925c93
7023_i,cab12909-32c6-4d50-95f5-62e9d7a9cd7c
7027_i,9cf596b1-d6cd-4159-99be-1bd634118953
7035_i,9cf596b1-d6cd-4159-99be-1bd634118953
7059_i,72aff2bd-19d9-4a41-9908-61d463cb5711
7073_i,fbf38517-3e21-4640-bd1c-bda7407bb3ef
7080_i,9b9b04c5-4bea-456b-8c99-f6744dbfc3fa
7137_i,5330f031-1111-45a8-9d57-d0db6fc9f683
7141_i,fbc4af0e-bc08-4465-8b06-4194056fa988
7152_i,7321a1ea-44ff-4f53-8f83-23a298c97ffd
7157_i,eedc7ca1-cf51-4d9f-b5ca-1394fcca65e8
7165_i,6b33c877-0a72-48f5-9c3f-d9c5c382b26b
7175_i,15a384c4-b593-4cb6-acf6-90e36765a736
7185_i,7b2d3637-7181-4fc7-ab7a-8b6a0b509197
7188_i,4d7db6f2-8cda-41c9-bda9-4fec65ca440f
7193_i,fac33667-3122-405b-9cda-61447a88098b
7254_i,8a17b40d-a79a-40d0-a65b-9e78f07c0ca2
7261_i,9f0c4ea2-484f-4316-8173-6bdcb8e6cacf
7273_i,cf99aad0-39aa-4df3-b12f-fc82d7f83595
7319_i,c45bbbcc-343d-4890-980c-551cb9defbf8
7338_i,dd149c09-a28c-4808-bd79-4d5406dd71fb
7377_i,739c5572-5b37-4d93-997b-156746461098
7381_i,dcb9253c-5632-4cc5-adee-57d9cfcce072
7402_i,a627b03f-8e09-49aa-87ad-947fcf685bc2
7412_i,8c94ef94-236d-45f5-927e-2058d40f28a0
7441_i,f18cfc2c-0411-4620-aecd-f41697b996f0
7460_i,2e2bda07-84a4-4039-92c1-7633f8da0fea
7473_i,f923ad4f-a0b6-4a03-b40c-ec076e32df4c
7502_i,1d506b06-00c4-4931-adb6-0fa5ccfb6ee7
7515_i,c9f7fc31-a547-4f97-9069-a5760b2e773b
7516_i,65a15c5a-c9af-48fd-bbbb-20ca9565e545
7944_0,f0f4514f-4062-42b8-9444-456ef4e49d5f
7519_0,ff643a52-a795-4480-99df-69bd67a32407
8449_0,c1173720-10b3-45fd-9c53-0f3b75c4305a
7960_0,af52d91d-879b-46fb-aafe-e904ccb77502
7812_0,8da5b066-03af-4495-acb5-82926726270c
8027_0,2e2bda07-84a4-4039-92c1-7633f8da0fea
7537_0,767a6279-6dbb-419c-8fe4-0fdd869cf865
8129_0,f0848078-de68-487f-a1bb-c465f7366427
8395_0,1383af09-9007-4192-881e-d5635bee37c9
7563_i,2b14982c-fbad-40a9-a01f-6577c15a2846
7574_0,cc250295-96b2-43c2-bfc4-65cb9e0d48da
7572_i,06c36607-8dc1-46bd-9f3b-64b7b75c810c
7156_0,b07c2f04-2e0c-42b7-813e-4d433ad98bf7
7593_i,c9ff123e-ce31-495e-bff6-389907895e8b
7599_i,76054384-f6ff-4ab4-8d4c-25144bcc1996
7612_i,2e2bda07-84a4-4039-92c1-7633f8da0fea
7617_0,2e2bda07-84a4-4039-92c1-7633f8da0fea
7760_0,61fce891-b0ec-4d39-a7fd-d453471fa450
8657_0,223753da-0b0e-4a7a-b74b-c270dd1c3e57
7961_0,1b0fb73f-799e-40ec-925d-490fdf17038f
7652_0,d2d1e28b-1f94-4f6b-8416-86e5119cf276
7630_i,31782844-6522-4a68-bc5c-a098a9db6275
7623_0,bd170314-d16e-4cc8-9e4c-94f8004c741a
7666_0,fbd88a6a-7496-4864-b7d9-93e773786a2d
7750_0,ae963202-ae1a-4392-ab2b-00f65492f124
13056_0,f1d9cf5d-e393-490f-839e-db4e54635d61
7104_0,ac4bb473-2f8a-4174-b59c-407c0b14cd31
8174_0,2cc74c32-576f-4f71-a445-4564a199343e
7665_0,c169975f-050b-4ee6-8845-27fbf279260f
8065_0,ef22670f-fc3e-4bab-8483-a7c61cb8a329
7971_0,cc18d811-6066-4e81-bdf6-4941f5606b9a
7784_0,b1bcdcb4-7aa8-4e01-95f3-8048bfa24948
8229_0,ac8637f8-98e8-4bab-800f-82c2e023789a
9644_0,94c6c32c-424b-476a-8a61-482e2d516ae4
8244_0,01837d10-652e-47d2-a514-62583f6a8c75
7724_i,13d16d61-c062-43f0-9461-70e742409b1d
7967_0,9ad143e2-6e66-467c-a4de-abe47df8b7db
7731_i,8d354ec4-5f36-408a-9daa-a01450fdf0e6
7689_0,ee80b77e-8ad0-4d56-93d7-370218ef7363
7790_0,3686afc9-1a2e-4147-8add-379f8010f4ab
8069_0,62dd866d-f3ae-459c-a7fe-3ff03eff49ca
7103_0,b9ad2cde-f4b9-4655-9c78-d2a87889a2c1
8948_0,e91e7dcb-d6c6-4b1f-8f1d-3dec074018b5
7768_i,a30c1831-ebbb-410a-90aa-34ed2c3f5bde
7769_i,db7376b6-927e-4397-9cec-c8c07209683e
7833_0,65a6abcc-b521-4a48-9f86-61af3d2f060b
8436_0,a24e3a95-40b2-40fa-b93a-165347d17a2a
7783_i,9a53e31e-87ea-48d7-b4ac-dff05fadf346
8385_0,5e49f580-71f2-4c4c-9c6f-56cbb6d9fbbc
7824_0,57a00b42-16e3-4e87-a90e-21b0a5a06664
8009_0,3c519c54-717d-44e2-bd64-ac110e9db993
8172_0,98fc82a7-217b-4cec-9f4d-00c8dea09a50
7989_0,9db55b5a-817e-434c-96ba-abd7720d7e13
7838_i,3f6260b8-f91d-407b-9200-e6cc84e16628
8159_0,e36f97ae-bf04-40db-9d86-d4c18070c277
7853_i,ba166408-cd35-4433-a7e7-ad910b8b16ae
7898_i,96d72c97-c4ed-4676-a6fe-619231f5da01
8337_0,83c9121c-ee2c-4268-8052-1e94b576a5aa
7915_i,f6010e2c-d3a6-4f0a-82ac-b45cb5989e3a
8897_0,67ff7cb9-5699-4f98-959d-e2a4a0b94c34
7772_0,50bc1c4d-fdb3-45f1-97b2-1e98c8b4157b
8322_0,60501226-4737-4b5e-9752-3c943480f5c5
7972_0,46901840-ce2e-424c-bd37-5a9267be2682
11134_0,9973a46c-fed8-45ed-b5d2-bfa9d2f67a52
7835_0,168819d3-132c-4670-a028-dfa257c70abc
7866_0,1f239e03-5df4-45ed-b042-aa5e6ffccc56
8832_0,fd420582-08b5-4841-82c9-696edf235c6f
8185_0,e833b09f-ac91-4536-b863-07358658524a
9724_0,e382969a-ce64-4884-91ff-1388a526b89b
7755_0,a7bd73a2-3bc2-41b5-864b-ce75b3769310
8019_0,1ad316d7-e67b-4b70-9c99-6a619b7d53f8
8012_i,058f708c-321c-477d-b632-fb61d6aeba2e
8658_0,cb95ada8-6509-4d86-8ffd-e538bd5414fa
8247_0,191bee28-cd72-4dc6-97d4-d6ddf05bc063
8108_0,ff643a52-a795-4480-99df-69bd67a32407
9103_0,e91e7dcb-d6c6-4b1f-8f1d-3dec074018b5
8046_0,fff44c51-f34e-44e0-b5bc-741428d24d42
8056_i,33748b39-7549-49fb-ae96-b20ac8ae11d1
8152_0,e040f8c5-796c-4556-9cc8-aee6232309a5
8789_0,e91e7dcb-d6c6-4b1f-8f1d-3dec074018b5
8073_i,fd9daef5-fb1f-467a-976e-ada654c9c85f
8089_i,fc0b8243-1b05-4ec6-9a35-7674c523c3ae
8101_i,09095c72-8933-45f8-81ef-2bf486bafdaf
9207_0,e91e7dcb-d6c6-4b1f-8f1d-3dec074018b5
9081_0,e91e7dcb-d6c6-4b1f-8f1d-3dec074018b5
9385_0,b82987a9-87f9-4dbc-a7ba-4cbca1eae974
9085_0,d890e55f-1a40-495c-b616-5758af95fa2a
8740_0,12126eea-4fe3-4fa8-a83f-6262cd2cfdff
7787_0,4bfeeed0-8dbd-4639-a8c7-d5ea85ab43ac
8224_0,d95ea99c-8341-49f3-beb0-76defdb35280
8130_i,f5a5cc51-aa3d-4de6-a90e-efaa59a267ec
8245_0,7380799f-b912-4784-b09b-345f29116f1b
8135_i,124ede3d-d364-49d0-a585-e097ff40bd89
7282_0,7fa8ed30-81b5-4e85-b2e8-fc439c925c93
9197_0,4b7f5722-530d-4fd6-8616-61ec4f36b28d
8169_i,e1e24a08-e023-4c96-a718-19bdb4d4c2b6
8804_0,6ea897b3-1f1e-4225-b40e-036333190900
8270_0,9cf596b1-d6cd-4159-99be-1bd634118953
8192_i,2cc74c32-576f-4f71-a445-4564a199343e
8211_i,6814bcd8-030f-4326-8f55-8e3347d97cdf
8313_0,1dba8c2d-350c-4918-8305-be373d6b98ba
8297_0,c898b695-dd7d-422f-9477-961870ef0cb2
8243_0,1cfdec05-1154-4245-b7e8-869f66f42969
8558_0,9e38e103-ac4f-4b3a-b219-c20b6efca565
7152_0,7321a1ea-44ff-4f53-8f83-23a298c97ffd
8645_0,6b33c877-0a72-48f5-9c3f-d9c5c382b26b
8643_0,a03cae96-47ee-4524-8a43-d085317f3916
8096_0,b9ad2cde-f4b9-4655-9c78-d2a87889a2c1
8370_0,9e1225f1-c250-4ad8-96b9-aafc4ef60a29
8711_0,4511f4d5-94ad-402c-bb3a-09bb5afd914a
8933_0,a62a36a9-04b2-4370-93a5-08310d223a4f
8745_0,e4f075e0-ccb6-41d3-8b88-54b591ebac19
8314_0,dcc588a1-516f-4f81-ac16-d5246dce1fa5
8221_0,c45bbbcc-343d-4890-980c-551cb9defbf8
8339_0,eb5c20d0-da3a-40a3-854e-d8d01915fd52
9422_0,9d880cfa-d950-420d-9f75-44564a2a341d
8516_0,882db2e0-934b-4ba5-ae67-5d7274fb28e1
8622_0,de66d65c-5011-4d5d-8ef9-6362e72773ee
9405_0,4e1397dd-82eb-4020-afcb-97afd02192c3
9098_0,a6cda60d-7709-4082-a00b-1f0b78b36b58
7873_0,8421e261-8ef4-475c-a6e4-ca81e8c33515
8664_0,853c0f6e-0f4f-4963-bef5-eed34008650e
8321_0,b2bc0a1c-a1a4-4314-ac31-67a1ddd25703
8525_0,b0ec8d14-6593-4e6c-93a7-315d704221a0
9400_0,4df87897-782b-42ea-819a-26d26be2632b
8449_1,c1173720-10b3-45fd-9c53-0f3b75c4305a
8414_0,c31be34f-5bfb-4b29-8d48-33b50a1234fe
8097_0,8da5b066-03af-4495-acb5-82926726270c
10405_0,c5480bab-d9bb-4e3c-b6b5-15be287940b9
11178_0,97f63591-0dd6-4760-9153-e0fe3d6db737
8129_1,f0848078-de68-487f-a1bb-c465f7366427
8395_1,1383af09-9007-4192-881e-d5635bee37c9
8458_0,ac6eaeba-b9ca-4afa-b072-3c2796108f2c
8236_0,cc250295-96b2-43c2-bfc4-65cb9e0d48da
8295_0,d6fc0027-efc9-496f-a12e-fc8b1790d94c
8042_0,14da91ca-a6bf-4256-aaaf-795d343668d5
8410_0,471b40d3-70c8-4861-ad64-5c7d9ddccc02
13091_0,09dca397-116c-4ffc-93ea-a5514bd309f0
8407_0,0fd0510f-0a20-4d9e-b760-f4264f80af40
8323_0,4e37fa38-3e6f-4bbc-842f-037a0aa09b7e
8657_1,223753da-0b0e-4a7a-b74b-c270dd1c3e57
8294_i,8395cb97-5b02-49f2-be30-d012daed505b
7961_1,1b0fb73f-799e-40ec-925d-490fdf17038f
8304_i,b08d3ad8-71d4-4008-95cb-39fe9ff24b80
8433_0,52b00593-c9f0-4076-9d5d-1a29c3a84974
8927_0,feb4f911-33d1-460f-b60a-e7a790381cf6
8303_0,cf0bf09a-68d7-4636-9701-ffec17e199e7
8440_0,52b39e66-b6c5-450d-9820-aea6f56b4636
9182_0,48c7be64-9542-41c9-8603-e42d18906a50
13056_1,f1d9cf5d-e393-490f-839e-db4e54635d61
8428_0,027830fd-0b7e-4f1a-aa34-8a583449735a
8174_1,2cc74c32-576f-4f71-a445-4564a199343e
10005_0,3d8e2a5d-3ff6-493b-805e-ec0fa4833b5d
8663_0,84884245-d668-498b-9fde-eb62972e38f2
8346_i,1d3158dc-6827-4ebb-ad5f-a3ee1438d391
8368_i,1aff96b0-3742-497f-9aae-a9d94b92782f
8397_0,b1bcdcb4-7aa8-4e01-95f3-8048bfa24948
8390_i,af5239c5-259e-4642-8a76-17e4597d4fa0
8741_0,4bb92458-abd5-476a-9af1-5eed075eb98b
9644_1,94c6c32c-424b-476a-8a61-482e2d516ae4
8400_i,4789756a-e60f-478b-b08f-ab6c58db4bf6
8905_0,ef67f0c9-d0e7-4dfc-a779-11739075f2ee
8426_i,1d99eab5-e143-4fc6-a8da-9f5cf3abd564
8328_0,ebaaecac-2721-49a9-8a98-a73726ced99e
8445_i,088d1c60-c757-428c-a11c-c3aa29b148b4
8618_0,9ad143e2-6e66-467c-a4de-abe47df8b7db
8698_0,8d354ec4-5f36-408a-9daa-a01450fdf0e6
8404_0,ee80b77e-8ad0-4d56-93d7-370218ef7363
8478_i,1db3b403-a1b1-41d3-b78e-9854184d21a7
8452_0,a16b686b-a252-4c9b-ae07-65231d3c6f79
8613_0,a285343f-d443-4a87-9a9f-c8f5709d6591
8351_0,b9ad2cde-f4b9-4655-9c78-d2a87889a2c1
8948_1,e91e7dcb-d6c6-4b1f-8f1d-3dec074018b5
10752_0,b873b5c1-b57c-4c13-8e2d-5510e7ab39b7
8967_0,cbb18ba7-3371-4baf-ba98-f9c504c39048
8394_0,d10814ca-8a4b-4c07-8b23-36a29a585b85
8436_1,a24e3a95-40b2-40fa-b93a-165347d17a2a
8411_0,9a53e31e-87ea-48d7-b4ac-dff05fadf346
8504_i,6993d48d-8f46-4610-b206-985241c1127f
8385_1,3a8cacfd-68e8-4feb-b829-006c7d51994e
8703_0,819c1847-5343-4fde-83fe-24c3bad3c49e
8534_0,5d71505a-1697-4c19-bbec-6942b0939b92
8609_0,98fc82a7-217b-4cec-9f4d-00c8dea09a50
11440_0,4e8ed08c-c507-4e2e-8d89-cc12683682ad
9748_0,e36f97ae-bf04-40db-9d86-d4c18070c277
9787_0,be5ebe22-e6ad-4c45-af3f-32047b5b7a42
8579_i,e91e7dcb-d6c6-4b1f-8f1d-3dec074018b5
8818_0,2a4a2107-16f1-4451-a7ce-da9f1864fcac
8594_i,8e677130-62e1-4b3b-8f08-5381851e7577
8337_1,83c9121c-ee2c-4268-8052-1e94b576a5aa
8766_0,7f3a18c2-ebdb-4feb-99f7-fb95d14c9dd6
8897_1,67ff7cb9-5699-4f98-959d-e2a4a0b94c34
8422_0,50bc1c4d-fdb3-45f1-97b2-1e98c8b4157b
8719_0,d00f0214-49ac-4e70-92eb-2e790e389e98
11134_1,9973a46c-fed8-45ed-b5d2-bfa9d2f67a52
8585_0,08c2efea-6b3b-4a07-94d1-7e1f685a1a9a
8697_0,06a02339-7395-4448-97f1-64587cb19217
8832_1,fd420582-08b5-4841-82c9-696edf235c6f
8185_1,d1bf2d1d-8d65-4e08-808c-855aec6da2e4
9724_1,e382969a-ce64-4884-91ff-1388a526b89b
7755_1,a7bd73a2-3bc2-41b5-864b-ce75b3769310
8667_0,cc0a7b81-4d31-44ed-8a5a-388528fc8907
8631_0,d8f35c69-1090-49e1-9589-688d7c2f227d
8658_1,f12cd892-0db7-4e95-8116-4b8ed4dfb486
8718_0,87453ca7-8d55-4710-8de5-4fe1bff15f9d
9103_1,e91e7dcb-d6c6-4b1f-8f1d-3dec074018b5
8710_0,fff44c51-f34e-44e0-b5bc-741428d24d42
8345_0,4aa0d93c-f3ad-4576-841c-24087525cac9
8620_0,e040f8c5-796c-4556-9cc8-aee6232309a5
8789_1,e91e7dcb-d6c6-4b1f-8f1d-3dec074018b5
8647_0,e6b417cf-e3af-49fc-b6a0-f170dafa0c13
9207_1,e91e7dcb-d6c6-4b1f-8f1d-3dec074018b5
9081_1,e91e7dcb-d6c6-4b1f-8f1d-3dec074018b5
9385_1,4f4db5aa-27fd-4f5a-9fab-ef11bc2757c5
9085_1,d890e55f-1a40-495c-b616-5758af95fa2a
8740_1,12126eea-4fe3-4fa8-a83f-6262cd2cfdff
7787_1,4bfeeed0-8dbd-4639-a8c7-d5ea85ab43ac
8224_1,d95ea99c-8341-49f3-beb0-76defdb35280
10029_0,5126687c-23d8-4a3c-8507-37bb4de689ce
8245_1,7380799f-b912-4784-b09b-345f29116f1b
9747_0,a351ff31-1d93-4bb5-884d-30667dd30f82
10401_0,c5480bab-d9bb-4e3c-b6b5-15be287940b9
9197_1,4b7f5722-530d-4fd6-8616-61ec4f36b28d
8584_0,2c31db0d-fee7-4eaf-8436-5013446dfe10
8804_1,6ea897b3-1f1e-4225-b40e-036333190900
9136_0,e91e7dcb-d6c6-4b1f-8f1d-3dec074018b5
9026_0,1abb74fb-41b3-4338-8d1b-74630650127a
9127_0,1b071d12-299f-4efc-a56e-95621870b913
8297_1,c898b695-dd7d-422f-9477-961870ef0cb2
9245_0,ad49fdff-3e0c-4448-8e8a-d8545708e7f8
8654_0,f79d779d-a25f-40a6-a1eb-d4630be40513
7152_1,7321a1ea-44ff-4f53-8f83-23a298c97ffd
8645_1,6b33c877-0a72-48f5-9c3f-d9c5c382b26b
8643_1,a03cae96-47ee-4524-8a43-d085317f3916
8738_0,7507f0d7-5b33-4204-8a25-10a04464a980
8869_0,b99935a0-8883-4ec0-96a2-74b1ef6fdb7a
8711_1,4511f4d5-94ad-402c-bb3a-09bb5afd914a
8933_1,a62a36a9-04b2-4370-93a5-08310d223a4f
8745_1,ef67f0c9-d0e7-4dfc-a779-11739075f2ee
8314_1,dcc588a1-516f-4f81-ac16-d5246dce1fa5
8857_0,c45bbbcc-343d-4890-980c-551cb9defbf8
8560_0,eb5c20d0-da3a-40a3-854e-d8d01915fd52
9422_1,cfcafb37-8157-41b5-87a8-25c8df314191
10146_0,b99935a0-8883-4ec0-96a2-74b1ef6fdb7a
8622_1,de66d65c-5011-4d5d-8ef9-6362e72773ee
9405_1,4e1397dd-82eb-4020-afcb-97afd02192c3
9098_1,a6cda60d-7709-4082-a00b-1f0b78b36b58
8486_0,aa08dfb7-94ee-4e12-879e-bc10553b8e51
8664_1,853c0f6e-0f4f-4963-bef5-eed34008650e
8802_0,d9792bf1-a2ff-4881-8918-19b9ad69c786
8642_0,71d2e529-bbbf-4e43-bf45-ca1c0284b9c0
9400_1,4df87897-782b-42ea-819a-26d26be2632b
8709_0,e81fd9e9-0dd2-4b50-bee4-bc03bcb8375c
9930_0,c31be34f-5bfb-4b29-8d48-33b50a1234fe
8097_1,8da5b066-03af-4495-acb5-82926726270c
10405_1,c5480bab-d9bb-4e3c-b6b5-15be287940b9
11178_1,97f63591-0dd6-4760-9153-e0fe3d6db737
8129_2,f0848078-de68-487f-a1bb-c465f7366427
8395_2,1383af09-9007-4192-881e-d5635bee37c9
8500_0,b99935a0-8883-4ec0-96a2-74b1ef6fdb7a
8431_0,ef22670f-fc3e-4bab-8483-a7c61cb8a329
8694_0,c7697047-f088-47a3-8a47-cbd00282eee6
8587_0,25a9a6d9-9000-4032-a40d-ea41ee1bac7f
8410_1,471b40d3-70c8-4861-ad64-5c7d9ddccc02
13091_1,09dca397-116c-4ffc-93ea-a5514bd309f0
8604_0,c5480bab-d9bb-4e3c-b6b5-15be287940b9
8323_1,4e37fa38-3e6f-4bbc-842f-037a0aa09b7e
8657_2,223753da-0b0e-4a7a-b74b-c270dd1c3e57
8625_0,c98b41b4-5191-414b-beae-b15667e08b88
7961_2,1b0fb73f-799e-40ec-925d-490fdf17038f
8304_0,b08d3ad8-71d4-4008-95cb-39fe9ff24b80
8765_0,9b86c8bf-7453-4656-b71c-f3e7785e6318
8927_1,feb4f911-33d1-460f-b60a-e7a790381cf6
8406_0,cf0bf09a-68d7-4636-9701-ffec17e199e7
8498_0,bdd641f1-7331-480d-90a6-fb75da399441
9182_1,48c7be64-9542-41c9-8603-e42d18906a50
13056_2,f1d9cf5d-e393-490f-839e-db4e54635d61
8428_1,4b57cf33-0ab2-4ea3-b55a-ae75a88dcf8b
8416_0,350f67f9-83fc-426f-845d-b9ebc05220d8
10005_1,3d8e2a5d-3ff6-493b-805e-ec0fa4833b5d
8663_1,84884245-d668-498b-9fde-eb62972e38f2
8946_0,0310086e-784f-4fc8-aa22-787cbb72892d
8368_0,1aff96b0-3742-497f-9aae-a9d94b92782f
8397_1,b1bcdcb4-7aa8-4e01-95f3-8048bfa24948
9086_0,e4182638-2f21-4838-94d3-0def401651ac
8741_1,b46a590f-cfdb-47f0-a7bc-233e19b4285f
9644_2,ef67f0c9-d0e7-4dfc-a779-11739075f2ee
8686_0,71d41e65-9da1-4f26-aa1c-8bc79733f91a
8905_1,ef67f0c9-d0e7-4dfc-a779-11739075f2ee
8426_0,1d99eab5-e143-4fc6-a8da-9f5cf3abd564
10032_0,0846ff49-eab0-41f3-aa46-d662f9f97b82
8445_0,088d1c60-c757-428c-a11c-c3aa29b148b4
8618_1,9ad143e2-6e66-467c-a4de-abe47df8b7db
8698_1,8d354ec4-5f36-408a-9daa-a01450fdf0e6
8599_0,ec764af5-30ce-4bb1-a0f2-287d68ad2e39
8478_0,1db3b403-a1b1-41d3-b78e-9854184d21a7
8879_0,720413af-4ea1-4b33-a6f1-075fc489bf3a
8613_1,a285343f-d443-4a87-9a9f-c8f5709d6591
8351_1,b9ad2cde-f4b9-4655-9c78-d2a87889a2c1
8948_2,e91e7dcb-d6c6-4b1f-8f1d-3dec074018b5
10752_1,b873b5c1-b57c-4c13-8e2d-5510e7ab39b7
8967_1,34c6af8e-5fa5-4756-a83c-622122e2654e
8394_1,d10814ca-8a4b-4c07-8b23-36a29a585b85
8436_2,a24e3a95-40b2-40fa-b93a-165347d17a2a
8610_0,78a8b5ed-301f-41a3-bc38-c0b76cbe275b
8504_0,6993d48d-8f46-4610-b206-985241c1127f
8870_0,6009a033-2407-401c-8e0a-a73be727ee38
8703_1,819c1847-5343-4fde-83fe-24c3bad3c49e
8534_1,ad6ba8bc-a680-41fd-a4aa-1551c50aeada
8616_i,9d419c51-cc6b-4e52-8030-6d7a1d3a74a4
8641_0,f2f09e32-1813-4615-8acb-773c1bb1408c
11440_1,4e8ed08c-c507-4e2e-8d89-cc12683682ad
9748_1,e36f97ae-bf04-40db-9d86-d4c18070c277
9787_1,be5ebe22-e6ad-4c45-af3f-32047b5b7a42
8668_i,e3b9a6ba-0fa8-400c-97e9-04b8618376ce
8579_0,e91e7dcb-d6c6-4b1f-8f1d-3dec074018b5
8693_i,573202e0-944a-4b78-94a8-56c118937217
8704_i,598f4890-2f41-4018-ae96-f98950073a87
8818_1,2a4a2107-16f1-4451-a7ce-da9f1864fcac
8725_0,a6082cf7-f462-4485-90a6-cdf0b01f7335
8337_2,83c9121c-ee2c-4268-8052-1e94b576a5aa
8714_i,0888f4c5-1897-4f33-94e4-17acc74c00f4
8766_1,7f3a18c2-ebdb-4feb-99f7-fb95d14c9dd6
8897_2,67ff7cb9-5699-4f98-959d-e2a4a0b94c34
9477_0,50bc1c4d-fdb3-45f1-97b2-1e98c8b4157b
8719_1,d00f0214-49ac-4e70-92eb-2e790e389e98
11134_2,9973a46c-fed8-45ed-b5d2-bfa9d2f67a52
8833_0,60cc9ac7-f289-4f3c-97f3-d6447fea0dc3
8832_2,c8a97255-ea17-4cef-8dbb-6ed9aa0a71c7
8712_0,883b49ad-f222-40b1-9f73-12f8aa265128
9724_2,e382969a-ce64-4884-91ff-1388a526b89b
8891_0,a7bd73a2-3bc2-41b5-864b-ce75b3769310
8667_1,cc0a7b81-4d31-44ed-8a5a-388528fc8907
10281_0,bcbc7079-b8bc-4379-88ef-287e763f901a
8658_2,a82fcead-365c-4501-b938-1d3388b565f3
8823_i,21db46e1-d5d9-45b5-9f66-45bf8a136f34
8814_0,e3af3920-4d01-407b-8d30-c510e6af7b4c
9103_2,e91e7dcb-d6c6-4b1f-8f1d-3dec074018b5
8839_0,41d414b3-d6c5-474d-9f29-324d446259ba
8673_0,e91e7dcb-d6c6-4b1f-8f1d-3dec074018b5
9121_0,e040f8c5-796c-4556-9cc8-aee6232309a5
9633_0,e91e7dcb-d6c6-4b1f-8f1d-3dec074018b5
9092_0,e6b417cf-e3af-49fc-b6a0-f170dafa0c13
8872_i,3f6704a1-33c7-4900-96ce-0e9156012e13
9207_2,e91e7dcb-d6c6-4b1f-8f1d-3dec074018b5
9081_2,cfe10f7f-5f85-48dc-9dfd-0abaac5b1b5d
9385_2,ae9e38c5-ba68-4a48-8b1a-d5f1fd65e090
9085_2,d890e55f-1a40-495c-b616-5758af95fa2a
8901_i,e0c0d711-70a6-4b3d-9832-4d3dbed6355f
8916_0,fc8bc34f-8eaa-4d73-8ecd-36000c6a475d
9126_0,fe3602fb-6c38-4409-b9b7-a472a4ea6144
8648_0,593894f3-f243-4ba6-a4a6-1260dda07850
10029_1,5126687c-23d8-4a3c-8507-37bb4de689ce
8912_i,d87f57f0-89ef-4e50-a558-e8c28bc7c9d6
8629_0,a627b03f-8e09-49aa-87ad-947fcf685bc2
9747_1,60759215-b40f-484e-bf5b-d340ac00b1b4
10401_1,c5480bab-d9bb-4e3c-b6b5-15be287940b9
9197_2,4b7f5722-530d-4fd6-8616-61ec4f36b28d
9017_0,ffd2f259-0277-495e-a84a-1431e30ef8c0
8873_0,6ea897b3-1f1e-4225-b40e-036333190900
9136_1,e91e7dcb-d6c6-4b1f-8f1d-3dec074018b5
9026_1,1abb74fb-41b3-4338-8d1b-74630650127a
9127_1,1b071d12-299f-4efc-a56e-95621870b913
9215_0,c898b695-dd7d-422f-9477-961870ef0cb2
9245_1,ad49fdff-3e0c-4448-8e8a-d8545708e7f8
9034_0,4df87897-782b-42ea-819a-26d26be2632b
9001_i,772e7b48-d54c-4802-80bc-1daa21942471
8902_0,cf2163cb-0090-4e46-a6d8-d97c83c23e5e
8941_0,a03cae96-47ee-4524-8a43-d085317f3916
9130_0,9a4cd3f5-0f82-4d64-adab-547b2ed1f7b5
9665_0,b99935a0-8883-4ec0-96a2-74b1ef6fdb7a
9683_0,1e9c56de-c834-4c7f-8c3a-6d97e82b48bb
8933_2,a62a36a9-04b2-4370-93a5-08310d223a4f
8745_2,ef67f0c9-d0e7-4dfc-a779-11739075f2ee
8783_0,297d8d51-83c7-46bc-8002-c044048c0752
9072_i,7436c775-b692-488c-bd75-ebbd6486ac21
8857_1,c45bbbcc-343d-4890-980c-551cb9defbf8
8560_1,eb5c20d0-da3a-40a3-854e-d8d01915fd52
9422_2,c48e2cd2-fbbf-4173-8448-18e3c650cb16
10146_1,b99935a0-8883-4ec0-96a2-74b1ef6fdb7a
9188_i,ddd07a91-94fb-47a7-89d3-248805b422a5
9196_i,d37f93d8-6b7a-46ae-87a8-c6d2c38582d5
9742_0,0c4d7696-4627-4294-af42-c5da0de324d2
9405_2,4e1397dd-82eb-4020-afcb-97afd02192c3
9098_2,a6cda60d-7709-4082-a00b-1f0b78b36b58
9240_i,c026b7dd-933b-4b9d-906f-12ad44cd96ea
10341_0,b4423424-8650-4f4a-a824-b1fea09a0a87
9259_i,eb5e6591-d933-4816-933d-5aad7e86318a
9522_0,2118ab04-7ec8-4e6c-be67-5cb04b9c6bc3
9318_0,d9792bf1-a2ff-4881-8918-19b9ad69c786
9288_0,f0cf91fd-f93d-42cd-9a65-bf37f2cc3f68
9400_2,4df87897-782b-42ea-819a-26d26be2632b
9377_0,7763a49a-0523-470b-babe-dce3223dca0d
9930_1,c31be34f-5bfb-4b29-8d48-33b50a1234fe
9997_0,ed96222b-8e0c-4b98-a060-3ec87c885e60
9291_i,92581894-42bd-47be-b95f-79a65fbffced
10405_2,c5480bab-d9bb-4e3c-b6b5-15be287940b9
11178_2,97f63591-0dd6-4760-9153-e0fe3d6db737
9769_0,47b16c79-6533-4ee6-860f-536704ba36d0
9295_i,e91e7dcb-d6c6-4b1f-8f1d-3dec074018b5
10204_0,beccc077-0cc3-4eb9-bdb9-28aa24f8592d
9189_0,b99935a0-8883-4ec0-96a2-74b1ef6fdb7a
9229_0,b99935a0-8883-4ec0-96a2-74b1ef6fdb7a
8934_0,760b9c7e-be6f-4569-94ab-35f98e23261d
10324_0,ce50022d-46a0-4d97-b8bf-5878a91a6a3b
13091_2,09dca397-116c-4ffc-93ea-a5514bd309f0
9461_0,b3928fde-6f58-4f24-a3ad-6e2274c4ac43
9312_0,4e37fa38-3e6f-4bbc-842f-037a0aa09b7e
10041_0,e5c9236b-7829-452f-9ced-94bfde0c4314
9252_0,c98b41b4-5191-414b-beae-b15667e08b88
8932_0,3fefdc01-5312-4011-a44e-7be01accf4cf
9562_0,10cc2c21-2fc2-4068-b694-62e7bd5f8fb4
9364_0,7ef78f0c-267d-4d5d-af58-7831c03065c1
9445_0,cb31af8e-7852-469e-beef-31d802113ad5
9319_0,aa01d2cd-0988-41c5-91e8-51b5f3a0dafc
10550_0,0d80c7b3-228a-466e-b51e-2ae1991c7d2c
13056_3,f1d9cf5d-e393-490f-839e-db4e54635d61
9473_0,87f47633-9422-42cf-9237-f5aef990d896
9443_0,3f6704a1-33c7-4900-96ce-0e9156012e13
10005_2,3d8e2a5d-3ff6-493b-805e-ec0fa4833b5d
8939_0,84884245-d668-498b-9fde-eb62972e38f2
9962_0,039accde-5ef8-45e3-ad7d-64ade25c6c99
13229_0,e90906da-ba87-4944-80c0-791c15faad34
9357_0,b1bcdcb4-7aa8-4e01-95f3-8048bfa24948
9693_0,efa9cdb5-8bba-4192-b3c5-e03eb46072ef
9586_0,5fcefeb4-4dca-4668-af2e-9fadb7b2f46e
9644_3,ef67f0c9-d0e7-4dfc-a779-11739075f2ee
9256_0,e2199ca4-36f0-4788-8f85-b01b6c0af2eb
9756_0,9fe14f70-5869-40a0-9e09-2bd66826c941
9659_0,bde0ab30-8fd9-4bcc-80e0-c3997c4b390c
10032_1,0846ff49-eab0-41f3-aa46-d662f9f97b82
9551_0,6a4b6a0d-c218-4750-946a-1cb40769b9ab
9493_0,9ad143e2-6e66-467c-a4de-abe47df8b7db
11796_0,ba148e53-f0b8-41fb-b095-1761fd3bde11
9397_i,c788b6c1-8114-4aa9-a883-fa8df1129482
10183_0,ba05a657-73b2-46c4-aabc-e07952cab3ec
9401_i,d0c7011a-46f1-4b3a-800f-3d9fc7e4ed8e
9983_0,df01490d-914e-4955-80b0-225d4d273d03
9403_0,30cc560b-f885-4e5f-aba2-4f8799502296
8613_2,a285343f-d443-4a87-9a9f-c8f5709d6591
9392_0,e17b9003-9727-418f-b4cf-fcb964965bd4
9420_i,6ad8a0ed-9445-4cf4-937e-4fbb18c6488b
9594_0,e91e7dcb-d6c6-4b1f-8f1d-3dec074018b5
10752_2,b873b5c1-b57c-4c13-8e2d-5510e7ab39b7
9687_0,c2126155-50a7-4a90-a79a-c02d686e81e7
9437_0,d10814ca-8a4b-4c07-8b23-36a29a585b85
8619_0,c5d036d4-a789-4bf5-8eaa-6fd63cad1e59
9587_0,e91e7dcb-d6c6-4b1f-8f1d-3dec074018b5
8504_1,6993d48d-8f46-4610-b206-985241c1127f
10058_0,6009a033-2407-401c-8e0a-a73be727ee38
9453_i,420c4265-1e5f-4ec0-9308-50589bb17149
10364_0,606c2f9a-3ad5-4a08-a857-d45a5a5df927
9498_0,6ddfae22-2a02-474e-a046-daa8221ee2bf
10065_0,6ed1de50-5267-42f4-afa7-26cb21ecee12
11440_2,4e8ed08c-c507-4e2e-8d89-cc12683682ad
9748_2,e36f97ae-bf04-40db-9d86-d4c18070c277
9491_i,6b5c75df-ff80-4d81-b47b-35f2b94c73ac
9787_2,be5ebe22-e6ad-4c45-af3f-32047b5b7a42
9436_0,e3b9a6ba-0fa8-400c-97e9-04b8618376ce
9501_i,d54d92de-7fc7-4bb2-b167-7bc6049257ef
9504_i,de6dbb67-579d-43f3-934a-8253d4f9981c
8986_0,8d134ec6-6d22-425d-bfe0-66bd701f1471
9567_0,cefb50a8-93da-4224-941a-3cf442d6d9a7
9521_0,ae35f86e-b0c7-44dc-aeaf-3c21f46a3034
9517_0,a6082cf7-f462-4485-90a6-cdf0b01f7335
9375_0,b76a5bfe-b1f7-4f69-ae3b-e8f626256d17
10167_0,26c9cff6-e0fb-4d9b-b6c9-469130418b68
9560_0,4c74b339-3185-4cf9-9722-64192cc3e0e8
10819_0,0068935f-1689-4119-b205-9dfc6670808e
10363_0,50bc1c4d-fdb3-45f1-97b2-1e98c8b4157b
9778_0,9f51c8f3-a225-4823-a84b-9aa9d51307b4
11134_3,9973a46c-fed8-45ed-b5d2-bfa9d2f67a52
9574_i,9f2ce6c1-d7e6-4018-9745-6c5248c08d3b
9790_0,e17b9003-9727-418f-b4cf-fcb964965bd4
10431_0,58d9bd47-1393-4c6c-b6fd-cdfef867c789
9724_3,e382969a-ce64-4884-91ff-1388a526b89b
9470_0,a7bd73a2-3bc2-41b5-864b-ce75b3769310
8667_2,cc0a7b81-4d31-44ed-8a5a-388528fc8907
10281_1,04005216-6344-4dc6-99cf-f255da86b4c9
10111_0,a82fcead-365c-4501-b938-1d3388b565f3
9784_0,8f896bcd-ff66-44f5-bf97-34a8640ad68f
9649_0,e3af3920-4d01-407b-8d30-c510e6af7b4c
9103_3,d1339e4d-bd0b-41ca-b0c2-c090f815f611
9624_i,9631778f-7af7-4720-b69c-e56d218ed076
9627_i,bba068fc-332b-421a-ac7b-4fe28de5c1cf
9634_i,345b55c2-45db-4a65-88f3-785c93935594
9638_i,cfd50e58-c3bd-413c-bfc8-9ec211f54532
10314_0,94a13a20-ac75-4fdd-b4c3-f8957a860d4e
9929_0,e040f8c5-796c-4556-9cc8-aee6232309a5
9633_1,e91e7dcb-d6c6-4b1f-8f1d-3dec074018b5
9658_i,12ee7ab9-77b5-4074-b0cd-5f125dca1a01
9726_0,e6b417cf-e3af-49fc-b6a0-f170dafa0c13
9833_0,3f6704a1-33c7-4900-96ce-0e9156012e13
9207_3,e91e7dcb-d6c6-4b1f-8f1d-3dec074018b5
10017_0,9cd7dee0-f195-44f9-91b0-915a7782c61d
9722_0,ae9e38c5-ba68-4a48-8b1a-d5f1fd65e090
10379_0,d890e55f-1a40-495c-b616-5758af95fa2a
9676_i,019b4e4b-ac3c-4324-85ac-cf62df61c397
9861_0,fe3602fb-6c38-4409-b9b7-a472a4ea6144
9044_0,9f9366aa-86d2-4b0e-8858-e7c66c9e592f
10029_2,5126687c-23d8-4a3c-8507-37bb4de689ce
9771_0,d87f57f0-89ef-4e50-a558-e8c28bc7c9d6
9926_0,a627b03f-8e09-49aa-87ad-947fcf685bc2
9747_2,5d997048-b4f7-4e8c-902c-bb5334d22cf1
10401_2,c5480bab-d9bb-4e3c-b6b5-15be287940b9
11280_0,d3a721e2-5fec-44d1-8946-539ed9742f12
9867_0,d1268661-1b5b-4e8f-949c-945c4a66b624
9990_0,47c8400f-9b07-4df3-bce2-dad13676a93c
9835_0,ece2f413-1c79-40e5-95c8-5a9340daf57b
9615_0,3f6704a1-33c7-4900-96ce-0e9156012e13
10228_0,8169c85b-7b3c-4471-9cfb-f6ce772b9f5d
9847_0,c898b695-dd7d-422f-9477-961870ef0cb2
9663_0,ad49fdff-3e0c-4448-8e8a-d8545708e7f8
9678_0,cefb50a8-93da-4224-941a-3cf442d6d9a7
9752_0,772e7b48-d54c-4802-80bc-1daa21942471
10226_0,9d8f6d68-f5c4-484f-9260-e1a3810bafdb
9758_0,a03cae96-47ee-4524-8a43-d085317f3916
11060_0,0e64543d-c2fe-4c3a-ba49-e2193e60e0fb
9665_1,b99935a0-8883-4ec0-96a2-74b1ef6fdb7a
9781_i,63f4da67-da23-41a6-b3be-baae5bbed0e2
9642_0,bfda1a4b-9ce7-4797-bc7b-e845b3d26a30
10142_0,e11bfb11-bd53-4f6f-ae2a-a058f5489127
9844_0,256ff265-fc15-40e0-9a45-46898ea0e59e
9965_0,2bad25a1-047d-407f-9f43-ed163eaa702d
9870_i,9a3d55b4-df68-4730-9df4-9e880782f4ff
8560_2,eb5c20d0-da3a-40a3-854e-d8d01915fd52
10146_2,b99935a0-8883-4ec0-96a2-74b1ef6fdb7a
9993_0,2c2f9323-7de3-4467-ae7a-36eba08df415
9942_i,4a0abb20-85ee-4cf2-99cd-2a87c16396b4
10318_0,28dddeb3-cd97-44b8-8e6b-25e4c10f9096
9984_0,2a57e423-82df-4df9-81ac-5e14bc3c2cca
9405_3,4e1397dd-82eb-4020-afcb-97afd02192c3
9960_i,65de8ca7-c7ae-43d1-aa4e-ae22e9897971
9961_i,226c1612-eb4e-4fbc-8a0c-bf7d58fe3487
9854_0,4aa2778d-43b6-4950-80c2-59c40ed00fff
9970_0,d0e3245e-efd8-40d9-bbfa-91a84f2db52b
10341_1,b4423424-8650-4f4a-a824-b1fea09a0a87
9998_i,d57a5fa2-611a-41e0-a8af-8d50188deae9
9895_0,e91e7dcb-d6c6-4b1f-8f1d-3dec074018b5
10269_0,81a231db-5005-490d-aef6-7770d531c7df
10988_0,50e0a9b5-a558-4d27-93a6-256f2c6593ae
9849_0,5f38baf9-d2cb-4e50-b952-c50763210606
9853_0,4df87897-782b-42ea-819a-26d26be2632b
10265_0,b99935a0-8883-4ec0-96a2-74b1ef6fdb7a
9930_2,c31be34f-5bfb-4b29-8d48-33b50a1234fe
10024_0,c8ddf160-e7b5-45bc-bb1f-9bf23938eca2
10031_0,92581894-42bd-47be-b95f-79a65fbffced
10405_3,c5480bab-d9bb-4e3c-b6b5-15be287940b9
11178_3,97f63591-0dd6-4760-9153-e0fe3d6db737
9769_1,47b16c79-6533-4ee6-860f-536704ba36d0
10116_0,d28f20e8-1a79-4e8f-8b3c-8664c24028d1
10204_1,beccc077-0cc3-4eb9-bdb9-28aa24f8592d
9460_0,b99935a0-8883-4ec0-96a2-74b1ef6fdb7a
10360_0,544e9151-54ce-4e65-a206-b64df0db6926
10051_i,e9746090-3c3c-46c7-851b-b0e9b72f2a02
10224_0,b481b117-72f7-4c7d-a290-284f33d3e12d
10324_1,ce50022d-46a0-4d97-b8bf-5878a91a6a3b
13091_3,09dca397-116c-4ffc-93ea-a5514bd309f0
10007_0,8b8ca050-fba8-4478-863a-2356274704f8
10145_0,2a904a68-c5cf-4db5-ba4c-e2c1e6c117d0
10041_1,e5c9236b-7829-452f-9ced-94bfde0c4314
10068_i,acae9446-8f65-4248-8592-b556206fb8e1
12098_0,70dded1d-7a5f-4cf8-a211-a923976b8b79
10241_0,7ef78f0c-267d-4d5d-af58-7831c03065c1
10125_0,bb79ea71-17aa-4fe6-8840-0440bbda229a
10550_1,714fb1d9-fc0d-417d-8de8-7fb40827c7ee
13056_4,f1d9cf5d-e393-490f-839e-db4e54635d61
10113_0,87f47633-9422-42cf-9237-f5aef990d896
10091_i,f54ce979-df62-4cfc-83d0-f63584fd261c
12697_0,7972cc62-ab60-4a13-a6c6-14017feb00ad
10005_3,3d8e2a5d-3ff6-493b-805e-ec0fa4833b5d
9954_0,84884245-d668-498b-9fde-eb62972e38f2
10922_0,039accde-5ef8-45e3-ad7d-64ade25c6c99
13229_1,e90906da-ba87-4944-80c0-791c15faad34
10107_i,50e0a9b5-a558-4d27-93a6-256f2c6593ae
10332_0,b1bcdcb4-7aa8-4e01-95f3-8048bfa24948
10042_0,ef05b7d7-68ff-463b-8b34-a15f400a4c68
9816_0,5fcefeb4-4dca-4668-af2e-9fadb7b2f46e
12130_0,3e0debd7-a915-49c2-92fc-bc3d288bfada
10110_0,bd5f085f-0c21-4d9a-b131-b3519c85521f
9659_1,bd5f085f-0c21-4d9a-b131-b3519c85521f
10857_0,50129c76-ed77-4510-b89d-5a871b9b0a05
12122_0,a280b653-1cfb-4c74-b7a8-c82a805e628f
10350_0,9202c860-2e24-40cc-878d-fc2da3640e5c
11796_1,ba148e53-f0b8-41fb-b095-1761fd3bde11
10183_1,ba05a657-73b2-46c4-aabc-e07952cab3ec
10591_0,d0c7011a-46f1-4b3a-800f-3d9fc7e4ed8e
11453_0,df01490d-914e-4955-80b0-225d4d273d03
10525_0,1823ac4a-1cc4-425b-a83c-f40744d33a68
10267_0,e17b9003-9727-418f-b4cf-fcb964965bd4
10190_0,6ad8a0ed-9445-4cf4-937e-4fbb18c6488b
10088_0,e91e7dcb-d6c6-4b1f-8f1d-3dec074018b5
10752_3,b873b5c1-b57c-4c13-8e2d-5510e7ab39b7
10134_0,4ca7989a-d3be-413b-a8e8-71da4b69dab0
10851_0,e66c6616-ab4f-4faf-bafa-9ceb9f06435f
9657_0,861d0074-48b8-4c67-92c0-6b2b629e69e9
8504_2,6993d48d-8f46-4610-b206-985241c1127f
10214_i,8568633c-ba62-4ca1-8978-680ff367f55f
10362_0,6009a033-2407-401c-8e0a-a73be727ee38
10475_0,7664871f-190b-4eaa-a5e7-86896f897d79
10364_1,606c2f9a-3ad5-4a08-a857-d45a5a5df927
10398_0,0dc7cba6-f1a8-4a22-ab2b-77dede682169
10211_0,b4763ed6-4633-4d70-8484-98685c4d054b
11440_3,4e8ed08c-c507-4e2e-8d89-cc12683682ad
10148_0,e36f97ae-bf04-40db-9d86-d4c18070c277
9999_0,de7a8def-2c31-41a9-926a-d755a6be379a
10037_0,be5ebe22-e6ad-4c45-af3f-32047b5b7a42
9436_1,e3b9a6ba-0fa8-400c-97e9-04b8618376ce
10665_0,0489d8e2-4d3c-4d02-b662-eebacfe33f2c
10311_0,de6dbb67-579d-43f3-934a-8253d4f9981c
11011_0,674e1803-b6db-4bbd-80f9-2ca02aa838d4
10420_0,00dfd5ba-eb9e-4ee6-b270-80dc184a2ce7
10223_0,233b7c11-3862-4505-9dda-c78a00c0cb71
10059_0,d1af765d-48b6-4939-8de2-5a7d630bc954
10167_1,26c9cff6-e0fb-4d9b-b6c9-469130418b68
10777_0,4c74b339-3185-4cf9-9722-64192cc3e0e8
10819_1,0068935f-1689-4119-b205-9dfc6670808e
10363_1,50bc1c4d-fdb3-45f1-97b2-1e98c8b4157b
10387_0,ac097f97-e2fc-4fa4-bd6d-f08a98486c1a
11134_4,9973a46c-fed8-45ed-b5d2-bfa9d2f67a52
10284_0,8415ca0d-08d8-4993-bcce-7ebf0a04b321
10048_0,e17b9003-9727-418f-b4cf-fcb964965bd4
10431_1,58d9bd47-1393-4c6c-b6fd-cdfef867c789
10456_0,e382969a-ce64-4884-91ff-1388a526b89b
11109_0,1fe35a8f-7f7c-4f58-89da-8d304c398145
10359_i,c3ac2f5a-cadb-4314-9751-b86927da7fe2
10261_0,cc0a7b81-4d31-44ed-8a5a-388528fc8907
10355_0,c77be99f-c9d1-481b-a674-349c91b2cb8b
10307_0,a82fcead-365c-4501-b938-1d3388b565f3
10514_0,21db46e1-d5d9-45b5-9f66-45bf8a136f34
10481_0,98b3d405-883e-4f7c-b86f-07d9386fe9ab
10795_0,70c220f2-a62b-4ec6-a26f-cc5e91d3d34a
10911_0,e0a3e0aa-160c-4361-ae51-d1b910cff111
12592_0,345b55c2-45db-4a65-88f3-785c93935594
10422_0,81da9cce-19b1-4ec2-a9ef-c2d33ba6c418
10314_1,94a13a20-ac75-4fdd-b4c3-f8957a860d4e
10499_0,e040f8c5-796c-4556-9cc8-aee6232309a5
11769_0,e6b417cf-e3af-49fc-b6a0-f170dafa0c13
10644_0,4f4a8676-f9e2-42d9-b82b-02a80cbcdc9b
11054_0,84019db0-642e-474b-9440-91b0e120f660
11535_0,84019db0-642e-474b-9440-91b0e120f660
10596_0,e2f2dde2-ac1a-4de3-844f-67898a623d87
10768_0,bd0c219b-8241-4f19-b986-cc2df21df512
10623_0,d0f224fe-dd9a-42d1-a5ee-945a5fc69e5b
10143_0,5126687c-23d8-4a3c-8507-37bb4de689ce
10629_0,c5480bab-d9bb-4e3c-b6b5-15be287940b9
10197_0,efc1dc5a-7fe5-45c5-b689-18d13d27d8ed
12142_0,0d588ccd-f24b-4e2c-8da8-073fc602e741
10494_0,c5480bab-d9bb-4e3c-b6b5-15be287940b9
11280_1,d3a721e2-5fec-44d1-8946-539ed9742f12
10822_0,2aa58589-30ae-487e-bf9d-47067551914b
12083_0,84019db0-642e-474b-9440-91b0e120f660
10793_0,84019db0-642e-474b-9440-91b0e120f660
11051_0,84812c1f-0958-4165-8d9f-8c476ffbb7e6
11984_0,5165d62a-7de7-4297-a854-9cfcdbc9a7bd
10501_i,1c700a46-a750-4597-b174-02125fd63d9b
10805_0,97c1bc85-47c4-4bea-b26b-232c086e9ae7
10535_i,28dddeb3-cd97-44b8-8e6b-25e4c10f9096
10692_0,772e7b48-d54c-4802-80bc-1daa21942471
11353_0,a84cc463-4d46-4676-998a-6aaf0de5d3d1
11238_0,f026c33a-6b1c-4cb8-b383-3f6c3c05ee91
10556_i,be736430-96c9-49fe-9e84-4412d034bca6
11060_1,0e64543d-c2fe-4c3a-ba49-e2193e60e0fb
10658_0,b99935a0-8883-4ec0-96a2-74b1ef6fdb7a
11754_0,63f4da67-da23-41a6-b3be-baae5bbed0e2
11840_0,8c1cb352-cd2d-4e77-8bfd-ba581978ae4d
11093_0,82aa9c39-ac81-4c17-8f15-e0992e5d51d7
10185_0,a5dff29b-e8a1-4344-bcf6-7f2ef07181b5
10686_i,45e8eae2-539d-4a19-b735-e483a0d233ce
10863_0,052c1bff-2abc-4d88-a02c-ed6ad6a68eb7
8560_3,eb5c20d0-da3a-40a3-854e-d8d01915fd52
11248_0,f7a49628-0d2d-46bb-9d6d-da36d1e71846
10750_0,2c2f9323-7de3-4467-ae7a-36eba08df415
10994_0,f55aa2a3-d386-4f45-a3eb-f3ba5a8208a8
10789_0,28dddeb3-cd97-44b8-8e6b-25e4c10f9096
11394_0,cc567ef1-0c79-4917-bff0-44e1b92c1383
9405_4,4e1397dd-82eb-4020-afcb-97afd02192c3
10745_0,c863d8af-c036-4f1a-aebd-1c8f92fefade
10730_0,5f046b3c-c63d-4c19-9db3-617c9817564e
10536_0,4aa2778d-43b6-4950-80c2-59c40ed00fff
10969_0,82d7d74f-fe70-4c9c-b8f0-a272f8c985f4
10776_0,d42c7c50-508b-4833-9dde-a79b835c55ee
10993_0,8fd23b16-7009-4797-b0bd-afe6986f2149
11113_0,5892e201-8fbe-4683-8c4e-8695e628d441
10988_1,50e0a9b5-a558-4d27-93a6-256f2c6593ae
11321_0,97c1bc85-47c4-4bea-b26b-232c086e9ae7
10901_0,bc394e3a-7d87-455e-9629-77d6f1ec20bf
10986_0,c31be34f-5bfb-4b29-8d48-33b50a1234fe
11237_0,c8ddf160-e7b5-45bc-bb1f-9bf23938eca2
11493_0,c7039782-c2d4-4cd2-94f4-092962e4799a
10830_0,763c8dcf-6e5f-40df-9179-88201a186dbc
10916_i,8fd23b16-7009-4797-b0bd-afe6986f2149
11178_4,97f63591-0dd6-4760-9153-e0fe3d6db737
10965_0,86d844f3-8bc8-4375-9a26-79e41528e74c
11025_0,9655058c-68eb-470b-a9b8-8d9bc068fea1
10204_2,beccc077-0cc3-4eb9-bdb9-28aa24f8592d
10773_0,578ceff4-1f2d-4934-bb3c-32021baeae02
10989_0,5c3fc2df-67b3-481d-9ff1-3e3ea72ef4fd
12055_0,4e767582-95bd-4ba5-8cd9-c6ef19b74bc8
10879_0,a6ae7bb7-6387-4c6d-8d73-34cc429312d6
13091_4,09dca397-116c-4ffc-93ea-a5514bd309f0
10979_0,f31db2f9-5260-42dd-89a1-0dbedccbe874
11023_0,381e8708-7a0e-4377-b40d-595cf06588d8
11098_0,51005702-4afc-45bd-a675-f1846ff586e4
11527_0,c01a234a-87e6-41f9-8378-36c3cbbb1cca
10973_i,3e67cc0c-886f-4293-95d5-848c6b6f7acd
12098_1,70dded1d-7a5f-4cf8-a211-a923976b8b79
11095_0,b63c0f2f-5ab9-4ff6-8fe5-3e952e0e1b24
10983_0,19124932-3d71-4561-9f90-126a2eec56b6
13056_5,f1d9cf5d-e393-490f-839e-db4e54635d61
10964_0,87f47633-9422-42cf-9237-f5aef990d896
12697_1,7972cc62-ab60-4a13-a6c6-14017feb00ad
11345_0,2173cb56-e1c3-4a1c-bdeb-d603b77fd851
12653_0,9658991c-d7c5-4617-a662-0bb3296e25b7
13229_2,e90906da-ba87-4944-80c0-791c15faad34
11645_0,ceea244a-1b22-4838-97dc-90ecf5493cdf
10974_0,459f17c5-4efa-44db-a8a4-7ffbf9ceffbe
10791_0,678d36c8-dbbc-4149-9337-2a62532109d1
10971_0,5fcefeb4-4dca-4668-af2e-9fadb7b2f46e
12130_1,3e0debd7-a915-49c2-92fc-bc3d288bfada
11506_0,42e5f8ce-7267-4eed-bc07-35a84544d16b
11730_0,cb45190b-b68f-4002-b114-cace9b6099d3
12122_1,a280b653-1cfb-4c74-b7a8-c82a805e628f
11049_0,91c06ad6-69aa-4e84-9609-935c0cb52fd0
11796_2,ba148e53-f0b8-41fb-b095-1761fd3bde11
12149_0,310fba3f-1d44-476c-a8ad-dc36de5d0a29
10882_0,3b5923e2-e03b-4338-a91a-ccd414d5ec7e
11453_1,df01490d-914e-4955-80b0-225d4d273d03
11079_0,1c152d52-ae6b-4798-868f-544f5adeeafb
11376_0,fff16acc-d6d2-43ef-b032-8a86de561544
11030_0,6ad8a0ed-9445-4cf4-937e-4fbb18c6488b
11397_0,f7a39fa6-6ade-468a-b56c-1e5687f2a6f7
11301_0,86427d7a-a94b-4ee4-b0b5-f14bfda45046
10851_1,e66c6616-ab4f-4faf-bafa-9ceb9f06435f
11721_0,66bc2425-7945-495b-ba65-2c6ebbf749ac
11013_0,e46fa822-e879-4c7d-9254-e8cf4d1560df
11201_0,c3059e36-39c8-4d5e-8d06-412ff3f44926
12880_0,b73b1681-3b5a-4997-b8c0-d667e8b7aa90
11071_0,650d36f3-bf01-4f04-80e3-60f1816c6d51
11173_0,098b017a-8788-44ed-82ca-14b3b2312ee8
11118_0,21899a48-ba0a-4e2b-983e-b7a9966f5641
11440_4,4e8ed08c-c507-4e2e-8d89-cc12683682ad
10868_0,e36f97ae-bf04-40db-9d86-d4c18070c277
12479_0,f1709101-49c1-42dc-9f46-8a772a7ee6cf
11037_0,73cb499f-1262-4c9e-8a3f-15a51819dbf4
10997_0,02879a09-6647-43ea-a6ac-b1c4a25fe50a
11115_0,de6dbb67-579d-43f3-934a-8253d4f9981c
11011_1,8fd23b16-7009-4797-b0bd-afe6986f2149
11377_0,9883fdb9-13e9-4af1-9b15-dc9af7e68fa5
11614_0,f7a39fa6-6ade-468a-b56c-1e5687f2a6f7
12106_0,a94ba108-b5e4-4269-bc32-366cf42d3f03
11324_0,d0652889-b86d-41ac-bd4b-b11f3f67cc3f
11134_5,9973a46c-fed8-45ed-b5d2-bfa9d2f67a52
11382_0,24d1e340-3d2a-4b22-93ae-58e818b008d9
11985_0,e2dc274b-1618-4e67-9198-345146e90631
11625_0,a7787682-5644-43ce-95fa-3e3648655ce7
11273_0,e382969a-ce64-4884-91ff-1388a526b89b
11165_0,1fe35a8f-7f7c-4f58-89da-8d304c398145
12286_0,8b9718e9-827f-40dd-a45a-a3e9a3017af0
12103_0,549dbfd0-14c1-4617-bba2-3dbc849abb65
11920_0,cf2c7941-ad0a-4bb4-b0ff-db640d9e113a
11407_0,92cc74f3-3396-4a44-8acf-6b1ddc1fb557
11202_0,9f7f8843-911d-4c05-83a1-35a24ec150e9
11015_0,9c41e6c5-480f-47ac-b062-e6ee36ede5c5
11902_0,e0a3e0aa-160c-4361-ae51-d1b910cff111
12592_1,345b55c2-45db-4a65-88f3-785c93935594
11287_0,2b3d5c1b-b3d9-4d01-838b-e1175f47a1f6
11260_0,e040f8c5-796c-4556-9cc8-aee6232309a5
11284_i,075a5511-0ef9-4cf5-9b2d-f2c74a14203a
11769_1,e6b417cf-e3af-49fc-b6a0-f170dafa0c13
11334_0,24bcd930-d43f-40c4-ae16-427f5540f965
11054_1,f7a39fa6-6ade-468a-b56c-1e5687f2a6f7
11535_1,f7a39fa6-6ade-468a-b56c-1e5687f2a6f7
11426_0,3b5923e2-e03b-4338-a91a-ccd414d5ec7e
11599_0,0244624b-9bbe-4f6e-888c-0f47a4f42fe0
11344_0,6170e0ff-ab98-43e0-b850-a80c6f4a013a
11240_0,522a3d5e-b6d6-4aea-b5a9-50a619382efb
10844_0,febdf00f-fb8d-4997-b10b-0bc952eb88a2
11822_0,76fc44a7-3145-4208-8038-1d1294d477b6
12142_1,0d588ccd-f24b-4e2c-8da8-073fc602e741
11732_0,7c7a3ba4-c7fc-40aa-b991-43a63e26e63b
12855_0,c32b3c2e-f6af-4aee-904f-d73eddab4769
11617_0,2aa58589-30ae-487e-bf9d-47067551914b
12083_1,84019db0-642e-474b-9440-91b0e120f660
10793_1,84019db0-642e-474b-9440-91b0e120f660
11373_i,eb705f2f-30e3-406a-8707-8bf911a39b4a
12202_0,c0447693-439e-4ee1-a949-aa0eda3ac9f7
11984_1,5165d62a-7de7-4297-a854-9cfcdbc9a7bd
11412_i,33a10bc1-830e-4d29-bf3d-5c64403e30ae
11465_0,97c1bc85-47c4-4bea-b26b-232c086e9ae7
11035_0,297153ce-40b5-459a-8e93-6ddff2ec8ec7
11763_0,ab9251a3-83db-454d-afd5-56ba1181471a
11353_1,a84cc463-4d46-4676-998a-6aaf0de5d3d1
11421_0,f026c33a-6b1c-4cb8-b383-3f6c3c05ee91
11878_0,c01a234a-87e6-41f9-8378-36c3cbbb1cca
11447_i,cc7d52d8-8219-42a0-94f2-00c496b3dea8
11930_0,42e5f8ce-7267-4eed-bc07-35a84544d16b
11515_0,f7a49628-0d2d-46bb-9d6d-da36d1e71846
11754_1,63f4da67-da23-41a6-b3be-baae5bbed0e2
11840_1,8c1cb352-cd2d-4e77-8bfd-ba581978ae4d
11508_i,3e397cfd-e3fe-4aee-88c5-a9f536fc4185
11816_0,4c7aaf79-d4e0-4f3a-b8f4-40703e1beaec
11860_0,26c30188-4a3e-4be1-a880-13db009d11ea
11571_0,8d230584-424c-4216-9f37-df2bbcce5d17
12136_0,052c1bff-2abc-4d88-a02c-ed6ad6a68eb7
11261_0,b5725a91-87ac-4f27-bc14-6a533dfeebbe
10886_0,24bcd930-d43f-40c4-ae16-427f5540f965
11662_0,5b3879de-caaa-4e03-b0d2-421f4e332c50
12454_0,f664cc0e-7fb6-4546-be79-0185c93496de
11572_0,cc567ef1-0c79-4917-bff0-44e1b92c1383
12226_0,f8da6ff8-e276-4a45-8bca-96d2af14c2ed
11739_0,eef83251-4be2-4dfc-9167-ea57cbf9a314
12677_0,72e814d5-e77d-4a6a-b732-dcc75b26e36d
12198_0,29c74488-bb29-45e8-bfec-fd65510f62da
11664_i,a049cb63-517b-41a2-aa7c-9d94e17c9666
11783_0,d42c7c50-508b-4833-9dde-a79b835c55ee
12206_0,8fd23b16-7009-4797-b0bd-afe6986f2149
12230_0,3818b866-2101-43ca-a4ba-42ec66c6f85d
14441_0,1ee2943a-982c-47b1-aa74-af7001ccdcdd
11468_0,95d77609-82fb-49de-9816-4fa817309fe6
12139_0,ed96222b-8e0c-4b98-a060-3ec87c885e60
11567_0,c7039782-c2d4-4cd2-94f4-092962e4799a
11727_0,8fd23b16-7009-4797-b0bd-afe6986f2149
11767_0,86d844f3-8bc8-4375-9a26-79e41528e74c
12620_0,f1d9cf5d-e393-490f-839e-db4e54635d61
11446_0,2e3a4749-f849-4c5a-884c-39dde30e47b5
12377_0,c92813b0-2225-45af-affa-0d3763bb8ccf
11820_0,d77437d4-2661-4635-aad0-40f62911b8cc
12055_1,4e767582-95bd-4ba5-8cd9-c6ef19b74bc8
13091_5,09dca397-116c-4ffc-93ea-a5514bd309f0
11746_0,3bc20307-1a0c-44c5-a910-b5c67e2a879a
11750_0,e4aee957-eb8f-42ec-a6e8-5ab5a91a29cc
12760_0,51005702-4afc-45bd-a675-f1846ff586e4
11641_0,f7a39fa6-6ade-468a-b56c-1e5687f2a6f7
12091_0,88f27559-f298-4652-a41a-424b72929ce7
12098_2,70dded1d-7a5f-4cf8-a211-a923976b8b79
12084_0,cdf10a63-0588-4783-b1f8-d705d5b59b2f
11780_0,9ad20e18-9c49-4487-a08e-823efede54b6
13056_6,f1d9cf5d-e393-490f-839e-db4e54635d61
12138_0,34f744d2-77d0-4f0f-ad1b-47fe75ab83fa
12697_2,7972cc62-ab60-4a13-a6c6-14017feb00ad
13905_0,1a54b235-aa1e-4303-8869-178df58f677d
12653_1,9658991c-d7c5-4617-a662-0bb3296e25b7
13229_3,e90906da-ba87-4944-80c0-791c15faad34
11958_0,ceea244a-1b22-4838-97dc-90ecf5493cdf
11668_0,85621e13-da54-476c-a5c3-c6e707874c2b
11993_0,bfb42eaf-cc24-426b-bc04-89e356c85f52
12199_0,d66f372c-1e9f-4bf9-aaa3-99112d58afd1
12130_2,42e5f8ce-7267-4eed-bc07-35a84544d16b
11775_0,7116a0c4-1018-4966-801a-f2891553740e
12942_0,b8c6d5d8-d4ea-4ebe-8bec-96d3672473d7
12122_2,a280b653-1cfb-4c74-b7a8-c82a805e628f
11823_0,91c06ad6-69aa-4e84-9609-935c0cb52fd0
11796_3,ba148e53-f0b8-41fb-b095-1761fd3bde11
12149_1,310fba3f-1d44-476c-a8ad-dc36de5d0a29
11899_0,3b5923e2-e03b-4338-a91a-ccd414d5ec7e
11970_0,77356ea6-6bd3-48e3-911a-268e6fb8e06c
11897_0,1c152d52-ae6b-4798-868f-544f5adeeafb
11962_0,e2dc274b-1618-4e67-9198-345146e90631
12067_0,6ad8a0ed-9445-4cf4-937e-4fbb18c6488b
12767_0,f1d9cf5d-e393-490f-839e-db4e54635d61
12674_0,86427d7a-a94b-4ee4-b0b5-f14bfda45046
11978_0,275d8064-e27e-4ad5-865e-d0e4bbe80790
11721_1,66bc2425-7945-495b-ba65-2c6ebbf749ac
12504_0,e46fa822-e879-4c7d-9254-e8cf4d1560df
12293_0,c3059e36-39c8-4d5e-8d06-412ff3f44926
12880_1,b73b1681-3b5a-4997-b8c0-d667e8b7aa90
13199_0,b14a96ce-ea35-43d8-8d1c-f59551263df0
11950_0,d7a8450d-a316-48e3-830f-815d3aaa0ed8
12540_0,40d806b5-ce97-483b-b990-d6da5409e990
11440_5,4e8ed08c-c507-4e2e-8d89-cc12683682ad
12205_0,408a27a9-a377-4c12-989e-1e5552f84579
12479_1,f1709101-49c1-42dc-9f46-8a772a7ee6cf
11037_1,48cf6a64-3a7f-4311-9d06-c7f0329172d1
12076_0,de6dbb67-579d-43f3-934a-8253d4f9981c
11595_0,c757c707-2caa-49c1-a259-269e89da13f3
11844_0,d7332009-74be-43a4-83d8-e6febcf065c5
11969_0,dd70c481-1928-438e-8920-8ca518bfee5e
12106_1,a94ba108-b5e4-4269-bc32-366cf42d3f03
12127_0,0edea388-9d9e-492d-8682-33e009875ed5
11134_6,9973a46c-fed8-45ed-b5d2-bfa9d2f67a52
12066_0,7cad15de-cda3-4cd3-b941-745a61e61c55
11985_1,e2dc274b-1618-4e67-9198-345146e90631
14003_0,80f50d51-0a5a-4e55-b06f-7ae789d0b09e
11286_0,e382969a-ce64-4884-91ff-1388a526b89b
12145_0,1fe35a8f-7f7c-4f58-89da-8d304c398145
12286_1,8b9718e9-827f-40dd-a45a-a3e9a3017af0
12103_1,549dbfd0-14c1-4617-bba2-3dbc849abb65
11920_1,0299dd97-3c19-47ca-b0b0-0bdbecd19af8
12044_i,6041d5e3-6314-44c0-87e5-90cb005a6007
11938_0,92cc74f3-3396-4a44-8acf-6b1ddc1fb557
12913_0,fd1e93f3-09c9-4e90-8a14-be74073b56cb
12328_0,2f9819fe-8aae-4198-839e-efc52c3f47e3
11913_0,e0a3e0aa-160c-4361-ae51-d1b910cff111
12592_2,345b55c2-45db-4a65-88f3-785c93935594
12588_0,0200a5d3-29c7-4f35-a016-ff602e11a9ef
12078_i,e44c3bec-bfe1-4378-8a54-b5a19f906f77
12744_0,e040f8c5-796c-4556-9cc8-aee6232309a5
11764_0,075a5511-0ef9-4cf5-9b2d-f2c74a14203a
12208_0,17ce92f6-5bfb-4228-9a51-5b7888bca871
11334_1,24bcd930-d43f-40c4-ae16-427f5540f965
12929_0,85bc8e44-f63b-45bd-8cff-78a2df2dd385
12077_0,82e0ead6-d74d-4770-b7bc-3d669d448c9b
12089_0,e9117187-5dbb-4460-949c-d0a27236caee
12142_2,0d588ccd-f24b-4e2c-8da8-073fc602e741
12229_0,29a6e062-c1f3-42db-bb4d-a0831bfb6e3e
12855_1,c32b3c2e-f6af-4aee-904f-d73eddab4769
12188_0,009f31a3-f365-4bad-8726-093369076bda
12147_0,84019db0-642e-474b-9440-91b0e120f660
12162_0,84019db0-642e-474b-9440-91b0e120f660
12425_0,569e1b0f-7f1e-4302-bb8d-6cb947db4b25
12202_1,c0447693-439e-4ee1-a949-aa0eda3ac9f7
11984_2,5165d62a-7de7-4297-a854-9cfcdbc9a7bd
12417_0,d11f4dbd-f404-4213-934a-fd00c04a8af8
12237_i,4cf2c7f1-45db-411e-bb6f-cbcd0284ba37
12371_0,97c1bc85-47c4-4bea-b26b-232c086e9ae7
12581_0,b10163cf-fe1c-4f85-8eb7-ac4f7859205b
11353_2,7116a0c4-1018-4966-801a-f2891553740e
12233_0,f026c33a-6b1c-4cb8-b383-3f6c3c05ee91
12605_0,8371f3b4-3838-4e7a-83c4-607a70732d16
12054_0,3b5923e2-e03b-4338-a91a-ccd414d5ec7e
11930_1,42e5f8ce-7267-4eed-bc07-35a84544d16b
12301_0,f7a49628-0d2d-46bb-9d6d-da36d1e71846
12915_0,63f4da67-da23-41a6-b3be-baae5bbed0e2
11840_2,8c1cb352-cd2d-4e77-8bfd-ba581978ae4d
11626_0,502113b6-72f2-48fc-98b2-8e6e469a53ed
12346_i,beefcc0a-21eb-494b-9078-ecf48fb69a88
11816_1,4c7aaf79-d4e0-4f3a-b8f4-40703e1beaec
12340_0,c6735cd1-de99-4167-8c24-1bf6b3fc6e55
11905_0,8ecf41fc-1ccd-442e-8661-cd22f6915be0
12667_0,a9597670-43bd-4f21-8bab-371e6f1467e2
12610_0,d92c2523-e21a-44a0-9897-08d94910d576
12441_0,24bcd930-d43f-40c4-ae16-427f5540f965
12366_0,017f517c-558b-4758-93ad-624c96353724
12454_1,f664cc0e-7fb6-4546-be79-0185c93496de
12405_0,cc567ef1-0c79-4917-bff0-44e1b92c1383
12933_0,2da1265d-eca6-4b22-a487-1350b1210a0e
12694_0,a2d952e8-ead8-4d83-9378-48184a1c53da
12677_1,72e814d5-e77d-4a6a-b732-dcc75b26e36d
13872_0,d0e3245e-efd8-40d9-bbfa-91a84f2db52b
12790_0,84863af5-1e69-4762-bee7-ae5103115c09
12533_0,0e450ae7-f590-467a-a4fc-8519894a10b9
12705_0,c399d78c-7ba2-4d52-b07c-70de37c70fda
12373_0,3818b866-2101-43ca-a4ba-42ec66c6f85d
14441_1,1ee2943a-982c-47b1-aa74-af7001ccdcdd
12510_0,864cdb77-5c08-48ba-bc28-bdca8a17ef5c
12791_0,180b13cd-091b-4517-a34a-65219709ab43
13675_0,f1d9cf5d-e393-490f-839e-db4e54635d61
14119_0,90b45927-9644-4263-bca6-1fa332fa5423
12620_1,f1b3477f-05c0-46db-8863-29017af3cf33
12377_1,c92813b0-2225-45af-affa-0d3763bb8ccf
13529_0,2931c293-2c86-46fe-8160-39b28c978bd5
12402_0,a632aed8-cb7f-48a2-a28c-d21007a8c63d
13091_6,09dca397-116c-4ffc-93ea-a5514bd309f0
12589_0,29a6e062-c1f3-42db-bb4d-a0831bfb6e3e
12760_1,51005702-4afc-45bd-a675-f1846ff586e4
12820_0,7116a0c4-1018-4966-801a-f2891553740e
12194_0,43fff498-9be5-4f05-af78-0bf92469abe7
13681_0,462f9024-e36d-4f1d-8781-1aa21d427355
12703_0,b236b4e6-6b89-42d7-a64b-97c29bc60497
13056_7,f1d9cf5d-e393-490f-839e-db4e54635d61
12138_1,34f744d2-77d0-4f0f-ad1b-47fe75ab83fa
12697_3,7972cc62-ab60-4a13-a6c6-14017feb00ad
13905_1,1a54b235-aa1e-4303-8869-178df58f677d
12653_2,9658991c-d7c5-4617-a662-0bb3296e25b7
13229_4,e90906da-ba87-4944-80c0-791c15faad34
12708_0,b25422f4-c919-473c-9708-ed185f0e84b7
13200_0,ab0b1860-d4ec-4c3d-af93-3ea5daf37786
13263_0,31b9e220-c33f-4ec9-a919-a838a145c262
12603_0,135aa2b2-8aa5-4b7f-9c88-31465b9e8f2a
12630_0,055960c7-6613-47bb-b8e4-2f52994d4600
12942_1,b8c6d5d8-d4ea-4ebe-8bec-96d3672473d7
12659_0,a280b653-1cfb-4c74-b7a8-c82a805e628f
13162_0,82a96652-93c3-4cfc-b8be-3e9e09668243
12926_0,0003cb65-c400-4c35-8baf-6481955ae1f1
13301_0,bd9fe3b5-5c13-42c5-a600-727864e1f890
12762_0,6ad8a0ed-9445-4cf4-937e-4fbb18c6488b
12767_1,f1d9cf5d-e393-490f-839e-db4e54635d61
12674_1,86427d7a-a94b-4ee4-b0b5-f14bfda45046
13742_0,275d8064-e27e-4ad5-865e-d0e4bbe80790
12753_0,84863af5-1e69-4762-bee7-ae5103115c09
13387_0,c3059e36-39c8-4d5e-8d06-412ff3f44926
12880_2,b73b1681-3b5a-4997-b8c0-d667e8b7aa90
13199_1,b14a96ce-ea35-43d8-8d1c-f59551263df0
13343_0,81ebc55b-6c9c-4ec8-9c8e-a3173c7a58f2
13658_0,2806cb37-984a-4508-849f-83097f5fff94
12953_0,5c79e33c-98ea-4dab-9cc0-bbaa4e7fec7c
12487_0,f1709101-49c1-42dc-9f46-8a772a7ee6cf
11037_2,c0d7d00e-dad8-4c23-9cd5-be66736a5443
12505_0,de6dbb67-579d-43f3-934a-8253d4f9981c
13375_0,fbd79a87-bcbb-4ee0-837a-8c9e41c91303
13859_0,0b16ea75-6872-4f29-b8ea-0c83224c28aa
12858_0,e4e086c5-55f7-46ef-ad0a-2eeac820f334
12829_0,c746789b-8f11-47b4-93cc-4e776426825b
12861_i,0952e24b-6db1-40a6-b368-843b2230df36
13630_0,4f90d6d4-fd93-46d5-b626-794a8423c8e0
12881_0,adaa388d-2ec6-4ca0-a8b1-6dcdf48f7e95
13550_0,bd9fe3b5-5c13-42c5-a600-727864e1f890
14003_1,5e027148-e29f-4d06-8188-7a15278b14e2
13280_0,e382969a-ce64-4884-91ff-1388a526b89b
12897_i,e1db6ce1-9b6c-40ea-937d-585ef5e41196
13230_0,63cd0616-eaf5-4667-9a58-cfb7d9f40843
12678_0,3df6085b-95c1-424c-996f-e8902546e1b8
12901_i,877f0bd9-d7a1-49cb-b8fe-b335398b6b07
12957_0,e697e988-2cfb-498f-bb35-3143a82eb937
12954_0,a2af3747-8e6d-4395-bab6-5fe287d20e3f
13087_0,adcf8b53-f780-4845-a002-cfefd8272f04
12913_1,fd1e93f3-09c9-4e90-8a14-be74073b56cb
12940_0,1cf477f0-d130-4d1a-91fe-b72e3ba57c9c
13098_0,345b55c2-45db-4a65-88f3-785c93935594
13256_0,12c04880-0676-4c4f-99b1-80e4203f1ad0
13735_0,e040f8c5-796c-4556-9cc8-aee6232309a5
13184_0,075a5511-0ef9-4cf5-9b2d-f2c74a14203a
13504_0,923f8650-e5d4-4d63-9311-d4bd1d9c0443
12929_1,85bc8e44-f63b-45bd-8cff-78a2df2dd385
13816_0,b9a2ad42-5960-4330-8726-a8541ba59991
13881_0,e87f68da-ccbf-469e-8679-2d043bde81d3
12975_0,ea99ed5a-e416-447f-b148-a5a545b15626
13042_0,b6e2a29d-f744-4752-9ea6-c0021c0579a9
13344_0,f1d9cf5d-e393-490f-839e-db4e54635d61
13077_0,3f0d4dcd-7d56-45b0-90f7-a227f4fd6098
13747_0,c36bc422-6407-4d5a-b618-e2e6a8066e25
12885_0,dd8594e4-cfbe-4c22-9562-850e40430138
13041_0,4cf2c7f1-45db-411e-bb6f-cbcd0284ba37
13349_0,ece277b0-5ab5-4968-a905-d2f649e1760f
13134_0,b10163cf-fe1c-4f85-8eb7-ac4f7859205b
13334_0,b02b7467-1bd0-4e2b-b4f4-1ec90c814964
13290_0,07d9bd4f-744a-434a-aeda-504c0b27d8fd
12781_0,5824cb57-42fb-4866-9a55-8ac8afb62874
13314_0,2da8d53c-52c7-4f0f-83ab-3d1524516554
14306_0,63f4da67-da23-41a6-b3be-baae5bbed0e2
13666_0,edfac388-018d-46af-8a7d-ae10e8cfd662
13261_0,beefcc0a-21eb-494b-9078-ecf48fb69a88
11816_2,4c7aaf79-d4e0-4f3a-b8f4-40703e1beaec
13867_0,c6735cd1-de99-4167-8c24-1bf6b3fc6e55
11905_1,8ecf41fc-1ccd-442e-8661-cd22f6915be0
13207_0,a9597670-43bd-4f21-8bab-371e6f1467e2
13391_0,f1d9cf5d-e393-490f-839e-db4e54635d61
14023_0,339d5ce7-a64f-437d-951a-22bf49d5cb03
13499_0,2a03a3b5-c3b6-4d5c-95fd-c81df8ea3ba8
12677_2,72e814d5-e77d-4a6a-b732-dcc75b26e36d
13872_1,d0e3245e-efd8-40d9-bbfa-91a84f2db52b
13299_0,fd3e074e-ca48-4d1f-9d38-9bae23aa7911
13890_0,bd9fe3b5-5c13-42c5-a600-727864e1f890
14148_0,01af7aac-87bf-4004-8e5b-ba7ef9454e17
14441_2,1ee2943a-982c-47b1-aa74-af7001ccdcdd
12948_0,45b024cb-e6ef-4d5d-816c-64631a845ed7
14061_0,180b13cd-091b-4517-a34a-65219709ab43
13675_1,2b11d401-820a-4f39-9a83-860d07503b95
14119_1,90b45927-9644-4263-bca6-1fa332fa5423
13689_0,2f24b3b3-fd80-4013-abf3-f007b9f9cbbd
13453_0,2da8d53c-52c7-4f0f-83ab-3d1524516554
13529_1,6495e908-35a8-43d7-9658-88f2ec9309ec
14587_0,d2d7702e-dfce-4948-802f-725ddc00c47f
13466_0,4aa2c948-5764-41b5-ac51-a1c730daf62f
14227_0,d1fee753-68c0-4dad-beb1-19707616c4f1
13681_1,462f9024-e36d-4f1d-8781-1aa21d427355
13384_0,f1d9cf5d-e393-490f-839e-db4e54635d61
14133_0,95d4d084-2ca8-419a-9da1-e1efd7ac4f43
13905_2,1a54b235-aa1e-4303-8869-178df58f677d
13596_0,4289bf7d-6a5a-4159-9263-8ca08e7b08ac
13229_5,e90906da-ba87-4944-80c0-791c15faad34
14084_0,b1bcdcb4-7aa8-4e01-95f3-8048bfa24948
13722_0,5319695b-613c-4227-b2e3-6f3254772f8f
13577_0,bd9fe3b5-5c13-42c5-a600-727864e1f890
14106_0,82a96652-93c3-4cfc-b8be-3e9e09668243
13662_0,fd674f6f-4cf2-4096-a7ef-176edf7d6e37
13719_0,51cb2afc-9d80-4db0-84ad-97f45b66d030
13809_0,6ad8a0ed-9445-4cf4-937e-4fbb18c6488b
13740_0,922c45bc-dbb0-4e58-9b37-1f1800a72624
13742_1,275d8064-e27e-4ad5-865e-d0e4bbe80790
12753_1,84863af5-1e69-4762-bee7-ae5103115c09
14145_0,afbff60f-8082-4118-a777-1e1eb4060b5e
13728_0,b73b1681-3b5a-4997-b8c0-d667e8b7aa90
13751_0,81ebc55b-6c9c-4ec8-9c8e-a3173c7a58f2
13658_1,2806cb37-984a-4508-849f-83097f5fff94
13552_0,f1709101-49c1-42dc-9f46-8a772a7ee6cf
13638_0,97529e8c-8468-426a-a8a9-2b50cfd50025
12505_1,de6dbb67-579d-43f3-934a-8253d4f9981c
13375_1,e64fb6e4-7f4d-4b25-ad2f-fe8c07099208
13859_1,0b16ea75-6872-4f29-b8ea-0c83224c28aa
14585_0,e4e086c5-55f7-46ef-ad0a-2eeac820f334
13629_0,d61fbe05-ab83-4823-a9a0-82fbca0a3a77
13646_0,0952e24b-6db1-40a6-b368-843b2230df36
13630_1,4f90d6d4-fd93-46d5-b626-794a8423c8e0
13550_1,bd9fe3b5-5c13-42c5-a600-727864e1f890
14003_2,57381fa4-fc07-42a9-9cb2-e9d650e1f7ae
13702_0,e382969a-ce64-4884-91ff-1388a526b89b
14240_0,d58359d4-a572-433b-aa18-27a3944cc3be
13610_0,b80f52f6-51f7-493d-ac2e-3772c49337b6
13687_0,3df6085b-95c1-424c-996f-e8902546e1b8
13581_0,c3bb8e0b-7663-4049-be72-91a1a04aea68
13604_0,23a420c7-2372-47a1-aee8-56348e14c0d9
13714_0,2b11d401-820a-4f39-9a83-860d07503b95
13585_0,fd1e93f3-09c9-4e90-8a14-be74073b56cb
13730_i,6459514e-6e3e-4395-b3fa-955bf427a635
13417_0,98e45f04-cac9-420b-ab95-9156d99aac6e
13993_0,345b55c2-45db-4a65-88f3-785c93935594
13775_0,31b425f8-f42b-4150-af32-50c49e001945
13735_1,e040f8c5-796c-4556-9cc8-aee6232309a5
13686_0,33c5f2fc-b4e9-44bb-abf5-d7eb775e18d7
13816_1,b9a2ad42-5960-4330-8726-a8541ba59991
13881_1,e87f68da-ccbf-469e-8679-2d043bde81d3
13077_1,7a9b266a-a35e-4b37-8483-28994e3afff5
14042_0,51e7e733-08ce-4169-8748-5767db5b4d03
13964_0,f8434d8a-5e52-4823-a17a-629968243f8c
14850_0,bafb876e-538e-4d5f-9faa-a9ac2c4e6583
13970_0,2da8d53c-52c7-4f0f-83ab-3d1524516554
14306_1,63f4da67-da23-41a6-b3be-baae5bbed0e2
14259_0,aa3f0ad9-293a-41fe-a833-30de5feb2fe5
14111_0,beefcc0a-21eb-494b-9078-ecf48fb69a88
14036_0,c6735cd1-de99-4167-8c24-1bf6b3fc6e55
14348_0,5e164930-3ce9-421d-8e1e-8d99430476ad
14105_i,1cbbc7ba-4952-4e7b-8cbf-cb14c74b2701
14608_0,acb45dcf-edd5-4e42-b6b2-a891baecd79f
14023_1,339d5ce7-a64f-437d-951a-22bf49d5cb03
14143_0,2a03a3b5-c3b6-4d5c-95fd-c81df8ea3ba8
13872_2,d0e3245e-efd8-40d9-bbfa-91a84f2db52b
13890_1,bd9fe3b5-5c13-42c5-a600-727864e1f890
14441_3,f8434d8a-5e52-4823-a17a-629968243f8c
13870_0,2b11d401-820a-4f39-9a83-860d07503b95
14125_0,90b45927-9644-4263-bca6-1fa332fa5423
14294_0,5c8f06c6-3a6e-413c-937b-dfde4b55af13
14587_1,d2d7702e-dfce-4948-802f-725ddc00c47f
14227_1,d1fee753-68c0-4dad-beb1-19707616c4f1
14133_1,9daf6979-acef-4762-a946-acd427d1a1e2
14283_0,600c5d1d-41a6-4d44-84f1-1a5c91db07df
14692_0,c1335c47-08d7-4266-bb66-56a5e8fb1b56
14640_0,bd9fe3b5-5c13-42c5-a600-727864e1f890
14620_0,065d39ee-bc83-4d77-a036-a76f3bdee9cd
14470_0,6ad8a0ed-9445-4cf4-937e-4fbb18c6488b
14438_i,bedc8e6c-f88f-45ea-9289-e1f4e48b2193
14011_0,275d8064-e27e-4ad5-865e-d0e4bbe80790
14358_0,afbff60f-8082-4118-a777-1e1eb4060b5e
13638_1,83efab47-02e7-4092-8af4-5165192199b2
14585_1,e4e086c5-55f7-46ef-ad0a-2eeac820f334
14768_0,d61fbe05-ab83-4823-a9a0-82fbca0a3a77
14616_0,fd3e074e-ca48-4d1f-9d38-9bae23aa7911
14813_0,6ef90b06-8af9-41c8-8ed9-4dbfbd49293a
14553_0,d58359d4-a572-433b-aa18-27a3944cc3be
14638_0,9282f3fa-5298-450d-948f-9ebd9b29e68f
14613_0,9205db60-270a-47fd-bcc1-7b9c12508bd4
14923_0,f8434d8a-5e52-4823-a17a-629968243f8c
14850_1,bafb876e-538e-4d5f-9faa-a9ac2c4e6583
