6280_i,c2b96071-03a3-491a-a3f5-9e2222954ea4
6289_i,426acb46-12c2-4e31-a4ec-77b3d03699d8
6294_i,f575d51c-bba3-426d-ae59-7ae613c77fa2
6295_i,a809d417-b132-49ec-b17a-7949f0c3a07e
6299_i,c2698519-5dd8-4f0e-9b13-530943a7e06d
6301_i,aa9a1fbb-21c5-4281-864b-4002ebe4414f
6305_i,fd29e847-e8c8-45c8-9c47-4e5aed95eaf6
6307_i,16641eaf-418c-4bce-be81-51675bc667d0
6316_i,c1089611-0b5e-4741-9902-27c491b56836
6332_i,316ad6dc-663b-4e3d-8fa5-32e3a5b845de
6337_i,b0d8e79c-1b12-49f2-84ce-885ad308b8e3
6344_i,fe9bb18b-7630-4f98-9c1e-9570d0bba1a2
6375_i,142da870-bd3e-4633-9c25-0a08b5240c41
6378_i,fd0ad605-007c-49d8-a733-6bb109fbec78
6379_i,4e73b167-cbca-4459-b9a9-ddf9f51ffe95
6388_i,fd0abb05-61f6-407d-98fe-061b9ba55e9f
6398_i,2cc83c57-b4bb-4859-9cbb-8dcd03f9ee58
6409_i,031ce6fb-3015-4039-b2e9-77f66c1e510e
6410_i,a37e009f-6dc7-4e83-90c9-dff34dcc83dc
6411_i,0e779b57-30bf-410b-b289-895f1de298b0
6414_i,887fed63-bce3-4677-a45f-1d954e1a8b08
6416_i,5500bb2d-94af-4295-8482-9920c44d64a3
6417_i,5e556f27-e2b9-43bd-a7bb-872b76b1e489
6418_i,5968d295-8dbe-4c51-9408-d9893d21692a
6421_i,57cf626d-bb1a-471c-b5e2-9f8223fbeaae
6431_i,309f1174-6b66-4759-9b00-3dec7dbd897c
6434_i,7133d94b-95f5-42a5-b9e4-899c0ebe9425
6435_i,63fae2da-cffc-43df-9331-072923e267c4
6456_i,ec6181b0-f1ec-4c13-9875-93f5bfc4a642
6459_i,86c8842f-6ef0-4b30-b452-ab233199f33f
6464_i,dfdc0448-3fee-4e87-b386-af880481b52b
6466_i,9938749d-14ed-4f8b-b6b1-785fa52cca20
6481_i,b05c7132-0929-4904-a5a3-567ac87bd925
6499_i,48826225-b0f4-4eb0-a904-7c18bd63a05e
6500_i,f9152aa0-cc77-4462-8b4a-34a18feabd0f
6503_i,9a762038-7aa4-4065-ae19-49e9446e21b8
6522_i,7cd23037-d991-41a5-bfb0-33de708d1aa5
6531_i,16639f56-c346-4d05-be2c-e4f2660b04a7
6538_i,4abd8a0f-7bcf-44b5-b976-16bd0a736bfa
6548_i,a6672ead-dff5-4ea9-9f83-5ccc63d855df
6552_i,e5373ee8-0031-462f-82e4-b08a0fd35436
6557_i,3fb6e29d-e628-42b1-b92c-3f673cd2504c
6573_i,d60a49e5-0ad9-4333-8062-65168cb58250
6580_i,aa9145d4-6ffb-4e60-b1a3-8ec8149d4f14
6614_i,ae21d73d-4971-41d3-8bd1-cc7d2d2961c8
6639_i,6472ee4b-4ab9-47c4-87d8-b9d46a305df7
6645_i,cf1b03a2-2360-44b1-b959-0d1301926c71
6659_i,1bc8955a-5acc-4ceb-b157-d4c0205f59d0
6660_i,9be6b42d-7af7-4a32-93fe-c562496741a2
6662_i,ec229617-a193-45b8-8da7-0de3660eeca8
6712_i,600b8052-d140-4285-bc3a-0da2f50e134e
6736_i,8ae2a621-a448-49ce-9f2f-98157820006c
6759_i,79226129-dc3c-496d-9b99-5c6cdde23a5d
6762_i,905edcbc-073a-4f10-be99-e80f2279517f
6769_i,0e5bb225-bc62-487a-8e1c-03c2fd488921
6784_i,017ceb6e-27cc-41a1-bb49-df42c128e4a2
6791_i,cc8a78db-ecd2-41ad-85e8-be3dfaff5dfd
6807_i,e1356691-ad1c-4691-a8f8-fb5eeb5bff25
6814_i,192eed94-5813-49df-81c7-66c7ae1b2f04
6819_i,128f674d-a0a8-4f44-b39e-eeb61e987e2c
6821_i,444195d1-98c7-406c-aa5b-741085490817
6834_i,0a02d0bd-3d4a-407d-8e19-474adc5327cb
6839_i,04c9f745-1905-450c-bd44-9967781f3d4e
6856_i,4b5ef054-24b5-4a3a-a9ff-cddf43a6a940
6869_i,16641eaf-418c-4bce-be81-51675bc667d0
6871_i,edf34de0-0e0b-49b4-93b0-1056f2130ecb
6885_i,a0cb2051-b0cd-4eb0-a618-132409118593
6887_i,5503aab1-0699-4934-82a7-64ab3208f999
6904_i,671054a1-4ce8-437b-9fe9-461ad42e5510
6906_i,9d223f1f-603d-42d4-b08c-089d3a18c521
6933_i,8e7daa92-dbea-4f72-ad41-f3736f278ab5
6941_i,66d22a80-39bb-4f28-a646-0cd578cc0c83
6942_i,098f4de4-81e1-4dfa-a704-0abee8513343
6948_i,173b8f5e-8206-496a-9302-018e2608d01a
6979_i,7c13b215-f36c-4720-97f5-439a3d9f1d80
6981_i,6104b6c9-8994-4128-8f5b-a8ba4e9737f2
6988_i,ec86a9b3-7d4f-4add-8dc6-45ebb8ddf9cb
6991_i,38255023-d0b4-4e5f-b730-5a2665b7598b
7017_i,41b7a561-004f-4735-9c5a-39218600c9ad
7023_i,5b8d645d-e007-4ce5-ad3e-07f93f884c08
7027_i,11dd74c5-3f0a-4ed2-a7ea-e7615e89aadd
7035_i,da169482-135c-4dcc-9ae6-86d082c0546f
7059_i,ac05fb4a-8515-4714-9d23-b38a3e18acd9
7073_i,320c0ba7-7b7a-45a0-a318-283ff82e81f5
7080_i,1a45dba7-b4cb-43c9-9b87-a248c8fb3a83
7137_i,d5bb5de5-945d-4c59-91d1-815b034f8909
7141_i,c2b96071-03a3-491a-a3f5-9e2222954ea4
7152_i,16f462ee-d032-4df5-b32b-e4e3a697920d
7157_i,40bc639a-8fd0-495d-980b-54cf4930de48
7165_i,b5fd9613-6300-44d0-910b-f7ae3f421279
7175_i,f1e67baf-c0bc-4b57-9a4a-650ff5385430
7185_i,0d912586-1a1b-4029-b433-60a2b6a7c81f
7188_i,6183a05c-3bf0-41a9-965d-5958adac5d97
7193_i,b787aee5-f0ce-4842-9a0a-831bc430ffa1
7254_i,8b4e3902-3a21-4e5c-80e5-2a803e94b7f0
7261_i,85e05db3-5de0-4046-b276-3678ef2c489b
7273_i,0e779b57-30bf-410b-b289-895f1de298b0
7319_i,f947e8bd-9a77-47e9-9ff6-e375edfddd0a
7338_i,1b5d61a5-79da-4585-97ab-1436f42e372b
7377_i,535378d1-eb89-4769-a290-d75c8fcd18de
7381_i,679b44de-5917-4732-b073-b913f54f37f6
7402_i,21feb578-dcf1-4d71-af84-cce35489bc2b
7412_i,d37d667d-215e-43d8-b40c-cebdb867e696
7944_0,c2b96071-03a3-491a-a3f5-9e2222954ea4
7441_i,e940365c-529d-4a5d-8ddc-5d5813ea4467
7435_0,426acb46-12c2-4e31-a4ec-77b3d03699d8
8449_0,f575d51c-bba3-426d-ae59-7ae613c77fa2
7477_0,a809d417-b132-49ec-b17a-7949f0c3a07e
7812_0,5903d337-0dbd-4dd9-a21c-2032e6224de8
7460_i,93ede486-2c52-4679-aee4-95b81b1877e8
8027_0,aa9a1fbb-21c5-4281-864b-4002ebe4414f
7537_0,fd29e847-e8c8-45c8-9c47-4e5aed95eaf6
8129_0,16641eaf-418c-4bce-be81-51675bc667d0
7473_i,18615096-b244-4991-9b0d-56e02e52447e
8395_0,c4272a61-3fb3-4532-9b9e-3576dd36b7e2
7574_0,316ad6dc-663b-4e3d-8fa5-32e3a5b845de
7502_i,68762605-07d0-455b-87ea-867768e58652
7156_0,df3a7a65-1408-47c1-a03d-8e578da3fedd
7515_i,3e1ab482-6d50-4600-92f0-95e6d6bcae12
7516_i,079067e1-e80a-4ae7-95b9-3df213e63a5f
7568_0,142da870-bd3e-4633-9c25-0a08b5240c41
7760_0,c6ef1f6e-c640-4fae-b771-446a972ab486
8657_0,fd0abb05-61f6-407d-98fe-061b9ba55e9f
7961_0,2cc83c57-b4bb-4859-9cbb-8dcd03f9ee58
7610_0,031ce6fb-3015-4039-b2e9-77f66c1e510e
7623_0,0e779b57-30bf-410b-b289-895f1de298b0
7563_i,23a3a960-5bdf-4973-a030-553add0319a1
7561_0,5500bb2d-94af-4295-8482-9920c44d64a3
7750_0,5e556f27-e2b9-43bd-a7bb-872b76b1e489
13056_0,77dacecc-5890-4f5c-b0cc-9d5f2ab670bd
7104_0,57cf626d-bb1a-471c-b5e2-9f8223fbeaae
7572_i,85b934a4-15c2-45d2-97d7-49f727899cea
8174_0,309f1174-6b66-4759-9b00-3dec7dbd897c
7665_0,7133d94b-95f5-42a5-b9e4-899c0ebe9425
8065_0,63fae2da-cffc-43df-9331-072923e267c4
7593_i,21ebba93-9228-4d81-837b-9241fff81087
7599_i,05a3054a-c07e-4a05-9edc-ee9cfa42d355
7971_0,ec6181b0-f1ec-4c13-9875-93f5bfc4a642
7784_0,86c8842f-6ef0-4b30-b452-ab233199f33f
7612_i,6ead44f0-e93b-4935-b048-fa8fc24fd1cc
8229_0,dfdc0448-3fee-4e87-b386-af880481b52b
9644_0,0023cdca-45ea-4674-9ca1-081757a9ff98
7630_i,364e638b-465d-4c3d-a110-4186b0b02fa9
8244_0,b05c7132-0929-4904-a5a3-567ac87bd925
7967_0,e5373ee8-0031-462f-82e4-b08a0fd35436
7689_0,7cd23037-d991-41a5-bfb0-33de708d1aa5
7684_0,16639f56-c346-4d05-be2c-e4f2660b04a7
6934_0,4abd8a0f-7bcf-44b5-b976-16bd0a736bfa
7103_0,a6672ead-dff5-4ea9-9f83-5ccc63d855df
8948_0,49eae4c7-92de-452d-91a4-5e2d63349bb1
7700_0,d60a49e5-0ad9-4333-8062-65168cb58250
8436_0,921b0a84-2b4a-4581-9ca0-9861698231cd
7724_i,c12916e8-b9da-4b24-ae65-f5ea3e799356
8385_0,ae21d73d-4971-41d3-8bd1-cc7d2d2961c8
7731_i,2bbb179e-6970-4c17-9e12-c0f369b13db2
7824_0,6472ee4b-4ab9-47c4-87d8-b9d46a305df7
8009_0,cf1b03a2-2360-44b1-b959-0d1301926c71
8172_0,1bc8955a-5acc-4ceb-b157-d4c0205f59d0
7989_0,9be6b42d-7af7-4a32-93fe-c562496741a2
8159_0,ec229617-a193-45b8-8da7-0de3660eeca8
7768_i,10efe326-2e9d-4d95-9146-21938a97b16a
7769_i,80a180da-4fe1-4655-84fe-f93b465715d1
7783_i,90c34800-5d41-407e-a6f8-7b93e7e838f7
8337_0,600b8052-d140-4285-bc3a-0da2f50e134e
8897_0,8ae2a621-a448-49ce-9f2f-98157820006c
7838_i,17dfdca7-41e9-4f14-8716-e2ac36ae3e27
7853_i,2989cc1d-52d2-4902-a6de-bf24e9383785
7772_0,79226129-dc3c-496d-9b99-5c6cdde23a5d
8322_0,905edcbc-073a-4f10-be99-e80f2279517f
7972_0,0e5bb225-bc62-487a-8e1c-03c2fd488921
11134_0,1de17bbd-fa7b-4c39-81c6-4dc65badcde1
7835_0,cc8a78db-ecd2-41ad-85e8-be3dfaff5dfd
7898_i,ea41a99b-082e-4ac4-ad20-dc78ca92c192
7866_0,e1356691-ad1c-4691-a8f8-fb5eeb5bff25
8832_0,192eed94-5813-49df-81c7-66c7ae1b2f04
7954_0,128f674d-a0a8-4f44-b39e-eeb61e987e2c
9724_0,95319f1f-6424-4c44-8487-1caf7ec63943
7915_i,16641eaf-418c-4bce-be81-51675bc667d0
7755_0,0a02d0bd-3d4a-407d-8e19-474adc5327cb
8019_0,04c9f745-1905-450c-bd44-9967781f3d4e
8658_0,45ea3fcc-de38-48dc-80e2-091c3bb7b9a9
7959_0,d04f6d14-2a5d-49ca-808e-45abe6efc5c6
8108_0,edf34de0-0e0b-49b4-93b0-1056f2130ecb
9103_0,a0cb2051-b0cd-4eb0-a618-132409118593
7952_0,efb77c0d-0293-457b-a949-b529de54002f
7978_0,671054a1-4ce8-437b-9fe9-461ad42e5510
8789_0,9d223f1f-603d-42d4-b08c-089d3a18c521
8012_i,e82888c0-a203-4b00-a88b-970d6317fba3
9207_0,90ca36e0-391a-4979-8c1e-c649993b95f3
9081_0,37be82de-4115-4b26-bbf1-48732df0e24b
9385_0,b433787a-d811-4239-b103-7afcd295da95
9085_0,f5bf2cd8-3b52-4a44-84ce-bce967ab07b8
8740_0,eb1e51b2-2a22-4769-94f3-cc2257e7d02d
7787_0,6104b6c9-8994-4128-8f5b-a8ba4e9737f2
8224_0,ec86a9b3-7d4f-4add-8dc6-45ebb8ddf9cb
8245_0,38255023-d0b4-4e5f-b730-5a2665b7598b
8056_i,4e65fe8e-3239-496a-ae7d-baf9daa6ba3a
8073_i,851a1177-4f81-4407-b6b9-8e7ab2109a81
7282_0,41b7a561-004f-4735-9c5a-39218600c9ad
9197_0,ad3586ac-43d6-45b5-bd2e-553c6a75c39e
8089_i,895c1fec-d076-42e3-ad15-92704276ccdd
8804_0,11dd74c5-3f0a-4ed2-a7ea-e7615e89aadd
8101_i,09436f69-9e11-4e80-9c43-c00699045444
8270_0,da169482-135c-4dcc-9ae6-86d082c0546f
8313_0,ac05fb4a-8515-4714-9d23-b38a3e18acd9
8130_i,4cfe9f82-4d99-4fd1-affe-7daaa0b0fe4b
8138_0,320c0ba7-7b7a-45a0-a318-283ff82e81f5
8135_i,eefb205f-aadb-47fc-8dde-b7142760320c
8243_0,1a45dba7-b4cb-43c9-9b87-a248c8fb3a83
8169_i,3f46017f-c924-403c-9527-fe90d0303313
8192_i,53adaa9d-2cf5-4a37-a21a-bd501b427feb
8558_0,3c42c869-3bee-4ea2-8de1-5bdbe45aa425
7152_0,16f462ee-d032-4df5-b32b-e4e3a697920d
8211_i,842e9720-cc9d-48cd-95bf-42dffa893b57
8645_0,7394fa4b-a8e7-4cac-8725-2473bef7d6c4
8643_0,109e7203-c6a3-4899-9dbe-71a37ce9696d
8096_0,0d912586-1a1b-4029-b433-60a2b6a7c81f
8370_0,6183a05c-3bf0-41a9-965d-5958adac5d97
8711_0,b787aee5-f0ce-4842-9a0a-831bc430ffa1
8933_0,a20dce3e-90b4-419a-8411-f2643291c41d
8745_0,60f65cc6-d12a-4e4e-ab48-fb4db79d0916
8314_0,0e779b57-30bf-410b-b289-895f1de298b0
8221_0,f947e8bd-9a77-47e9-9ff6-e375edfddd0a
8339_0,48826225-b0f4-4eb0-a904-7c18bd63a05e
9422_0,535378d1-eb89-4769-a290-d75c8fcd18de
8516_0,679b44de-5917-4732-b073-b913f54f37f6
8622_0,21feb578-dcf1-4d71-af84-cce35489bc2b
9405_0,d37d667d-215e-43d8-b40c-cebdb867e696
9400_0,e7b22e16-99c7-4f79-b28b-bfabe6803350
9098_0,62f72e63-36de-41a7-8fe2-8abf67ffe542
8449_1,f575d51c-bba3-426d-ae59-7ae613c77fa2
8414_0,906bfd90-a98f-4364-98f0-e66cc6067c8a
8097_0,5903d337-0dbd-4dd9-a21c-2032e6224de8
10405_0,aa9a1fbb-21c5-4281-864b-4002ebe4414f
11178_0,eb900dd6-a05e-47b5-9ca9-07451e604cc7
8129_1,16641eaf-418c-4bce-be81-51675bc667d0
7873_0,18615096-b244-4991-9b0d-56e02e52447e
8395_1,c4272a61-3fb3-4532-9b9e-3576dd36b7e2
8236_0,316ad6dc-663b-4e3d-8fa5-32e3a5b845de
8664_0,8318f95c-06de-49ff-90f9-e865aaa2f8fd
8295_0,df3a7a65-1408-47c1-a03d-8e578da3fedd
8321_0,3e1ab482-6d50-4600-92f0-95e6d6bcae12
8525_0,6b5eea38-625b-4bd0-8e2a-230ac8b8729d
8407_0,142da870-bd3e-4633-9c25-0a08b5240c41
8323_0,c6ef1f6e-c640-4fae-b771-446a972ab486
8657_1,fd0abb05-61f6-407d-98fe-061b9ba55e9f
7961_1,2cc83c57-b4bb-4859-9cbb-8dcd03f9ee58
8433_0,031ce6fb-3015-4039-b2e9-77f66c1e510e
8303_0,0e779b57-30bf-410b-b289-895f1de298b0
8458_0,23a3a960-5bdf-4973-a030-553add0319a1
8440_0,5500bb2d-94af-4295-8482-9920c44d64a3
9182_0,5e556f27-e2b9-43bd-a7bb-872b76b1e489
13056_1,77dacecc-5890-4f5c-b0cc-9d5f2ab670bd
8428_0,57cf626d-bb1a-471c-b5e2-9f8223fbeaae
8174_1,309f1174-6b66-4759-9b00-3dec7dbd897c
10005_0,f128c8df-eb83-4eb1-a5af-121fe40d14bc
8663_0,63fae2da-cffc-43df-9331-072923e267c4
8042_0,21ebba93-9228-4d81-837b-9241fff81087
8410_0,2c6f58f3-d2dd-47b2-a582-d7b1f09e1990
8397_0,86c8842f-6ef0-4b30-b452-ab233199f33f
13091_0,6ead44f0-e93b-4935-b048-fa8fc24fd1cc
8741_0,dfdc0448-3fee-4e87-b386-af880481b52b
9644_1,0023cdca-45ea-4674-9ca1-081757a9ff98
8927_0,bdb005d0-d8ce-4246-b56c-963386fff310
8244_1,b05c7132-0929-4904-a5a3-567ac87bd925
8275_0,e5373ee8-0031-462f-82e4-b08a0fd35436
8219_0,7cd23037-d991-41a5-bfb0-33de708d1aa5
8251_0,16639f56-c346-4d05-be2c-e4f2660b04a7
8613_0,7559cdc6-22ed-4567-854e-9db460c78ee6
7103_1,a6672ead-dff5-4ea9-9f83-5ccc63d855df
8294_i,947dd591-07f1-46b5-86c0-56472d2966fa
8948_1,49eae4c7-92de-452d-91a4-5e2d63349bb1
8304_i,16641eaf-418c-4bce-be81-51675bc667d0
8394_0,d60a49e5-0ad9-4333-8062-65168cb58250
8436_1,921b0a84-2b4a-4581-9ca0-9861698231cd
8328_0,c12916e8-b9da-4b24-ae65-f5ea3e799356
8346_i,f4229e7e-b75e-4aff-aa0d-78f766cc0ce9
8385_1,ae21d73d-4971-41d3-8bd1-cc7d2d2961c8
8698_0,2bbb179e-6970-4c17-9e12-c0f369b13db2
8368_i,2b258699-55f9-451c-93a1-74a0e2837a36
8703_0,6472ee4b-4ab9-47c4-87d8-b9d46a305df7
8423_0,cf1b03a2-2360-44b1-b959-0d1301926c71
8390_i,083c7b08-b044-4c56-b123-a6f706838acf
8400_i,9bfb0adb-f069-42c2-b9d6-80a8a4e592e7
8609_0,1bc8955a-5acc-4ceb-b157-d4c0205f59d0
9748_0,ec229617-a193-45b8-8da7-0de3660eeca8
10752_0,8907abcd-d8a9-4e89-b82b-c0633eeff325
8967_0,80a180da-4fe1-4655-84fe-f93b465715d1
8411_0,90c34800-5d41-407e-a6f8-7b93e7e838f7
8426_i,3a786d56-1449-4a63-ba84-1643a37dda19
8445_i,1133a508-5eaf-420c-a123-48351e8fe595
8337_1,600b8052-d140-4285-bc3a-0da2f50e134e
8478_i,9e823811-b4fe-475b-b799-5cd04a720361
8897_1,8ae2a621-a448-49ce-9f2f-98157820006c
11440_0,17dfdca7-41e9-4f14-8716-e2ac36ae3e27
9787_0,107f4df2-1e49-453f-93b8-5f48800d7a65
8504_i,c3e58bb1-16d8-430f-aa63-0ea576849081
8422_0,79226129-dc3c-496d-9b99-5c6cdde23a5d
8474_0,905edcbc-073a-4f10-be99-e80f2279517f
11134_1,1de17bbd-fa7b-4c39-81c6-4dc65badcde1
8553_0,cc8a78db-ecd2-41ad-85e8-be3dfaff5dfd
8818_0,ea41a99b-082e-4ac4-ad20-dc78ca92c192
8527_0,e1356691-ad1c-4691-a8f8-fb5eeb5bff25
8832_1,192eed94-5813-49df-81c7-66c7ae1b2f04
8185_0,128f674d-a0a8-4f44-b39e-eeb61e987e2c
9724_1,95319f1f-6424-4c44-8487-1caf7ec63943
8546_0,16641eaf-418c-4bce-be81-51675bc667d0
7755_1,0a02d0bd-3d4a-407d-8e19-474adc5327cb
8667_0,718310ff-ca0d-406b-a49d-00dec770ecc1
8658_1,45ea3fcc-de38-48dc-80e2-091c3bb7b9a9
8247_0,d04f6d14-2a5d-49ca-808e-45abe6efc5c6
8579_i,8a9ffae1-95bd-4208-8ad6-73612e9a6290
9103_1,a0cb2051-b0cd-4eb0-a618-132409118593
8710_0,efb77c0d-0293-457b-a949-b529de54002f
8594_i,30c85ecb-6035-4500-af28-26ab6c120af0
8620_0,671054a1-4ce8-437b-9fe9-461ad42e5510
8789_1,9d223f1f-603d-42d4-b08c-089d3a18c521
8631_0,e82888c0-a203-4b00-a88b-970d6317fba3
9207_1,90ca36e0-391a-4979-8c1e-c649993b95f3
9081_1,37be82de-4115-4b26-bbf1-48732df0e24b
9385_1,b433787a-d811-4239-b103-7afcd295da95
9085_1,f5bf2cd8-3b52-4a44-84ce-bce967ab07b8
8740_1,eb1e51b2-2a22-4769-94f3-cc2257e7d02d
7787_1,6104b6c9-8994-4128-8f5b-a8ba4e9737f2
8224_1,ec86a9b3-7d4f-4add-8dc6-45ebb8ddf9cb
8245_1,38255023-d0b4-4e5f-b730-5a2665b7598b
8345_0,4e65fe8e-3239-496a-ae7d-baf9daa6ba3a
10401_0,b6f6685a-79b1-414f-bf48-743d596a1e9e
9197_1,ad3586ac-43d6-45b5-bd2e-553c6a75c39e
8647_0,895c1fec-d076-42e3-ad15-92704276ccdd
8804_1,11dd74c5-3f0a-4ed2-a7ea-e7615e89aadd
9136_0,da169482-135c-4dcc-9ae6-86d082c0546f
10029_0,6beb61e4-196b-43b2-8882-47c97ce30111
8297_0,320c0ba7-7b7a-45a0-a318-283ff82e81f5
9747_0,eefb205f-aadb-47fc-8dde-b7142760320c
9245_0,1a45dba7-b4cb-43c9-9b87-a248c8fb3a83
8584_0,3f46017f-c924-403c-9527-fe90d0303313
9026_0,53adaa9d-2cf5-4a37-a21a-bd501b427feb
8654_0,3c42c869-3bee-4ea2-8de1-5bdbe45aa425
7152_1,16f462ee-d032-4df5-b32b-e4e3a697920d
9127_0,29ad49d8-467f-4604-8ffa-614ac181558a
8645_1,7394fa4b-a8e7-4cac-8725-2473bef7d6c4
8643_1,109e7203-c6a3-4899-9dbe-71a37ce9696d
8738_0,0d912586-1a1b-4029-b433-60a2b6a7c81f
8869_0,6183a05c-3bf0-41a9-965d-5958adac5d97
8711_1,b787aee5-f0ce-4842-9a0a-831bc430ffa1
8933_1,a20dce3e-90b4-419a-8411-f2643291c41d
8745_1,60f65cc6-d12a-4e4e-ab48-fb4db79d0916
8314_1,0e779b57-30bf-410b-b289-895f1de298b0
8857_0,f947e8bd-9a77-47e9-9ff6-e375edfddd0a
8560_0,48826225-b0f4-4eb0-a904-7c18bd63a05e
9422_1,535378d1-eb89-4769-a290-d75c8fcd18de
10146_0,679b44de-5917-4732-b073-b913f54f37f6
8622_1,21feb578-dcf1-4d71-af84-cce35489bc2b
9405_1,d37d667d-215e-43d8-b40c-cebdb867e696
9400_1,e7b22e16-99c7-4f79-b28b-bfabe6803350
9098_1,62f72e63-36de-41a7-8fe2-8abf67ffe542
8709_0,47461328-48e2-4f43-9baa-7cb682fe65af
9930_0,5d5becd2-4b59-416d-9038-82e3732e4f8b
8097_1,5903d337-0dbd-4dd9-a21c-2032e6224de8
10405_1,aa9a1fbb-21c5-4281-864b-4002ebe4414f
11178_1,eb900dd6-a05e-47b5-9ca9-07451e604cc7
8129_2,16641eaf-418c-4bce-be81-51675bc667d0
8486_0,18615096-b244-4991-9b0d-56e02e52447e
8395_2,c4272a61-3fb3-4532-9b9e-3576dd36b7e2
8431_0,316ad6dc-663b-4e3d-8fa5-32e3a5b845de
8664_1,8318f95c-06de-49ff-90f9-e865aaa2f8fd
8694_0,df3a7a65-1408-47c1-a03d-8e578da3fedd
8802_0,3e1ab482-6d50-4600-92f0-95e6d6bcae12
8642_0,6b5eea38-625b-4bd0-8e2a-230ac8b8729d
8604_0,142da870-bd3e-4633-9c25-0a08b5240c41
8323_1,c6ef1f6e-c640-4fae-b771-446a972ab486
8657_2,fd0abb05-61f6-407d-98fe-061b9ba55e9f
7961_2,2cc83c57-b4bb-4859-9cbb-8dcd03f9ee58
8765_0,031ce6fb-3015-4039-b2e9-77f66c1e510e
8406_0,0e779b57-30bf-410b-b289-895f1de298b0
8500_0,23a3a960-5bdf-4973-a030-553add0319a1
8498_0,5500bb2d-94af-4295-8482-9920c44d64a3
9182_1,5e556f27-e2b9-43bd-a7bb-872b76b1e489
13056_2,77dacecc-5890-4f5c-b0cc-9d5f2ab670bd
8428_1,57cf626d-bb1a-471c-b5e2-9f8223fbeaae
8416_0,309f1174-6b66-4759-9b00-3dec7dbd897c
10005_1,f128c8df-eb83-4eb1-a5af-121fe40d14bc
8663_1,63fae2da-cffc-43df-9331-072923e267c4
8587_0,21ebba93-9228-4d81-837b-9241fff81087
8410_1,2c6f58f3-d2dd-47b2-a582-d7b1f09e1990
8397_1,86c8842f-6ef0-4b30-b452-ab233199f33f
13091_1,6ead44f0-e93b-4935-b048-fa8fc24fd1cc
8741_1,dfdc0448-3fee-4e87-b386-af880481b52b
9644_2,0023cdca-45ea-4674-9ca1-081757a9ff98
8927_1,bdb005d0-d8ce-4246-b56c-963386fff310
8905_0,b05c7132-0929-4904-a5a3-567ac87bd925
8618_0,96d7413a-8947-4feb-bc90-f7d488889e91
8599_0,7cd23037-d991-41a5-bfb0-33de708d1aa5
8879_0,16639f56-c346-4d05-be2c-e4f2660b04a7
8613_1,7559cdc6-22ed-4567-854e-9db460c78ee6
8351_0,a6672ead-dff5-4ea9-9f83-5ccc63d855df
8625_0,947dd591-07f1-46b5-86c0-56472d2966fa
8948_2,49eae4c7-92de-452d-91a4-5e2d63349bb1
8304_0,16641eaf-418c-4bce-be81-51675bc667d0
8394_1,d60a49e5-0ad9-4333-8062-65168cb58250
8436_2,921b0a84-2b4a-4581-9ca0-9861698231cd
10032_0,c12916e8-b9da-4b24-ae65-f5ea3e799356
8946_0,f4229e7e-b75e-4aff-aa0d-78f766cc0ce9
8870_0,ae21d73d-4971-41d3-8bd1-cc7d2d2961c8
8698_1,2bbb179e-6970-4c17-9e12-c0f369b13db2
8368_0,2b258699-55f9-451c-93a1-74a0e2837a36
8703_1,6472ee4b-4ab9-47c4-87d8-b9d46a305df7
8534_0,cf1b03a2-2360-44b1-b959-0d1301926c71
9086_0,083c7b08-b044-4c56-b123-a6f706838acf
8686_0,9bfb0adb-f069-42c2-b9d6-80a8a4e592e7
8609_1,1bc8955a-5acc-4ceb-b157-d4c0205f59d0
9748_1,ec229617-a193-45b8-8da7-0de3660eeca8
10752_1,8907abcd-d8a9-4e89-b82b-c0633eeff325
8967_1,80a180da-4fe1-4655-84fe-f93b465715d1
8610_0,90c34800-5d41-407e-a6f8-7b93e7e838f7
8426_0,3a786d56-1449-4a63-ba84-1643a37dda19
8445_0,1133a508-5eaf-420c-a123-48351e8fe595
8337_2,600b8052-d140-4285-bc3a-0da2f50e134e
8478_0,9e823811-b4fe-475b-b799-5cd04a720361
8897_2,8ae2a621-a448-49ce-9f2f-98157820006c
11440_1,17dfdca7-41e9-4f14-8716-e2ac36ae3e27
9787_1,107f4df2-1e49-453f-93b8-5f48800d7a65
8504_0,c3e58bb1-16d8-430f-aa63-0ea576849081
8422_1,79226129-dc3c-496d-9b99-5c6cdde23a5d
8719_0,905edcbc-073a-4f10-be99-e80f2279517f
11134_2,1de17bbd-fa7b-4c39-81c6-4dc65badcde1
8585_0,cc8a78db-ecd2-41ad-85e8-be3dfaff5dfd
8818_1,ea41a99b-082e-4ac4-ad20-dc78ca92c192
8697_0,e1356691-ad1c-4691-a8f8-fb5eeb5bff25
8832_2,192eed94-5813-49df-81c7-66c7ae1b2f04
8185_1,128f674d-a0a8-4f44-b39e-eeb61e987e2c
9724_2,95319f1f-6424-4c44-8487-1caf7ec63943
8766_0,16641eaf-418c-4bce-be81-51675bc667d0
7755_2,0a02d0bd-3d4a-407d-8e19-474adc5327cb
8667_1,718310ff-ca0d-406b-a49d-00dec770ecc1
8658_2,45ea3fcc-de38-48dc-80e2-091c3bb7b9a9
8718_0,d04f6d14-2a5d-49ca-808e-45abe6efc5c6
8579_0,8a9ffae1-95bd-4208-8ad6-73612e9a6290
9103_2,a0cb2051-b0cd-4eb0-a618-132409118593
8710_1,efb77c0d-0293-457b-a949-b529de54002f
8688_0,30c85ecb-6035-4500-af28-26ab6c120af0
8616_i,ffc2c0d8-b477-4a6e-8ccc-f212250594d4
8620_1,671054a1-4ce8-437b-9fe9-461ad42e5510
8789_2,9d223f1f-603d-42d4-b08c-089d3a18c521
8668_i,ded21b3d-2c35-4f15-a8b4-7a849823a86f
10281_0,e82888c0-a203-4b00-a88b-970d6317fba3
9207_2,90ca36e0-391a-4979-8c1e-c649993b95f3
9081_2,37be82de-4115-4b26-bbf1-48732df0e24b
9385_2,b433787a-d811-4239-b103-7afcd295da95
8693_i,a93d8b2c-3c35-4e6b-9bcb-97fb2c22155c
9085_2,f5bf2cd8-3b52-4a44-84ce-bce967ab07b8
8704_i,e3813d86-0490-4fd0-8a0e-267b5175ca85
8714_i,ced6cfdd-f729-485c-8dd7-908816cc8a0e
8740_2,eb1e51b2-2a22-4769-94f3-cc2257e7d02d
9126_0,46f3c01b-f6fe-461d-bda4-9b7546bab32b
8648_0,ec86a9b3-7d4f-4add-8dc6-45ebb8ddf9cb
8629_0,1d9e3d97-7d1a-4dcb-b3e5-65f533c79622
8673_0,4e65fe8e-3239-496a-ae7d-baf9daa6ba3a
10401_1,b6f6685a-79b1-414f-bf48-743d596a1e9e
9197_2,ad3586ac-43d6-45b5-bd2e-553c6a75c39e
8647_1,895c1fec-d076-42e3-ad15-92704276ccdd
8804_2,11dd74c5-3f0a-4ed2-a7ea-e7615e89aadd
9136_1,da169482-135c-4dcc-9ae6-86d082c0546f
10029_1,6beb61e4-196b-43b2-8882-47c97ce30111
8732_0,320c0ba7-7b7a-45a0-a318-283ff82e81f5
9747_1,eefb205f-aadb-47fc-8dde-b7142760320c
9245_1,1a45dba7-b4cb-43c9-9b87-a248c8fb3a83
8887_0,100ecea2-6218-473f-89b6-ed24cdbb321a
8823_i,5813491d-551b-4689-94ae-4f4f121ce0b5
9026_1,53adaa9d-2cf5-4a37-a21a-bd501b427feb
8965_0,3c42c869-3bee-4ea2-8de1-5bdbe45aa425
7152_2,16f462ee-d032-4df5-b32b-e4e3a697920d
9127_1,29ad49d8-467f-4604-8ffa-614ac181558a
8645_2,7394fa4b-a8e7-4cac-8725-2473bef7d6c4
8941_0,54913b7e-44b6-4236-9dd2-ff0a58478401
8786_0,0d912586-1a1b-4029-b433-60a2b6a7c81f
8869_1,6183a05c-3bf0-41a9-965d-5958adac5d97
9683_0,b787aee5-f0ce-4842-9a0a-831bc430ffa1
8872_i,ffc719ce-9c57-4aa2-8ce8-6396d0ceb118
8901_i,acd6b639-08a6-4c6f-b17b-2c79ede1be62
8912_i,474f832c-8e21-491a-9f20-b81cd06675a1
8933_2,a20dce3e-90b4-419a-8411-f2643291c41d
8745_2,60f65cc6-d12a-4e4e-ab48-fb4db79d0916
8783_0,0e779b57-30bf-410b-b289-895f1de298b0
8857_1,f947e8bd-9a77-47e9-9ff6-e375edfddd0a
8560_1,48826225-b0f4-4eb0-a904-7c18bd63a05e
9001_i,133d93a0-6cd4-461b-ab43-3ce7ac6baaec
9422_2,535378d1-eb89-4769-a290-d75c8fcd18de
10146_1,679b44de-5917-4732-b073-b913f54f37f6
9742_0,68309930-47fd-4c46-84ac-bd540d019c50
9405_2,d37d667d-215e-43d8-b40c-cebdb867e696
9400_2,e7b22e16-99c7-4f79-b28b-bfabe6803350
9098_2,62f72e63-36de-41a7-8fe2-8abf67ffe542
9024_0,f575d51c-bba3-426d-ae59-7ae613c77fa2
9930_1,5d5becd2-4b59-416d-9038-82e3732e4f8b
9997_0,464adbbd-b3c6-42a2-b910-71ba4353b026
10405_2,aa9a1fbb-21c5-4281-864b-4002ebe4414f
11178_2,eb900dd6-a05e-47b5-9ca9-07451e604cc7
8801_0,d04f6d14-2a5d-49ca-808e-45abe6efc5c6
10341_0,23607919-7fb2-431e-8b8a-d2ba83bde463
8395_3,c4272a61-3fb3-4532-9b9e-3576dd36b7e2
9072_i,dd0f3d91-f204-4543-bdd1-c43346dcaed6
9151_0,d3561ea4-4613-4076-a5df-99a645315382
9522_0,d0ac2936-02a1-481c-ba5f-162313f0459d
8995_0,3e1ab482-6d50-4600-92f0-95e6d6bcae12
9091_0,05e73fd6-0380-4355-b023-ee35b5f41042
8966_0,142da870-bd3e-4633-9c25-0a08b5240c41
9144_0,c6ef1f6e-c640-4fae-b771-446a972ab486
10041_0,fd0abb05-61f6-407d-98fe-061b9ba55e9f
8932_0,2cc83c57-b4bb-4859-9cbb-8dcd03f9ee58
9093_0,031ce6fb-3015-4039-b2e9-77f66c1e510e
9120_0,0e779b57-30bf-410b-b289-895f1de298b0
8886_0,23a3a960-5bdf-4973-a030-553add0319a1
9269_0,5500bb2d-94af-4295-8482-9920c44d64a3
9182_2,5e556f27-e2b9-43bd-a7bb-872b76b1e489
13056_3,77dacecc-5890-4f5c-b0cc-9d5f2ab670bd
9175_0,57cf626d-bb1a-471c-b5e2-9f8223fbeaae
9443_0,9748ef8f-c9ab-4c4a-8d59-fcb6fea67bfe
10005_2,f128c8df-eb83-4eb1-a5af-121fe40d14bc
8939_0,63fae2da-cffc-43df-9331-072923e267c4
8934_0,21ebba93-9228-4d81-837b-9241fff81087
10324_0,f9119bc0-0888-42da-909f-d4d4e4d12446
9102_0,86c8842f-6ef0-4b30-b452-ab233199f33f
13091_2,6ead44f0-e93b-4935-b048-fa8fc24fd1cc
9193_0,dfdc0448-3fee-4e87-b386-af880481b52b
9644_3,0023cdca-45ea-4674-9ca1-081757a9ff98
9181_0,a6c2d011-896c-48ff-9a64-981716597472
9756_0,b05c7132-0929-4904-a5a3-567ac87bd925
9188_i,0418f7d9-840f-4890-8d47-776737d7360f
9196_i,5813491d-551b-4689-94ae-4f4f121ce0b5
9208_0,e5373ee8-0031-462f-82e4-b08a0fd35436
9234_0,7cd23037-d991-41a5-bfb0-33de708d1aa5
9307_0,95473179-7ba1-4992-bb47-e323bfc46d6a
8613_2,7559cdc6-22ed-4567-854e-9db460c78ee6
9392_0,a6672ead-dff5-4ea9-9f83-5ccc63d855df
9252_0,947dd591-07f1-46b5-86c0-56472d2966fa
9240_i,407f8de6-c2f7-4875-a623-cb928af98d50
9594_0,49eae4c7-92de-452d-91a4-5e2d63349bb1
9204_0,d60a49e5-0ad9-4333-8062-65168cb58250
8619_0,921b0a84-2b4a-4581-9ca0-9861698231cd
9259_i,e229e2d0-829a-4058-8709-ccecc7b54abc
10032_1,c12916e8-b9da-4b24-ae65-f5ea3e799356
9152_0,192eed94-5813-49df-81c7-66c7ae1b2f04
10058_0,ae21d73d-4971-41d3-8bd1-cc7d2d2961c8
11796_0,2bbb179e-6970-4c17-9e12-c0f369b13db2
13229_0,57460fb0-74a5-4cb1-9054-85438d7a92d6
10364_0,6472ee4b-4ab9-47c4-87d8-b9d46a305df7
9498_0,cf1b03a2-2360-44b1-b959-0d1301926c71
9693_0,083c7b08-b044-4c56-b123-a6f706838acf
9256_0,9bfb0adb-f069-42c2-b9d6-80a8a4e592e7
9291_i,c979214d-5df5-48d7-b2d2-223808f134d4
9310_0,1bc8955a-5acc-4ceb-b157-d4c0205f59d0
9748_2,ec229617-a193-45b8-8da7-0de3660eeca8
10752_2,8907abcd-d8a9-4e89-b82b-c0633eeff325
9687_0,80a180da-4fe1-4655-84fe-f93b465715d1
9295_i,355d6b72-50c6-4198-a00b-290b6b953475
9587_0,90c34800-5d41-407e-a6f8-7b93e7e838f7
9659_0,3a786d56-1449-4a63-ba84-1643a37dda19
9551_0,1133a508-5eaf-420c-a123-48351e8fe595
9375_0,600b8052-d140-4285-bc3a-0da2f50e134e
9218_0,6c6ad5c1-42e5-45e6-af96-4a58dce834f5
10819_0,8ae2a621-a448-49ce-9f2f-98157820006c
11440_2,17dfdca7-41e9-4f14-8716-e2ac36ae3e27
9787_2,107f4df2-1e49-453f-93b8-5f48800d7a65
8504_1,c3e58bb1-16d8-430f-aa63-0ea576849081
9477_0,a621401c-8abc-405a-9f51-9f220527b72c
9324_0,905edcbc-073a-4f10-be99-e80f2279517f
11134_3,1de17bbd-fa7b-4c39-81c6-4dc65badcde1
9281_0,ea41a99b-082e-4ac4-ad20-dc78ca92c192
9790_0,c86cee1d-3a32-4861-9a4c-4f2590852f06
10431_0,192eed94-5813-49df-81c7-66c7ae1b2f04
8712_0,128f674d-a0a8-4f44-b39e-eeb61e987e2c
9724_3,95319f1f-6424-4c44-8487-1caf7ec63943
9387_0,16641eaf-418c-4bce-be81-51675bc667d0
9300_0,0a02d0bd-3d4a-407d-8e19-474adc5327cb
8667_2,718310ff-ca0d-406b-a49d-00dec770ecc1
8658_3,45ea3fcc-de38-48dc-80e2-091c3bb7b9a9
9469_0,d04f6d14-2a5d-49ca-808e-45abe6efc5c6
8986_0,8a9ffae1-95bd-4208-8ad6-73612e9a6290
9103_3,a0cb2051-b0cd-4eb0-a618-132409118593
9397_i,4f288f34-7e57-4b34-bc71-66be326276d7
9401_i,d47d5c68-57db-4bcc-87de-7f2c6fef8845
9458_0,30c85ecb-6035-4500-af28-26ab6c120af0
10065_0,ffc2c0d8-b477-4a6e-8ccc-f212250594d4
9432_0,671054a1-4ce8-437b-9fe9-461ad42e5510
9633_0,9d223f1f-603d-42d4-b08c-089d3a18c521
9420_i,3aa6190a-6183-4a74-b40e-6dbcf80cf237
9436_0,ded21b3d-2c35-4f15-a8b4-7a849823a86f
10281_1,e82888c0-a203-4b00-a88b-970d6317fba3
9207_3,90ca36e0-391a-4979-8c1e-c649993b95f3
9555_0,37be82de-4115-4b26-bbf1-48732df0e24b
9722_0,b433787a-d811-4239-b103-7afcd295da95
10379_0,5d38661a-d061-4fc5-9988-3b34a0957f3e
9453_i,981696ea-d866-42aa-b46a-5992a113388d
9567_0,e3813d86-0490-4fd0-8a0e-267b5175ca85
10167_0,ced6cfdd-f729-485c-8dd7-908816cc8a0e
8916_0,6f31b41e-91fd-45c7-a62a-fdbf881fb0fa
9861_0,46f3c01b-f6fe-461d-bda4-9b7546bab32b
9044_0,ec86a9b3-7d4f-4add-8dc6-45ebb8ddf9cb
9926_0,1d9e3d97-7d1a-4dcb-b3e5-65f533c79622
10314_0,4e65fe8e-3239-496a-ae7d-baf9daa6ba3a
10401_2,b6f6685a-79b1-414f-bf48-743d596a1e9e
9491_i,8b105c0a-2a11-4206-b6ae-46547f966c4f
11280_0,5b8d645d-e007-4ce5-ad3e-07f93f884c08
9726_0,895c1fec-d076-42e3-ad15-92704276ccdd
9501_i,5edb296a-eaa4-47ef-8685-a4c459c08731
9990_0,96bb189f-555c-4cea-8234-46875e759ca4
9504_i,68ddaffd-3c3e-41b9-8c2e-a7bcdbc799b4
9205_0,86fd3a48-5993-498e-bc1b-9eb65aed6bc7
10029_2,6beb61e4-196b-43b2-8882-47c97ce30111
9847_0,320c0ba7-7b7a-45a0-a318-283ff82e81f5
9747_2,eefb205f-aadb-47fc-8dde-b7142760320c
9245_2,1a45dba7-b4cb-43c9-9b87-a248c8fb3a83
9867_0,100ecea2-6218-473f-89b6-ed24cdbb321a
9784_0,f5bf2cd8-3b52-4a44-84ce-bce967ab07b8
9615_0,a015ef0e-ee12-4c8e-a17f-566ddb052eb1
9678_0,9a4cd1b2-bfd6-4f18-ac88-e39164f683f1
9574_i,da1a17e3-db9d-4e5c-9dbb-45fdda215fce
10228_0,842e9720-cc9d-48cd-95bf-42dffa893b57
10226_0,26a153e3-6f72-4d10-b420-943a47c56b35
9758_0,f1e67baf-c0bc-4b57-9a4a-650ff5385430
11060_0,301c376b-be51-4eaa-999d-bd08dcfe5934
9665_0,6183a05c-3bf0-41a9-965d-5958adac5d97
9683_1,b787aee5-f0ce-4842-9a0a-831bc430ffa1
9290_0,b787aee5-f0ce-4842-9a0a-831bc430ffa1
9624_i,70d7fdc0-15b5-4769-b63c-ce04dee54320
9627_i,f8823cb2-fb8c-45c3-a347-35b582e292a2
9771_0,474f832c-8e21-491a-9f20-b81cd06675a1
9634_i,566b663d-984e-4b0e-b771-d7fca8898f34
9638_i,a6672ead-dff5-4ea9-9f83-5ccc63d855df
9642_0,83a6d56b-3883-4d0a-a7fa-59ca2cef6b5f
10142_0,c404ad03-b2a8-4c3d-b6d5-eee8965f4197
9658_i,e92e5103-beb1-41c0-be52-8803501d2ea8
9676_i,536052c0-03df-4a22-a176-bfbfca6c4e01
9965_0,f947e8bd-9a77-47e9-9ff6-e375edfddd0a
8560_2,48826225-b0f4-4eb0-a904-7c18bd63a05e
9752_0,133d93a0-6cd4-461b-ab43-3ce7ac6baaec
10146_2,679b44de-5917-4732-b073-b913f54f37f6
9742_1,68309930-47fd-4c46-84ac-bd540d019c50
9405_3,d37d667d-215e-43d8-b40c-cebdb867e696
9853_0,3c42c869-3bee-4ea2-8de1-5bdbe45aa425
9581_0,62f72e63-36de-41a7-8fe2-8abf67ffe542
9697_0,ecb8875e-759f-4438-9bd0-8db7ffadb862
9930_2,5d5becd2-4b59-416d-9038-82e3732e4f8b
9997_1,464adbbd-b3c6-42a2-b910-71ba4353b026
10405_3,aa9a1fbb-21c5-4281-864b-4002ebe4414f
11178_3,eb900dd6-a05e-47b5-9ca9-07451e604cc7
9769_0,d04f6d14-2a5d-49ca-808e-45abe6efc5c6
10341_1,23607919-7fb2-431e-8b8a-d2ba83bde463
10204_0,3bd60329-69e9-4299-9dbd-1d6c09e39763
9844_0,dd0f3d91-f204-4543-bdd1-c43346dcaed6
9736_0,d3561ea4-4613-4076-a5df-99a645315382
9823_0,8318f95c-06de-49ff-90f9-e865aaa2f8fd
9781_i,ee4c4613-175f-4a4e-81cf-83c5c27c6e3d
9785_0,3e1ab482-6d50-4600-92f0-95e6d6bcae12
9849_0,6b5eea38-625b-4bd0-8e2a-230ac8b8729d
9918_0,142da870-bd3e-4633-9c25-0a08b5240c41
9976_0,9d151e06-827e-4f9e-97f5-3f40a24e0964
10041_1,fd0abb05-61f6-407d-98fe-061b9ba55e9f
12098_0,2cc83c57-b4bb-4859-9cbb-8dcd03f9ee58
9671_0,031ce6fb-3015-4039-b2e9-77f66c1e510e
10125_0,0e779b57-30bf-410b-b289-895f1de298b0
9460_0,23a3a960-5bdf-4973-a030-553add0319a1
10550_0,5e556f27-e2b9-43bd-a7bb-872b76b1e489
13056_4,77dacecc-5890-4f5c-b0cc-9d5f2ab670bd
9981_0,57cf626d-bb1a-471c-b5e2-9f8223fbeaae
12697_0,6d7aaee9-7471-40ff-baf0-d2ef74265619
10005_3,f128c8df-eb83-4eb1-a5af-121fe40d14bc
9666_0,63fae2da-cffc-43df-9331-072923e267c4
10224_0,21ebba93-9228-4d81-837b-9241fff81087
10324_1,f9119bc0-0888-42da-909f-d4d4e4d12446
9821_0,86c8842f-6ef0-4b30-b452-ab233199f33f
13091_3,6ead44f0-e93b-4935-b048-fa8fc24fd1cc
9816_0,dfdc0448-3fee-4e87-b386-af880481b52b
9668_0,0023cdca-45ea-4674-9ca1-081757a9ff98
9870_i,34cd0942-7e0d-4cee-b31e-e8c38776d450
9968_0,bdb005d0-d8ce-4246-b56c-963386fff310
9756_1,b05c7132-0929-4904-a5a3-567ac87bd925
9993_0,0418f7d9-840f-4890-8d47-776737d7360f
10318_0,a7ec6dc3-ae1a-4ec9-8cae-4e4e916151ac
10350_0,e5373ee8-0031-462f-82e4-b08a0fd35436
10183_0,7cd23037-d991-41a5-bfb0-33de708d1aa5
9943_0,16639f56-c346-4d05-be2c-e4f2660b04a7
10267_0,a6672ead-dff5-4ea9-9f83-5ccc63d855df
9912_0,407f8de6-c2f7-4875-a623-cb928af98d50
9940_0,49eae4c7-92de-452d-91a4-5e2d63349bb1
10851_0,d60a49e5-0ad9-4333-8062-65168cb58250
9942_i,b51894a0-c0a1-4b5c-8350-1b9f4c5b5876
9895_0,e229e2d0-829a-4058-8709-ccecc7b54abc
10032_2,c12916e8-b9da-4b24-ae65-f5ea3e799356
9962_0,192eed94-5813-49df-81c7-66c7ae1b2f04
9960_i,491e516f-cfbf-41e5-a54f-afd1cbaf8246
9961_i,a9bd224d-6c55-446b-89f1-e25001a5fb44
10058_1,ae21d73d-4971-41d3-8bd1-cc7d2d2961c8
11796_1,2bbb179e-6970-4c17-9e12-c0f369b13db2
13229_1,57460fb0-74a5-4cb1-9054-85438d7a92d6
10364_1,6472ee4b-4ab9-47c4-87d8-b9d46a305df7
10398_0,cf1b03a2-2360-44b1-b959-0d1301926c71
10042_0,083c7b08-b044-4c56-b123-a6f706838acf
10031_0,c979214d-5df5-48d7-b2d2-223808f134d4
9857_0,ec229617-a193-45b8-8da7-0de3660eeca8
10752_3,8907abcd-d8a9-4e89-b82b-c0633eeff325
10134_0,80a180da-4fe1-4655-84fe-f93b465715d1
10116_0,355d6b72-50c6-4198-a00b-290b6b953475
9998_i,353ad991-4196-413e-a3b8-bc88b501efc2
9657_0,90c34800-5d41-407e-a6f8-7b93e7e838f7
9659_1,3a786d56-1449-4a63-ba84-1643a37dda19
9551_1,1133a508-5eaf-420c-a123-48351e8fe595
9804_0,600b8052-d140-4285-bc3a-0da2f50e134e
11453_0,6c6ad5c1-42e5-45e6-af96-4a58dce834f5
10819_1,8ae2a621-a448-49ce-9f2f-98157820006c
11440_3,17dfdca7-41e9-4f14-8716-e2ac36ae3e27
10037_0,71c83558-241c-498c-8c03-72f7c7947d1d
8504_2,c3e58bb1-16d8-430f-aa63-0ea576849081
10363_0,79226129-dc3c-496d-9b99-5c6cdde23a5d
10051_i,ba77f6ca-e9e9-43b0-83d2-4dcac1c6c092
10100_0,339d75f9-2127-4659-84a6-b142180fe49c
11134_4,1de17bbd-fa7b-4c39-81c6-4dc65badcde1
10106_0,80b24bf1-2e8a-4675-b2c2-f65fba35ce96
10048_0,e1356691-ad1c-4691-a8f8-fb5eeb5bff25
10431_1,192eed94-5813-49df-81c7-66c7ae1b2f04
10206_0,95319f1f-6424-4c44-8487-1caf7ec63943
10073_0,16641eaf-418c-4bce-be81-51675bc667d0
10068_i,c402ef9d-6a48-4f2f-b25d-f8f56ea0be7b
11109_0,0a02d0bd-3d4a-407d-8e19-474adc5327cb
9656_0,718310ff-ca0d-406b-a49d-00dec770ecc1
10111_0,dbee01b6-1586-4889-a221-8cae9a55ec37
10091_i,0d57567f-122e-45ce-a31d-a84e953307b9
10316_0,1ab1bfbc-7e44-42a2-9b97-14cf6c5910f9
11011_0,8a9ffae1-95bd-4208-8ad6-73612e9a6290
10591_0,d47d5c68-57db-4bcc-87de-7f2c6fef8845
10107_i,c47dc2bc-a55c-4b5c-9475-2f0b8c9d4854
10074_0,ffc2c0d8-b477-4a6e-8ccc-f212250594d4
10121_0,671054a1-4ce8-437b-9fe9-461ad42e5510
9633_1,9d223f1f-603d-42d4-b08c-089d3a18c521
10190_0,3aa6190a-6183-4a74-b40e-6dbcf80cf237
9436_1,ded21b3d-2c35-4f15-a8b4-7a849823a86f
10281_2,e82888c0-a203-4b00-a88b-970d6317fba3
11054_0,90ca36e0-391a-4979-8c1e-c649993b95f3
10017_0,66d22a80-39bb-4f28-a646-0cd578cc0c83
10379_1,5d38661a-d061-4fc5-9988-3b34a0957f3e
10475_0,981696ea-d866-42aa-b46a-5992a113388d
10420_0,e3813d86-0490-4fd0-8a0e-267b5175ca85
10167_1,ced6cfdd-f729-485c-8dd7-908816cc8a0e
10623_0,46f3c01b-f6fe-461d-bda4-9b7546bab32b
10122_0,953ef0d9-a53f-4767-a5bb-b40889edb0a6
10314_1,4e65fe8e-3239-496a-ae7d-baf9daa6ba3a
10401_3,b6f6685a-79b1-414f-bf48-743d596a1e9e
9999_0,8b105c0a-2a11-4206-b6ae-46547f966c4f
11280_1,5b8d645d-e007-4ce5-ad3e-07f93f884c08
11769_0,895c1fec-d076-42e3-ad15-92704276ccdd
10665_0,5edb296a-eaa4-47ef-8685-a4c459c08731
12083_0,96bb189f-555c-4cea-8234-46875e759ca4
10231_0,68ddaffd-3c3e-41b9-8c2e-a7bcdbc799b4
10280_0,54b0ad80-55c6-4fea-b8d9-e54ce1f1ed33
10214_i,df22b3ce-9bb9-4720-b287-5b01624614f6
10143_0,caa872e9-7337-4d7c-a889-a8c01d66cea7
12142_0,eefb205f-aadb-47fc-8dde-b7142760320c
11984_0,1a45dba7-b4cb-43c9-9b87-a248c8fb3a83
10299_0,100ecea2-6218-473f-89b6-ed24cdbb321a
10514_0,f5bf2cd8-3b52-4a44-84ce-bce967ab07b8
9615_1,a015ef0e-ee12-4c8e-a17f-566ddb052eb1
10275_0,3c42c869-3bee-4ea2-8de1-5bdbe45aa425
10229_0,da1a17e3-db9d-4e5c-9dbb-45fdda215fce
10228_1,842e9720-cc9d-48cd-95bf-42dffa893b57
10271_0,7394fa4b-a8e7-4cac-8725-2473bef7d6c4
11238_0,f1e67baf-c0bc-4b57-9a4a-650ff5385430
11060_1,301c376b-be51-4eaa-999d-bd08dcfe5934
10658_0,6183a05c-3bf0-41a9-965d-5958adac5d97
10644_0,5420a8b6-cd24-49ab-88c4-4327392c9648
9624_0,70d7fdc0-15b5-4769-b63c-ce04dee54320
10911_0,b4b01485-9a8c-49e8-a1ae-cb4829e77948
10156_0,474f832c-8e21-491a-9f20-b81cd06675a1
12592_0,18f9c052-0587-432c-aced-5abee4a25a67
10422_0,a6672ead-dff5-4ea9-9f83-5ccc63d855df
10006_0,83a6d56b-3883-4d0a-a7fa-59ca2cef6b5f
11093_0,85e05db3-5de0-4046-b276-3678ef2c489b
10359_i,a70ff383-f9aa-408f-b269-914e5203c30c
10768_0,23607919-7fb2-431e-8b8a-d2ba83bde463
10185_0,f947e8bd-9a77-47e9-9ff6-e375edfddd0a
8560_3,48826225-b0f4-4eb0-a904-7c18bd63a05e
10692_0,133d93a0-6cd4-461b-ab43-3ce7ac6baaec
11248_0,679b44de-5917-4732-b073-b913f54f37f6
10639_0,21feb578-dcf1-4d71-af84-cce35489bc2b
9405_4,d37d667d-215e-43d8-b40c-cebdb867e696
11321_0,3c42c869-3bee-4ea2-8de1-5bdbe45aa425
9854_0,62f72e63-36de-41a7-8fe2-8abf67ffe542
10901_0,f575d51c-bba3-426d-ae59-7ae613c77fa2
10346_0,29e7f5c1-9056-482c-bc2c-c5e6ed6cba5e
10478_0,fafc27f0-e5f2-46d1-ba96-1077de562c30
10830_0,aa9a1fbb-21c5-4281-864b-4002ebe4414f
11178_4,eb900dd6-a05e-47b5-9ca9-07451e604cc7
10965_0,16641eaf-418c-4bce-be81-51675bc667d0
10501_i,7f75b6e9-ac17-4c2a-8052-2e8c5ad14b8d
10204_1,3bd60329-69e9-4299-9dbd-1d6c09e39763
10660_0,b0348e31-ec30-47b8-91f5-e13892ed6a7a
11113_0,780425d7-5752-43f7-a424-d1d82b7970b6
11754_0,1ad1eda8-7b2c-41fc-84eb-ece28911bd36
10988_0,3e1ab482-6d50-4600-92f0-95e6d6bcae12
10535_i,a0d9bee8-8222-40c1-af63-73eccc5a021e
10495_0,142da870-bd3e-4633-9c25-0a08b5240c41
10626_0,9d151e06-827e-4f9e-97f5-3f40a24e0964
10041_2,fd0abb05-61f6-407d-98fe-061b9ba55e9f
10556_i,926f1e36-3614-4956-a730-1de8c6fc35bc
12098_1,2cc83c57-b4bb-4859-9cbb-8dcd03f9ee58
11095_0,0e779b57-30bf-410b-b289-895f1de298b0
10744_0,23a3a960-5bdf-4973-a030-553add0319a1
10983_0,5e556f27-e2b9-43bd-a7bb-872b76b1e489
13056_5,77dacecc-5890-4f5c-b0cc-9d5f2ab670bd
10498_0,57cf626d-bb1a-471c-b5e2-9f8223fbeaae
12697_1,6d7aaee9-7471-40ff-baf0-d2ef74265619
10771_0,f128c8df-eb83-4eb1-a5af-121fe40d14bc
12653_0,63fae2da-cffc-43df-9331-072923e267c4
10279_0,21ebba93-9228-4d81-837b-9241fff81087
10879_0,2c6f58f3-d2dd-47b2-a582-d7b1f09e1990
10811_0,86c8842f-6ef0-4b30-b452-ab233199f33f
13091_4,6ead44f0-e93b-4935-b048-fa8fc24fd1cc
10630_0,dfdc0448-3fee-4e87-b386-af880481b52b
12130_0,914d8e30-4687-4590-9fb8-0240d04b3801
10863_0,34cd0942-7e0d-4cee-b31e-e8c38776d450
10977_0,b05c7132-0929-4904-a5a3-567ac87bd925
10380_0,0418f7d9-840f-4890-8d47-776737d7360f
10672_0,f5bf2cd8-3b52-4a44-84ce-bce967ab07b8
10589_0,e5373ee8-0031-462f-82e4-b08a0fd35436
10633_0,7cd23037-d991-41a5-bfb0-33de708d1aa5
10790_0,16639f56-c346-4d05-be2c-e4f2660b04a7
10686_i,7355e859-a11d-4572-91c0-ebbf729054d8
11376_0,a6672ead-dff5-4ea9-9f83-5ccc63d855df
10969_0,407f8de6-c2f7-4875-a623-cb928af98d50
10742_0,49eae4c7-92de-452d-91a4-5e2d63349bb1
10851_1,d60a49e5-0ad9-4333-8062-65168cb58250
10994_0,b51894a0-c0a1-4b5c-8350-1b9f4c5b5876
10993_0,e229e2d0-829a-4058-8709-ccecc7b54abc
10857_0,c12916e8-b9da-4b24-ae65-f5ea3e799356
10922_0,192eed94-5813-49df-81c7-66c7ae1b2f04
10414_0,491e516f-cfbf-41e5-a54f-afd1cbaf8246
10730_0,841c105d-d2c8-4e60-af86-d461a025284d
11201_0,ae21d73d-4971-41d3-8bd1-cc7d2d2961c8
11796_2,2bbb179e-6970-4c17-9e12-c0f369b13db2
13229_2,57460fb0-74a5-4cb1-9054-85438d7a92d6
11071_0,6472ee4b-4ab9-47c4-87d8-b9d46a305df7
11173_0,cf1b03a2-2360-44b1-b959-0d1301926c71
10791_0,083c7b08-b044-4c56-b123-a6f706838acf
10760_0,c979214d-5df5-48d7-b2d2-223808f134d4
10835_0,ec229617-a193-45b8-8da7-0de3660eeca8
10631_0,80a180da-4fe1-4655-84fe-f93b465715d1
11025_0,355d6b72-50c6-4198-a00b-290b6b953475
10776_0,353ad991-4196-413e-a3b8-bc88b501efc2
11721_0,90c34800-5d41-407e-a6f8-7b93e7e838f7
12122_0,1133a508-5eaf-420c-a123-48351e8fe595
11453_1,6c6ad5c1-42e5-45e6-af96-4a58dce834f5
10819_2,8ae2a621-a448-49ce-9f2f-98157820006c
11440_4,17dfdca7-41e9-4f14-8716-e2ac36ae3e27
10944_0,905edcbc-073a-4f10-be99-e80f2279517f
11134_5,1de17bbd-fa7b-4c39-81c6-4dc65badcde1
10810_0,ea41a99b-082e-4ac4-ad20-dc78ca92c192
10781_0,e1356691-ad1c-4691-a8f8-fb5eeb5bff25
10928_0,192eed94-5813-49df-81c7-66c7ae1b2f04
10456_0,95319f1f-6424-4c44-8487-1caf7ec63943
11135_0,16641eaf-418c-4bce-be81-51675bc667d0
11527_0,c402ef9d-6a48-4f2f-b25d-f8f56ea0be7b
10916_i,8ba5817c-e63d-43b3-aa95-3dd7e44b844f
11109_1,0a02d0bd-3d4a-407d-8e19-474adc5327cb
11920_0,45ea3fcc-de38-48dc-80e2-091c3bb7b9a9
11043_0,1ab1bfbc-7e44-42a2-9b97-14cf6c5910f9
11011_1,8a9ffae1-95bd-4208-8ad6-73612e9a6290
10882_0,d47d5c68-57db-4bcc-87de-7f2c6fef8845
11645_0,f8d4c7d8-a711-4418-ac39-8c135ddad363
11118_0,ffc2c0d8-b477-4a6e-8ccc-f212250594d4
11260_0,671054a1-4ce8-437b-9fe9-461ad42e5510
10571_0,3aa6190a-6183-4a74-b40e-6dbcf80cf237
10973_i,70465cc2-5164-4ec5-99cc-a0d91436abb7
9436_2,ded21b3d-2c35-4f15-a8b4-7a849823a86f
12103_0,8907abcd-d8a9-4e89-b82b-c0633eeff325
11054_1,90ca36e0-391a-4979-8c1e-c649993b95f3
11535_0,66d22a80-39bb-4f28-a646-0cd578cc0c83
11426_0,2aacf9b5-cb4d-44bf-97bc-a73305181ac9
12880_0,981696ea-d866-42aa-b46a-5992a113388d
11064_0,e3813d86-0490-4fd0-8a0e-267b5175ca85
11614_0,ced6cfdd-f729-485c-8dd7-908816cc8a0e
11344_0,33cdd213-42ad-43e0-9c8b-56acc5484a94
10749_0,953ef0d9-a53f-4767-a5bb-b40889edb0a6
10843_0,4e65fe8e-3239-496a-ae7d-baf9daa6ba3a
11038_0,b6f6685a-79b1-414f-bf48-743d596a1e9e
12479_0,8b105c0a-2a11-4206-b6ae-46547f966c4f
11280_2,5b8d645d-e007-4ce5-ad3e-07f93f884c08
11769_1,895c1fec-d076-42e3-ad15-92704276ccdd
10997_0,5edb296a-eaa4-47ef-8685-a4c459c08731
12083_1,96bb189f-555c-4cea-8234-46875e759ca4
11033_0,68ddaffd-3c3e-41b9-8c2e-a7bcdbc799b4
10793_0,54b0ad80-55c6-4fea-b8d9-e54ce1f1ed33
11013_0,df22b3ce-9bb9-4720-b287-5b01624614f6
10511_0,6beb61e4-196b-43b2-8882-47c97ce30111
12142_1,eefb205f-aadb-47fc-8dde-b7142760320c
11984_1,1a45dba7-b4cb-43c9-9b87-a248c8fb3a83
11209_0,100ecea2-6218-473f-89b6-ed24cdbb321a
11100_0,f5bf2cd8-3b52-4a44-84ce-bce967ab07b8
11116_0,3c42c869-3bee-4ea2-8de1-5bdbe45aa425
11382_0,8ee18413-16c7-4a74-8a23-1d2c0345f679
11051_0,842e9720-cc9d-48cd-95bf-42dffa893b57
11353_0,7394fa4b-a8e7-4cac-8725-2473bef7d6c4
11238_1,f1e67baf-c0bc-4b57-9a4a-650ff5385430
11060_2,301c376b-be51-4eaa-999d-bd08dcfe5934
11096_0,6183a05c-3bf0-41a9-965d-5958adac5d97
11334_0,b787aee5-f0ce-4842-9a0a-831bc430ffa1
11015_0,70d7fdc0-15b5-4769-b63c-ce04dee54320
11902_0,b4b01485-9a8c-49e8-a1ae-cb4829e77948
10844_0,474f832c-8e21-491a-9f20-b81cd06675a1
12592_1,18f9c052-0587-432c-aced-5abee4a25a67
11287_0,a6672ead-dff5-4ea9-9f83-5ccc63d855df
11840_0,cea296cf-bd1b-446d-9a54-ddfdc71850c4
11816_0,85e05db3-5de0-4046-b276-3678ef2c489b
12286_0,a70ff383-f9aa-408f-b269-914e5203c30c
11599_0,d37d667d-215e-43d8-b40c-cebdb867e696
11184_0,f947e8bd-9a77-47e9-9ff6-e375edfddd0a
11155_0,133d93a0-6cd4-461b-ab43-3ce7ac6baaec
11261_0,679b44de-5917-4732-b073-b913f54f37f6
11284_i,67a16760-a531-4bd4-bc56-6194d28d0587
11394_0,21feb578-dcf1-4d71-af84-cce35489bc2b
11411_0,d37d667d-215e-43d8-b40c-cebdb867e696
11321_1,3c42c869-3bee-4ea2-8de1-5bdbe45aa425
12677_0,5dd25409-3366-4d93-b42e-158f9d242c3f
11468_0,f575d51c-bba3-426d-ae59-7ae613c77fa2
11332_0,464adbbd-b3c6-42a2-b910-71ba4353b026
11342_0,16641eaf-418c-4bce-be81-51675bc667d0
11446_0,2cf0d414-6074-4519-a6ec-c6da02c81af4
11473_0,d3561ea4-4613-4076-a5df-99a645315382
11113_1,780425d7-5752-43f7-a424-d1d82b7970b6
11754_1,1ad1eda8-7b2c-41fc-84eb-ece28911bd36
11373_i,93d8ddc9-f7e0-4813-85c0-b2b8a3234385
12230_0,3e1ab482-6d50-4600-92f0-95e6d6bcae12
11035_0,a0d9bee8-8222-40c1-af63-73eccc5a021e
11152_0,142da870-bd3e-4633-9c25-0a08b5240c41
11386_0,c6ef1f6e-c640-4fae-b771-446a972ab486
12760_0,d86c68ee-5c60-4d24-86aa-0c8781ca373c
11878_0,926f1e36-3614-4956-a730-1de8c6fc35bc
12098_2,2cc83c57-b4bb-4859-9cbb-8dcd03f9ee58
11396_0,0e779b57-30bf-410b-b289-895f1de298b0
11620_0,23a3a960-5bdf-4973-a030-553add0319a1
11431_0,5e556f27-e2b9-43bd-a7bb-872b76b1e489
11412_i,c8e8c310-dde1-4f06-b83e-6df6265a2c7c
13056_6,77dacecc-5890-4f5c-b0cc-9d5f2ab670bd
11562_0,57cf626d-bb1a-471c-b5e2-9f8223fbeaae
12697_2,6d7aaee9-7471-40ff-baf0-d2ef74265619
11417_0,f128c8df-eb83-4eb1-a5af-121fe40d14bc
12653_1,63fae2da-cffc-43df-9331-072923e267c4
12055_0,21ebba93-9228-4d81-837b-9241fff81087
10879_1,2c6f58f3-d2dd-47b2-a582-d7b1f09e1990
11668_0,86c8842f-6ef0-4b30-b452-ab233199f33f
13091_5,6ead44f0-e93b-4935-b048-fa8fc24fd1cc
12199_0,dfdc0448-3fee-4e87-b386-af880481b52b
12130_1,914d8e30-4687-4590-9fb8-0240d04b3801
11447_i,c3d77291-9b22-4c12-bb95-f568790a54c4
10863_1,34cd0942-7e0d-4cee-b31e-e8c38776d450
11506_0,b05c7132-0929-4904-a5a3-567ac87bd925
10886_0,0418f7d9-840f-4890-8d47-776737d7360f
12454_0,f5bf2cd8-3b52-4a44-84ce-bce967ab07b8
11566_0,e5373ee8-0031-462f-82e4-b08a0fd35436
12149_0,7cd23037-d991-41a5-bfb0-33de708d1aa5
11771_0,16639f56-c346-4d05-be2c-e4f2660b04a7
11571_0,7355e859-a11d-4572-91c0-ebbf729054d8
11376_1,a6672ead-dff5-4ea9-9f83-5ccc63d855df
11508_i,95bf4722-7060-4457-abce-4a5a47f07a22
12198_0,407f8de6-c2f7-4875-a623-cb928af98d50
12767_0,49eae4c7-92de-452d-91a4-5e2d63349bb1
11712_0,d60a49e5-0ad9-4333-8062-65168cb58250
11662_0,b51894a0-c0a1-4b5c-8350-1b9f4c5b5876
11574_0,e229e2d0-829a-4058-8709-ccecc7b54abc
11730_0,c12916e8-b9da-4b24-ae65-f5ea3e799356
11739_0,491e516f-cfbf-41e5-a54f-afd1cbaf8246
11491_0,ae21d73d-4971-41d3-8bd1-cc7d2d2961c8
11796_3,2bbb179e-6970-4c17-9e12-c0f369b13db2
13229_3,57460fb0-74a5-4cb1-9054-85438d7a92d6
13199_0,6472ee4b-4ab9-47c4-87d8-b9d46a305df7
11660_0,cf1b03a2-2360-44b1-b959-0d1301926c71
11993_0,083c7b08-b044-4c56-b123-a6f706838acf
11493_0,c979214d-5df5-48d7-b2d2-223808f134d4
12205_0,ec229617-a193-45b8-8da7-0de3660eeca8
11627_0,80a180da-4fe1-4655-84fe-f93b465715d1
12620_0,355d6b72-50c6-4198-a00b-290b6b953475
11349_0,353ad991-4196-413e-a3b8-bc88b501efc2
11721_1,90c34800-5d41-407e-a6f8-7b93e7e838f7
12122_1,1133a508-5eaf-420c-a123-48351e8fe595
11970_0,6c6ad5c1-42e5-45e6-af96-4a58dce834f5
11440_5,17dfdca7-41e9-4f14-8716-e2ac36ae3e27
11654_0,905edcbc-073a-4f10-be99-e80f2279517f
11134_6,1de17bbd-fa7b-4c39-81c6-4dc65badcde1
11844_0,d946e812-7363-4f09-a570-3c573c502510
11985_0,e1356691-ad1c-4691-a8f8-fb5eeb5bff25
14003_0,192eed94-5813-49df-81c7-66c7ae1b2f04
11286_0,95319f1f-6424-4c44-8487-1caf7ec63943
12106_0,16641eaf-418c-4bce-be81-51675bc667d0
11641_0,c402ef9d-6a48-4f2f-b25d-f8f56ea0be7b
11727_0,8ba5817c-e63d-43b3-aa95-3dd7e44b844f
11664_i,1d7701ad-5528-4680-a18b-4e201fc50c5f
11165_0,0a02d0bd-3d4a-407d-8e19-474adc5327cb
11920_1,45ea3fcc-de38-48dc-80e2-091c3bb7b9a9
11698_0,cd74e4e4-1962-4a9f-a0c6-67534d492b53
11595_0,8a9ffae1-95bd-4208-8ad6-73612e9a6290
11899_0,d47d5c68-57db-4bcc-87de-7f2c6fef8845
11693_0,f8d4c7d8-a711-4418-ac39-8c135ddad363
12540_0,ffc2c0d8-b477-4a6e-8ccc-f212250594d4
12744_0,671054a1-4ce8-437b-9fe9-461ad42e5510
11793_0,3aa6190a-6183-4a74-b40e-6dbcf80cf237
11684_0,70465cc2-5164-4ec5-99cc-a0d91436abb7
11037_0,ded21b3d-2c35-4f15-a8b4-7a849823a86f
12103_1,8907abcd-d8a9-4e89-b82b-c0633eeff325
12929_0,173b8f5e-8206-496a-9302-018e2608d01a
12880_1,981696ea-d866-42aa-b46a-5992a113388d
11799_0,590f7767-31ab-497c-bd45-a98c687d92c6
11822_0,38255023-d0b4-4e5f-b730-5a2665b7598b
11877_0,b6f6685a-79b1-414f-bf48-743d596a1e9e
12479_1,8b105c0a-2a11-4206-b6ae-46547f966c4f
12855_0,5b8d645d-e007-4ce5-ad3e-07f93f884c08
11769_2,895c1fec-d076-42e3-ad15-92704276ccdd
12083_2,96bb189f-555c-4cea-8234-46875e759ca4
11779_0,68ddaffd-3c3e-41b9-8c2e-a7bcdbc799b4
10793_1,54b0ad80-55c6-4fea-b8d9-e54ce1f1ed33
12504_0,df22b3ce-9bb9-4720-b287-5b01624614f6
12142_2,eefb205f-aadb-47fc-8dde-b7142760320c
11984_2,1a45dba7-b4cb-43c9-9b87-a248c8fb3a83
11917_0,100ecea2-6218-473f-89b6-ed24cdbb321a
11938_0,f5bf2cd8-3b52-4a44-84ce-bce967ab07b8
11646_0,3c42c869-3bee-4ea2-8de1-5bdbe45aa425
11794_0,8ee18413-16c7-4a74-8a23-1d2c0345f679
12202_0,842e9720-cc9d-48cd-95bf-42dffa893b57
11353_1,7394fa4b-a8e7-4cac-8725-2473bef7d6c4
12233_0,16e24d38-5d50-454e-92db-03f35a338313
11930_0,301c376b-be51-4eaa-999d-bd08dcfe5934
12210_0,6183a05c-3bf0-41a9-965d-5958adac5d97
11334_1,b787aee5-f0ce-4842-9a0a-831bc430ffa1
12328_0,70d7fdc0-15b5-4769-b63c-ce04dee54320
11902_1,b4b01485-9a8c-49e8-a1ae-cb4829e77948
12592_2,18f9c052-0587-432c-aced-5abee4a25a67
12588_0,a6672ead-dff5-4ea9-9f83-5ccc63d855df
11840_1,cea296cf-bd1b-446d-9a54-ddfdc71850c4
11816_1,85e05db3-5de0-4046-b276-3678ef2c489b
12286_1,a70ff383-f9aa-408f-b269-914e5203c30c
12077_0,23607919-7fb2-431e-8b8a-d2ba83bde463
11860_0,f947e8bd-9a77-47e9-9ff6-e375edfddd0a
11261_1,679b44de-5917-4732-b073-b913f54f37f6
11764_0,67a16760-a531-4bd4-bc56-6194d28d0587
12319_0,21feb578-dcf1-4d71-af84-cce35489bc2b
12044_i,f428e7cb-9d95-4a73-a835-426b0c68bc9a
12226_0,d37d667d-215e-43d8-b40c-cebdb867e696
14441_0,3c42c869-3bee-4ea2-8de1-5bdbe45aa425
12677_1,5dd25409-3366-4d93-b42e-158f9d242c3f
11468_1,f575d51c-bba3-426d-ae59-7ae613c77fa2
12139_0,24afb9f1-0651-4058-bcf2-79b01ea546f5
12078_i,e74f57df-c51c-4075-8af0-59b949e305b9
14119_0,16641eaf-418c-4bce-be81-51675bc667d0
11446_1,2cf0d414-6074-4519-a6ec-c6da02c81af4
12222_0,d3561ea4-4613-4076-a5df-99a645315382
12137_0,1ad1eda8-7b2c-41fc-84eb-ece28911bd36
12425_0,93d8ddc9-f7e0-4813-85c0-b2b8a3234385
12230_1,3e1ab482-6d50-4600-92f0-95e6d6bcae12
12191_0,a0d9bee8-8222-40c1-af63-73eccc5a021e
11912_0,142da870-bd3e-4633-9c25-0a08b5240c41
12760_1,d86c68ee-5c60-4d24-86aa-0c8781ca373c
12605_0,926f1e36-3614-4956-a730-1de8c6fc35bc
12098_3,2cc83c57-b4bb-4859-9cbb-8dcd03f9ee58
13681_0,0e779b57-30bf-410b-b289-895f1de298b0
12377_0,23a3a960-5bdf-4973-a030-553add0319a1
12272_0,5e556f27-e2b9-43bd-a7bb-872b76b1e489
12417_0,c8e8c310-dde1-4f06-b83e-6df6265a2c7c
13056_7,77dacecc-5890-4f5c-b0cc-9d5f2ab670bd
12138_0,7b1b3277-be93-47ee-a3bb-535d784b0563
12697_3,6d7aaee9-7471-40ff-baf0-d2ef74265619
13905_0,f128c8df-eb83-4eb1-a5af-121fe40d14bc
12653_2,63fae2da-cffc-43df-9331-072923e267c4
12055_1,21ebba93-9228-4d81-837b-9241fff81087
11981_0,86c8842f-6ef0-4b30-b452-ab233199f33f
13091_6,6ead44f0-e93b-4935-b048-fa8fc24fd1cc
12199_1,dfdc0448-3fee-4e87-b386-af880481b52b
12130_2,914d8e30-4687-4590-9fb8-0240d04b3801
12054_0,c3d77291-9b22-4c12-bb95-f568790a54c4
12667_0,34cd0942-7e0d-4cee-b31e-e8c38776d450
12082_0,b05c7132-0929-4904-a5a3-567ac87bd925
12441_0,0418f7d9-840f-4890-8d47-776737d7360f
12454_1,f5bf2cd8-3b52-4a44-84ce-bce967ab07b8
12237_i,d8452649-a6e6-4ded-abd7-54efddd4a9d7
12149_1,7cd23037-d991-41a5-bfb0-33de708d1aa5
12295_0,16639f56-c346-4d05-be2c-e4f2660b04a7
11905_0,7355e859-a11d-4572-91c0-ebbf729054d8
12304_0,a6672ead-dff5-4ea9-9f83-5ccc63d855df
11626_0,95bf4722-7060-4457-abce-4a5a47f07a22
13872_0,407f8de6-c2f7-4875-a623-cb928af98d50
12767_1,49eae4c7-92de-452d-91a4-5e2d63349bb1
12236_0,d60a49e5-0ad9-4333-8062-65168cb58250
12192_0,b51894a0-c0a1-4b5c-8350-1b9f4c5b5876
12705_0,e229e2d0-829a-4058-8709-ccecc7b54abc
12942_0,c12916e8-b9da-4b24-ae65-f5ea3e799356
12694_0,491e516f-cfbf-41e5-a54f-afd1cbaf8246
12293_0,ae21d73d-4971-41d3-8bd1-cc7d2d2961c8
13229_4,57460fb0-74a5-4cb1-9054-85438d7a92d6
13199_1,6472ee4b-4ab9-47c4-87d8-b9d46a305df7
12291_0,cf1b03a2-2360-44b1-b959-0d1301926c71
13263_0,f9affa33-afb9-4e81-afc5-a558f863c150
12791_0,c979214d-5df5-48d7-b2d2-223808f134d4
12346_i,2f899a4d-22a8-4648-9619-b5ebcc65b919
12205_1,ec229617-a193-45b8-8da7-0de3660eeca8
12674_0,80a180da-4fe1-4655-84fe-f93b465715d1
12620_1,355d6b72-50c6-4198-a00b-290b6b953475
12533_0,353ad991-4196-413e-a3b8-bc88b501efc2
11721_2,90c34800-5d41-407e-a6f8-7b93e7e838f7
12122_2,1133a508-5eaf-420c-a123-48351e8fe595
11440_6,17dfdca7-41e9-4f14-8716-e2ac36ae3e27
12577_0,905edcbc-073a-4f10-be99-e80f2279517f
13630_0,3154267b-8036-4060-9719-d1b34c4c94ab
13375_0,ea41a99b-082e-4ac4-ad20-dc78ca92c192
12258_0,e1356691-ad1c-4691-a8f8-fb5eeb5bff25
14003_1,192eed94-5813-49df-81c7-66c7ae1b2f04
13280_0,95319f1f-6424-4c44-8487-1caf7ec63943
12546_0,16641eaf-418c-4bce-be81-51675bc667d0
13675_0,8ba5817c-e63d-43b3-aa95-3dd7e44b844f
12790_0,1d7701ad-5528-4680-a18b-4e201fc50c5f
12745_0,0a02d0bd-3d4a-407d-8e19-474adc5327cb
12913_0,d04f6d14-2a5d-49ca-808e-45abe6efc5c6
11595_1,8a9ffae1-95bd-4208-8ad6-73612e9a6290
12433_0,d47d5c68-57db-4bcc-87de-7f2c6fef8845
12566_0,f8d4c7d8-a711-4418-ac39-8c135ddad363
12540_1,ffc2c0d8-b477-4a6e-8ccc-f212250594d4
12744_1,671054a1-4ce8-437b-9fe9-461ad42e5510
12762_0,3aa6190a-6183-4a74-b40e-6dbcf80cf237
12820_0,70465cc2-5164-4ec5-99cc-a0d91436abb7
11037_1,ded21b3d-2c35-4f15-a8b4-7a849823a86f
12957_0,a2d8c8ae-88f6-4753-8fd6-2c24f6c86dd3
12929_1,173b8f5e-8206-496a-9302-018e2608d01a
12880_2,981696ea-d866-42aa-b46a-5992a113388d
13859_0,ced6cfdd-f729-485c-8dd7-908816cc8a0e
13881_0,b6f6685a-79b1-414f-bf48-743d596a1e9e
12487_0,8b105c0a-2a11-4206-b6ae-46547f966c4f
12855_1,5b8d645d-e007-4ce5-ad3e-07f93f884c08
12389_0,895c1fec-d076-42e3-ad15-92704276ccdd
12147_0,96bb189f-555c-4cea-8234-46875e759ca4
12505_0,68ddaffd-3c3e-41b9-8c2e-a7bcdbc799b4
12162_0,77c3f299-c774-4ddd-8c87-2efdf6e677ec
12812_0,eefb205f-aadb-47fc-8dde-b7142760320c
11984_3,1a45dba7-b4cb-43c9-9b87-a248c8fb3a83
13042_0,100ecea2-6218-473f-89b6-ed24cdbb321a
13087_0,f5bf2cd8-3b52-4a44-84ce-bce967ab07b8
12758_0,c861eb55-f39e-45e7-8233-ff4bcd444445
12881_0,8ee18413-16c7-4a74-8a23-1d2c0345f679
12619_0,7394fa4b-a8e7-4cac-8725-2473bef7d6c4
12532_0,16e24d38-5d50-454e-92db-03f35a338313
12701_0,301c376b-be51-4eaa-999d-bd08dcfe5934
13314_0,6183a05c-3bf0-41a9-965d-5958adac5d97
13504_0,b787aee5-f0ce-4842-9a0a-831bc430ffa1
12575_0,70d7fdc0-15b5-4769-b63c-ce04dee54320
12940_0,e904ad46-1772-4cf0-9fd6-ec87e1ae5774
13098_0,d9d928ad-1ab8-4f92-8e30-ef51ba2662d2
11816_2,85e05db3-5de0-4046-b276-3678ef2c489b
12678_0,a70ff383-f9aa-408f-b269-914e5203c30c
12340_0,f947e8bd-9a77-47e9-9ff6-e375edfddd0a
13184_0,67a16760-a531-4bd4-bc56-6194d28d0587
13160_0,21feb578-dcf1-4d71-af84-cce35489bc2b
12856_0,f428e7cb-9d95-4a73-a835-426b0c68bc9a
12933_0,d37d667d-215e-43d8-b40c-cebdb867e696
12861_i,106d664f-d03c-4462-a735-07a7d73c8ce3
14441_1,3c42c869-3bee-4ea2-8de1-5bdbe45aa425
12677_2,5dd25409-3366-4d93-b42e-158f9d242c3f
12923_0,24afb9f1-0651-4058-bcf2-79b01ea546f5
13256_0,e74f57df-c51c-4075-8af0-59b949e305b9
14119_1,16641eaf-418c-4bce-be81-51675bc667d0
12897_i,ed924f03-e5f4-440a-9227-1cda14203a4b
12901_i,b74b2de9-cf51-4e85-b0bf-af7bc6dfae18
13529_0,d3561ea4-4613-4076-a5df-99a645315382
12917_0,1ad1eda8-7b2c-41fc-84eb-ece28911bd36
13077_0,93d8ddc9-f7e0-4813-85c0-b2b8a3234385
13002_0,3e1ab482-6d50-4600-92f0-95e6d6bcae12
13134_0,a0d9bee8-8222-40c1-af63-73eccc5a021e
13220_0,142da870-bd3e-4633-9c25-0a08b5240c41
14227_0,d86c68ee-5c60-4d24-86aa-0c8781ca373c
13681_1,0e779b57-30bf-410b-b289-895f1de298b0
12998_0,23a3a960-5bdf-4973-a030-553add0319a1
12885_0,c8e8c310-dde1-4f06-b83e-6df6265a2c7c
13056_8,77dacecc-5890-4f5c-b0cc-9d5f2ab670bd
12138_1,7b1b3277-be93-47ee-a3bb-535d784b0563
13905_1,f128c8df-eb83-4eb1-a5af-121fe40d14bc
12967_0,63fae2da-cffc-43df-9331-072923e267c4
13200_0,86c8842f-6ef0-4b30-b452-ab233199f33f
13091_7,6ead44f0-e93b-4935-b048-fa8fc24fd1cc
12941_0,c3d77291-9b22-4c12-bb95-f568790a54c4
13207_0,34cd0942-7e0d-4cee-b31e-e8c38776d450
13577_0,b05c7132-0929-4904-a5a3-567ac87bd925
13041_0,808bf391-26aa-4b4c-854b-34962c9ac10d
13162_0,7cd23037-d991-41a5-bfb0-33de708d1aa5
13354_0,16639f56-c346-4d05-be2c-e4f2660b04a7
11905_1,7355e859-a11d-4572-91c0-ebbf729054d8
13301_0,a6672ead-dff5-4ea9-9f83-5ccc63d855df
13666_0,64d150f0-60e6-4f60-88e9-29fe41f15e58
13872_1,407f8de6-c2f7-4875-a623-cb928af98d50
13221_0,49eae4c7-92de-452d-91a4-5e2d63349bb1
13742_0,d60a49e5-0ad9-4333-8062-65168cb58250
12705_1,e229e2d0-829a-4058-8709-ccecc7b54abc
13255_0,491e516f-cfbf-41e5-a54f-afd1cbaf8246
13387_0,1ade2939-b050-40eb-a4b6-97db4a993221
13229_5,57460fb0-74a5-4cb1-9054-85438d7a92d6
13199_2,6472ee4b-4ab9-47c4-87d8-b9d46a305df7
13343_0,cf1b03a2-2360-44b1-b959-0d1301926c71
13263_1,f9affa33-afb9-4e81-afc5-a558f863c150
12791_1,c979214d-5df5-48d7-b2d2-223808f134d4
12501_0,2f899a4d-22a8-4648-9619-b5ebcc65b919
13281_0,ec229617-a193-45b8-8da7-0de3660eeca8
12674_1,80a180da-4fe1-4655-84fe-f93b465715d1
13689_0,355d6b72-50c6-4198-a00b-290b6b953475
12932_0,4ac67110-92c1-446f-a5a9-4723a3627e30
12753_0,90c34800-5d41-407e-a6f8-7b93e7e838f7
13175_0,48c1796b-1c28-4cfd-a352-a5bd2b2bfb9a
13658_0,3255599a-fc7d-4758-b361-2a313ffe2f76
12978_0,905edcbc-073a-4f10-be99-e80f2279517f
13630_1,3154267b-8036-4060-9719-d1b34c4c94ab
13375_1,ea41a99b-082e-4ac4-ad20-dc78ca92c192
13550_0,e1356691-ad1c-4691-a8f8-fb5eeb5bff25
14003_2,192eed94-5813-49df-81c7-66c7ae1b2f04
13280_1,95319f1f-6424-4c44-8487-1caf7ec63943
14585_0,16641eaf-418c-4bce-be81-51675bc667d0
13675_1,8ba5817c-e63d-43b3-aa95-3dd7e44b844f
13299_0,1d7701ad-5528-4680-a18b-4e201fc50c5f
13230_0,0a02d0bd-3d4a-407d-8e19-474adc5327cb
13585_0,d04f6d14-2a5d-49ca-808e-45abe6efc5c6
13735_0,00a1b54b-f9db-46d6-9e86-689a57685145
13809_0,3aa6190a-6183-4a74-b40e-6dbcf80cf237
12820_1,70465cc2-5164-4ec5-99cc-a0d91436abb7
13638_0,ded21b3d-2c35-4f15-a8b4-7a849823a86f
13100_0,8907abcd-d8a9-4e89-b82b-c0633eeff325
13325_0,981696ea-d866-42aa-b46a-5992a113388d
13859_1,ced6cfdd-f729-485c-8dd7-908816cc8a0e
13881_1,b6f6685a-79b1-414f-bf48-743d596a1e9e
13478_0,8b105c0a-2a11-4206-b6ae-46547f966c4f
13344_0,98cdcf39-874f-4955-82d2-c4bfb99428b7
12505_1,68ddaffd-3c3e-41b9-8c2e-a7bcdbc799b4
13816_0,eefb205f-aadb-47fc-8dde-b7142760320c
13747_0,1a45dba7-b4cb-43c9-9b87-a248c8fb3a83
13442_0,deb9b1b5-a9b9-41d4-a51d-30ae4bd5556e
13695_0,e7b22e16-99c7-4f79-b28b-bfabe6803350
13621_0,f1e67baf-c0bc-4b57-9a4a-650ff5385430
13562_0,301c376b-be51-4eaa-999d-bd08dcfe5934
13696_0,6183a05c-3bf0-41a9-965d-5958adac5d97
13417_0,f8823cb2-fb8c-45c3-a347-35b582e292a2
13993_0,d9d928ad-1ab8-4f92-8e30-ef51ba2662d2
11816_3,85e05db3-5de0-4046-b276-3678ef2c489b
12678_1,a70ff383-f9aa-408f-b269-914e5203c30c
13867_0,f947e8bd-9a77-47e9-9ff6-e375edfddd0a
13686_0,67a16760-a531-4bd4-bc56-6194d28d0587
14044_0,b2845574-b557-47c7-9683-414c6e09c991
13587_0,f428e7cb-9d95-4a73-a835-426b0c68bc9a
14023_0,d37d667d-215e-43d8-b40c-cebdb867e696
13646_0,106d664f-d03c-4462-a735-07a7d73c8ce3
14441_2,3c42c869-3bee-4ea2-8de1-5bdbe45aa425
13775_0,e74f57df-c51c-4075-8af0-59b949e305b9
14119_2,16641eaf-418c-4bce-be81-51675bc667d0
13636_0,ed924f03-e5f4-440a-9227-1cda14203a4b
13581_0,b74b2de9-cf51-4e85-b0bf-af7bc6dfae18
13652_0,d3561ea4-4613-4076-a5df-99a645315382
14306_0,1ad1eda8-7b2c-41fc-84eb-ece28911bd36
13077_1,93d8ddc9-f7e0-4813-85c0-b2b8a3234385
14148_0,3e1ab482-6d50-4600-92f0-95e6d6bcae12
13606_0,142da870-bd3e-4633-9c25-0a08b5240c41
14227_1,d86c68ee-5c60-4d24-86aa-0c8781ca373c
13681_2,0e779b57-30bf-410b-b289-895f1de298b0
13453_0,23a3a960-5bdf-4973-a030-553add0319a1
14042_0,c8e8c310-dde1-4f06-b83e-6df6265a2c7c
14133_0,7b1b3277-be93-47ee-a3bb-535d784b0563
13905_2,f128c8df-eb83-4eb1-a5af-121fe40d14bc
13700_0,63fae2da-cffc-43df-9331-072923e267c4
13730_i,19b66697-70ed-4c86-9501-9b92bb2ab0fe
14084_0,86c8842f-6ef0-4b30-b452-ab233199f33f
14587_0,6ead44f0-e93b-4935-b048-fa8fc24fd1cc
13593_0,c3d77291-9b22-4c12-bb95-f568790a54c4
13207_1,34cd0942-7e0d-4cee-b31e-e8c38776d450
14640_0,ffe8b36c-444f-434b-98d8-1827ebb51cf1
13827_0,3bcda2bb-6e56-47ba-a311-7dda6e46b30b
14106_0,7cd23037-d991-41a5-bfb0-33de708d1aa5
13796_0,16639f56-c346-4d05-be2c-e4f2660b04a7
13858_0,5e780a8d-975b-47a6-9d25-98c874e65b52
13719_0,a6672ead-dff5-4ea9-9f83-5ccc63d855df
14259_0,95bf4722-7060-4457-abce-4a5a47f07a22
13872_2,407f8de6-c2f7-4875-a623-cb928af98d50
13847_0,49eae4c7-92de-452d-91a4-5e2d63349bb1
14011_0,d60a49e5-0ad9-4333-8062-65168cb58250
13965_0,491e516f-cfbf-41e5-a54f-afd1cbaf8246
14145_0,ae21d73d-4971-41d3-8bd1-cc7d2d2961c8
13229_6,57460fb0-74a5-4cb1-9054-85438d7a92d6
13833_0,cf1b03a2-2360-44b1-b959-0d1301926c71
14013_0,f9affa33-afb9-4e81-afc5-a558f863c150
14061_0,c979214d-5df5-48d7-b2d2-223808f134d4
14111_0,2f899a4d-22a8-4648-9619-b5ebcc65b919
13890_0,353ad991-4196-413e-a3b8-bc88b501efc2
13629_0,905edcbc-073a-4f10-be99-e80f2279517f
13855_0,ea41a99b-082e-4ac4-ad20-dc78ca92c192
14017_0,e1356691-ad1c-4691-a8f8-fb5eeb5bff25
14003_3,192eed94-5813-49df-81c7-66c7ae1b2f04
14585_1,16641eaf-418c-4bce-be81-51675bc667d0
13870_0,8ba5817c-e63d-43b3-aa95-3dd7e44b844f
14075_0,0a02d0bd-3d4a-407d-8e19-474adc5327cb
13585_1,d04f6d14-2a5d-49ca-808e-45abe6efc5c6
14497_0,00a1b54b-f9db-46d6-9e86-689a57685145
14112_0,3aa6190a-6183-4a74-b40e-6dbcf80cf237
13638_1,ded21b3d-2c35-4f15-a8b4-7a849823a86f
13966_0,8907abcd-d8a9-4e89-b82b-c0633eeff325
13728_0,981696ea-d866-42aa-b46a-5992a113388d
14130_0,ced6cfdd-f729-485c-8dd7-908816cc8a0e
14105_i,9129660f-1876-4a9c-a85d-b8d2bfdc527d
14163_0,eefb205f-aadb-47fc-8dde-b7142760320c
14578_0,3c42c869-3bee-4ea2-8de1-5bdbe45aa425
14850_0,f1e67baf-c0bc-4b57-9a4a-650ff5385430
14521_0,6183a05c-3bf0-41a9-965d-5958adac5d97
13993_1,d9d928ad-1ab8-4f92-8e30-ef51ba2662d2
14451_0,477410dc-3f11-49a2-978f-9b927b40b0c9
14438_i,7b823ddc-6af0-4ec1-bb7d-4111750b0433
14608_0,b2845574-b557-47c7-9683-414c6e09c991
14023_1,d37d667d-215e-43d8-b40c-cebdb867e696
14616_0,106d664f-d03c-4462-a735-07a7d73c8ce3
14441_3,3c42c869-3bee-4ea2-8de1-5bdbe45aa425
14271_0,c20189d8-680e-4134-8122-8fb8cf294e31
14125_0,16641eaf-418c-4bce-be81-51675bc667d0
14240_0,ed924f03-e5f4-440a-9227-1cda14203a4b
14580_0,d3561ea4-4613-4076-a5df-99a645315382
14634_0,1ad1eda8-7b2c-41fc-84eb-ece28911bd36
13077_2,93d8ddc9-f7e0-4813-85c0-b2b8a3234385
14227_2,d86c68ee-5c60-4d24-86aa-0c8781ca373c
14692_0,63fae2da-cffc-43df-9331-072923e267c4
14593_0,6ead44f0-e93b-4935-b048-fa8fc24fd1cc
14640_1,ffe8b36c-444f-434b-98d8-1827ebb51cf1
14705_0,16639f56-c346-4d05-be2c-e4f2660b04a7
14599_0,7355e859-a11d-4572-91c0-ebbf729054d8
14338_0,95bf4722-7060-4457-abce-4a5a47f07a22
14672_0,d60a49e5-0ad9-4333-8062-65168cb58250
14843_0,491e516f-cfbf-41e5-a54f-afd1cbaf8246
14820_0,2f899a4d-22a8-4648-9619-b5ebcc65b919
14813_0,192eed94-5813-49df-81c7-66c7ae1b2f04
14734_0,1be98235-ca08-43bc-88a3-6a8198b6a7f7
14838_0,ded21b3d-2c35-4f15-a8b4-7a849823a86f
