6371_i,4581251c-9379-4a15-bb3e-d846575674d9
6375_i,90913f84-abe1-4fc0-bb68-eecdf06bb0d1
6378_i,f2719b4b-cb6e-4cc8-aabc-4d9d3a52c750
6379_i,c5dd0ae6-b118-401a-bf4c-8a5c6e2b5da0
6388_i,dd7b38df-4202-4674-80c9-995107e08343
6407_i,c096fcf8-2793-4b79-9251-26ff96fa3ffb
6409_i,53ff76c9-f5a8-4bcc-9171-967f25e7f089
6410_i,907f9278-084c-47e1-8cb1-662b09043831
6411_i,3e6dd04e-110b-4233-85a9-b7d7a993552f
6414_i,57f7dde1-6f72-4c18-96eb-55bdf2e2cb39
6416_i,b0325907-ddf6-4cb5-9a66-12575b3b8ef2
6417_i,7aa0eb1b-3b9c-42e9-a7c4-3373884e55e6
6418_i,d08ba6da-5b94-41fd-859c-2d83bb9a9505
6421_i,7e73a8cb-b6e4-4d65-98c6-d9d128c2ae68
6431_i,e9da9837-255a-43a3-9517-a3e573f9b704
6434_i,a5802733-6989-4291-9b37-405ddb097931
6435_i,1cd1c0d7-a7ab-47fa-8ace-d34fe7b5c6c8
6456_i,7fd41c05-07eb-4bee-ae52-a6e5d4123bea
6459_i,082e58cf-5f52-413c-b7de-99f3568b49e1
6464_i,a33bf372-3c4d-41d8-ba1b-1ad986a7a1d7
6466_i,b718edb6-893b-4dc2-ba0c-9641133cccc8
6481_i,378f8547-854c-41ac-bb35-bc0b1c8e713c
6500_i,97c13370-a95c-4aa0-962f-801bb6495a7e
6503_i,a35cc3a9-775c-428b-8a24-555431fec834
6506_i,3aa17c2d-dea9-4de0-9a31-5fd832e7effa
6522_i,f70316b7-1672-4b76-aa6f-d5165d21d2a7
6531_i,44eda0e4-5023-428e-af43-3dc86e343b46
6536_i,7e278813-f183-4fd9-a594-9f82b77dcd44
6537_i,9f463a78-479d-4fa5-96b1-7b4c50a489d9
6538_i,37df2acd-42bf-44b7-a6ae-e138ca0f411a
6548_i,80768226-e96e-4f54-a69c-60f1f2ffe1a0
6552_i,75a0cbbf-8fa7-47fd-b06a-aa70e39e27a2
6557_i,0ca5f7d8-ca9e-4f5c-a987-bcdd81276be4
6573_i,10bd24e3-68bc-414c-a06d-0471ae149d85
6580_i,b21cc0fa-d64b-4f5f-867b-7d2913d9dbe8
6595_i,700e2eb9-4eeb-4cb2-b473-704f96414520
6598_i,172f5799-bd14-4a25-8e94-a54b383e81e7
6614_i,6c195148-f522-47fe-8403-f69b6123b335
6639_i,f2b341e5-05eb-40f4-a2ff-1067e02d2651
6645_i,123a56e2-20fd-4a90-8bba-fa74d974def0
6659_i,bc1e5211-0caa-4fb7-a41f-1b1958352b35
6660_i,9c606af8-6d5e-49d9-9cd8-7fc9cb72d179
6662_i,3caa2b10-431b-4e15-b319-07accea26871
6712_i,12956a11-6d61-4358-b9af-c7577c694c7b
6759_i,5aca84e5-b670-4613-8711-ab347b6b984c
6762_i,236c8716-ff08-4523-a897-120af2d05e1b
6791_i,dafff8c5-b07b-4e38-932b-677a1c4411d6
6807_i,8e6daf83-9a89-49e4-9d10-e0d962f65633
6814_i,b7c7f557-81a3-4eb2-8eec-a87067c5d614
6821_i,5b6ebf8a-e5c6-4977-b718-6824fce361a8
6834_i,3f41f05e-cfe9-435b-820e-a956398da0f2
6839_i,bb83798f-619b-400f-8b44-5c958df0cedf
6856_i,e52b2d3a-5285-47bb-9f37-d4207f386437
6869_i,1108e45d-06cb-41dc-9dc1-daa1d1de7d63
6871_i,bd1ab9f3-654d-48b3-a4e6-9bb97d08cb0c
6887_i,cc43a9e3-309a-4209-acf6-42953f2b1a97
6904_i,bd0174e9-d05c-4d5b-858a-60df30caad0b
6941_i,a38a823e-7f6a-4209-a82f-b015aae31533
6942_i,6b2c56a2-d195-421d-a5c0-1ae32522e25b
6948_i,e80837d6-5d90-4edd-a341-35c88f7fd8fb
6979_i,fa1130f6-6938-437e-a819-3620369f559e
6981_i,9b8a70a1-d698-48ab-bf15-406c5832e8ba
6991_i,99f3bb1d-59e0-4614-9d66-391cea2cf403
7017_i,9d94f7ea-932b-4765-a6cb-50f28e046a7e
7023_i,13778514-9dcb-4276-9348-171cb57eade1
7027_i,aacbce3a-ced5-47f4-8efc-f96d38152971
7035_i,a703861b-0a3a-4366-98a0-c8a6aeb438de
7059_i,446b528f-ea09-43e4-beb3-ef17295d6867
7073_i,013a409a-c0bc-48fe-8229-dc833b8f26cf
7080_i,caccead4-5652-4e7e-b968-8e7cb19d7889
7137_i,706e9d5f-b0da-43cd-ac9f-8ec9e42b043d
7141_i,6f538130-1cb2-40a9-bf0f-ec8dff4f86ae
7156_i,aecf2ed9-1d27-45c9-8c77-a9ea42d10505
7157_i,da49668d-58dd-4f93-9eef-ebd0e1215f0f
7165_i,c664a2c6-efc9-4720-a30b-990f2ff870ec
7175_i,8c602d98-46f9-4c0c-9451-13e22c511d29
7185_i,76e9295b-4033-4ffd-924d-c7109aa00804
7188_i,c793bf6b-06c5-4774-be85-aae0d9eccd55
7193_i,05e3f8a7-c64e-43b5-b9f8-71dc35cc5af8
7254_i,7e304a44-fc1c-40b5-87b6-9faa16755d9c
7261_i,a56bbbd2-5b52-4691-ac41-d4db54c1a424
7273_i,9f59db91-2b89-4f07-88d7-8f29f3809b13
7319_i,7908d5af-90f3-40bf-a2b8-d670a0d66565
7338_i,f20ec6d5-6e09-4a2e-bf87-bfda7f1684bd
7381_i,38dd7781-aa6f-4194-bfd6-b303b3fcc251
7402_i,a31d077e-8463-4ecb-93f6-6394312fa40d
7412_i,4b56a50a-e939-42ef-aa18-238b2dde8329
7441_i,e94b8aea-cb47-48ef-b635-56948dbd71d8
7460_i,525cd9f0-a085-4e12-b231-476e6af1b098
7473_i,a4cfc9c8-707f-4a41-b711-1b65e80a5f61
7502_i,9a7e7acb-4f98-46b5-998b-624c5faead72
7515_i,3f0812b5-8e61-44a8-b09c-444f6056cc19
7516_i,c0bf302e-4894-4066-988e-6aff684b0a5d
7563_i,7c19aa83-70a8-4d41-9bc7-e5054a9c98ad
7572_i,b7ed9ce6-c524-4737-ae60-c010b89b2d98
7593_i,9acf1e04-6ffe-4cfb-a09d-8c7c56b45704
7599_i,cf3b4973-ec8f-4283-b64a-75e9f55f72e0
7630_i,c08c8120-ba36-446b-80a8-2afdf17d4022
7724_i,1891be05-4d25-41d6-8563-84d9a19b08f9
7731_i,027e0a93-2f13-463b-a770-9cea1ee188e6
7767_0,4ab92a74-5df3-4035-8bfb-4cc7cca84fce
8407_0,f98cf485-5d7e-494f-83a6-656c712d39ba
7760_0,cb9a4dc6-94d6-4b58-977f-b0469bbebadb
8657_0,1f10604d-94b5-473a-b3bb-f20bd1188343
7812_0,b8cf479a-7071-4c1b-844f-2cb52b6aa8a3
7652_0,02ff6290-6f7c-4737-ac96-32dd4b18bad8
7768_i,6b8c11ed-f578-4b62-bb7c-d5d704eeb74a
7769_i,a26b81ea-2df0-430f-ad92-bd953d516775
8303_0,1fe08d50-2bb5-49cb-92a4-86d01f3e7f77
7739_0,bb294771-d29a-43b0-9ac1-04e191f8253c
9182_0,bcc5d5c0-f13d-474f-b0e2-2471eafca9d0
13056_0,e4ba15dd-4a89-4319-ad56-83fda29faedf
7104_0,2885f5c5-8818-4e3c-ae29-a4db71ac8bbd
7783_i,a088f7fa-4729-4520-a6e2-87672b59085d
8174_0,338724e3-61cd-4799-b757-a334c72a6929
7665_0,da18635e-6dde-434c-bc33-f4703fb36916
8065_0,495fac36-3ee1-4809-9de0-a6c5f2802d64
7971_0,0daaa7d3-25ee-44c7-9a4b-9ffd4c0e8a6f
7875_0,2f4b246e-a4b0-4b40-8005-92a1a5721b08
8229_0,9ab3a7c7-0eba-4d1c-858e-937ef651714a
9644_0,da8950da-a09b-4108-b7f4-6ae9a91c57a9
7838_i,77bd9dc3-5a59-4154-824a-beac006fe2ce
8244_0,88adf8e4-0d2c-48d5-bdf1-f14b37252b97
7853_i,4a621f30-a713-4240-ac35-a2fa37e12b3a
7967_0,e5903a0c-53eb-4a06-a664-7bec4565e6bb
7944_0,9c53478f-f0f7-4953-8970-90738716f8ba
7921_0,8149e8f6-23cc-4a94-b8b4-cde73b0d277f
7898_i,a19b0777-f2c7-442b-abd4-d9989a1dea13
7808_0,65f4d2ba-afc5-4e9f-bcc9-6fb869c2cf79
7960_0,9a1bb4f6-ff41-4d9b-9aea-c1a1f0f430d1
8129_0,552023f6-ec57-48a0-9c1c-1d844c31b198
8069_0,d254ba5e-bd30-4f3a-bd02-54255a16e713
7103_0,f2005784-932c-444a-a0c3-0597000edf5b
7915_i,9ee5954c-5488-4249-810d-3f5c4843a802
8948_0,4b8a18f5-e074-4a3a-a246-04092a13a6d6
8173_0,ee98164f-d684-40b8-914f-9106ee69be0b
8436_0,724a4eb0-ef90-4f06-9e2a-08a7aee56d7b
8236_0,92a91cc1-1e97-4324-ba54-3f6548114800
8449_0,0e933957-32f4-46bf-924e-31db737dd7e2
8385_0,4c83ba36-c1d1-4e73-b039-bd2ea321e177
8703_0,842724ef-7218-4f8f-903e-9149be480821
8009_0,d3dc40e0-3a7a-4e0a-8e72-33c716dc0f6a
8172_0,7021eff2-16ed-408f-9ede-efbebafa355e
7989_0,835cec8a-2799-47a8-aeb7-1e8569ed37fd
8159_0,8f419fc4-8990-486a-a3b3-0c575488940f
8012_i,1c074c02-639f-4401-b494-0be66e82acc0
8027_i,cc8e0529-50ab-4d5a-abac-4b7f073cb6a0
8337_0,76921794-221e-4548-8de5-cdf805503822
8089_i,40ee4288-b01b-47c0-91e0-f2a632cb0de9
8422_0,15abd080-5156-45a5-b3cd-77e6d69595df
8101_i,f39cae79-2d46-42c8-95db-724cabb161b1
8322_0,3d58e911-d2a4-45a6-a450-de40632c2b83
8195_0,11f94158-5012-44b4-804b-d65ed7aa40d0
8356_0,16dbe2be-46ac-41f2-845c-8009c6db856e
8832_0,acc1d046-0597-40f7-be01-1bee768d0b1a
9724_0,50e3c39b-c775-46cb-8e8d-eae0b874d4c4
7755_0,3f41f05e-cfe9-435b-820e-a956398da0f2
8667_0,710be2be-de85-4400-a288-5f71112f94d2
8169_i,12c98cd7-923d-4c7c-8a2c-8ffce0925e6b
8658_0,2b04ac76-22fc-448c-9313-5de608f27d11
8247_0,1108e45d-06cb-41dc-9dc1-daa1d1de7d63
8192_i,6b1b56af-a12d-4af9-81a1-538badb19d79
8206_0,633588b1-0e98-458f-ace4-2856ec49d802
8211_i,eb6d72af-be15-4ca7-9dc1-451dfb398f3e
8317_0,ab62d30b-cc6b-43c5-8289-5d8a7fd5f523
9081_0,c0198ada-8894-4f21-af43-c02d7c5c7523
9385_0,d19709e8-e88a-4d8b-80b0-b59434a9828c
9085_0,ca4057fe-af05-4302-bbb3-19ea060e4c35
8740_0,61ca6490-a35b-412f-aae7-ea1d6c607549
7787_0,9b8a70a1-d698-48ab-bf15-406c5832e8ba
8245_0,2537333e-dc04-41ca-8b30-2c2255aaa820
10401_0,daca5c13-feab-4ba1-a092-5ff2a4958215
9197_0,50a8eae7-39b7-47a9-8e0b-966f36ffce7d
8804_0,0281e847-038c-4fc0-ab52-4af8e648b8f5
8270_0,d1630976-a47f-44ca-9795-1e9c7a3e09af
8313_0,b862ad71-7f68-45da-a07f-687ed61dc81c
8297_0,bafcfcaf-0710-455d-b973-f4e05ab233ff
8243_0,e35a7f1c-4ea7-4214-92c9-afeeec4bcc9d
8558_0,eca264ce-1c93-418c-a464-503803d0d2f9
8295_0,3467dd61-2be7-4acd-bfdb-b2bc23719e02
8645_0,f1c86f22-1c11-4a88-abbd-ad694621fd0c
8643_0,1ff1391a-7b11-497a-ae71-4833e95d53e1
8096_0,3ca849f2-40ce-4938-9ec0-db995784d9d5
8370_0,340babb9-d8e4-4fb9-80bb-acc1c14614f1
8711_0,7e285978-8d7f-484e-86ce-cf87592c6fa4
8933_0,2c1416f8-ba97-42f7-8992-dc9c4809ac35
8745_0,745a825b-752f-43c4-8fd0-2b581529c439
8314_0,105d5430-b4f2-4978-a99d-7a99632044c3
8221_0,43fb8887-66b5-4dd9-9f7f-75a1f079e3f0
8339_0,caf9752f-d57f-4d87-9a78-2f2b87417183
8516_0,7bdfef3a-fbe2-415a-9939-98d1b3a5bc2b
8622_0,939980dd-7876-4f83-bbf6-d82fa5fa3b15
9405_0,4d61491e-dfcf-4770-be69-cd160877571b
9098_0,353f8b95-308b-4c50-82c5-ad0b2c5d9ec6
7873_0,f0943932-f678-4f1c-ab21-e668539f75d9
8664_0,8c585111-e3be-46a7-94f2-d46bcdb453da
8346_i,13ba0b49-9059-4cfb-b665-0835a21d98b3
8321_0,571b3dbd-6555-4bc2-8aa5-fd7918bb9813
8525_0,9bd99e29-2374-49f7-a42a-fa96589d0afd
8368_i,ac6ca4be-8206-4cb5-ba36-1b051e78d492
8390_i,fcc65687-02b0-454e-9e4f-df611be145ba
8400_i,7d60ada5-2b68-4436-8617-4ab48a5d3226
8458_0,8fab1b92-93d6-4842-b945-c7e023da8917
8426_i,290d6643-e3cd-4a97-82a9-b9c582877988
8445_i,5775a1f1-e9f8-4c18-9dfc-2b88b8224f7d
8042_0,d0eb5911-9b2d-44da-a461-8734d867af68
8410_0,c9574e35-02c1-446d-90ac-1631f093864d
8927_0,06f29960-cc19-4c6e-9f0b-a1a6b44dab82
10032_0,0888f176-1666-45ea-8839-9d0273bd5398
8579_i,d5fbc79e-53ff-4b18-970b-d4ed81fa17e4
8698_0,c2940916-6ae1-4a4e-9e6f-73550d0bcb99
8594_i,4a705772-2321-4f2a-9da2-3b697ab2788e
8604_0,09506941-57bd-4c28-ae84-3db46857e145
8323_0,f8ddbe3b-e40b-439c-bea6-153ad1cdd09a
8657_1,1f10604d-94b5-473a-b3bb-f20bd1188343
8097_0,b8cf479a-7071-4c1b-844f-2cb52b6aa8a3
8765_0,ef999094-38bf-4957-a499-48137971702d
10752_0,72622cb0-0ccb-43df-9690-242dd012ef8e
8967_0,cc5051a8-d416-4ae0-836b-96c8a6689ab8
8406_0,480a3ad8-aa3b-4449-a4bd-18aa5a19fa8d
8498_0,0961ecf8-101b-4fce-9f30-7e039ae80173
9182_1,bcc5d5c0-f13d-474f-b0e2-2471eafca9d0
13056_1,e4ba15dd-4a89-4319-ad56-83fda29faedf
8428_0,2885f5c5-8818-4e3c-ae29-a4db71ac8bbd
8610_0,f05425ff-ced7-4863-9edd-0e6f16ef0d66
8416_0,df7ce492-d82a-413b-be2d-8fca47f1b934
10005_0,a369fedd-8e29-48da-b331-b133d69c0f41
8663_0,fa2dc913-2370-4c7a-b90e-4643580a6445
8397_0,082e58cf-5f52-413c-b7de-99f3568b49e1
8741_0,6fb7c1b3-b494-4a80-b463-41613358a65e
9644_1,da8950da-a09b-4108-b7f4-6ae9a91c57a9
11440_0,8c6a3cf4-0679-4542-9e33-67694a0a0ccd
8905_0,b637d3ce-023b-435d-a593-ec877dad64a9
9787_0,cc5bc783-8814-4ded-badc-9cd1193f33e1
8618_0,41b10e3f-0bbf-4912-99f1-437cbd5d0184
9400_0,94aa5092-06ee-4a17-b441-d6cedcab68b0
8599_0,44c60939-215c-49d0-b3d1-a9be31c3fd56
8818_0,184b20d6-05d6-4459-8652-e5738941aaef
8879_0,9e52606c-f39a-4e40-b145-e066a7d51a22
9930_0,76b01ec7-f0c5-4493-82ec-e1142c3fea74
8129_1,552023f6-ec57-48a0-9c1c-1d844c31b198
8613_0,3265f852-59e0-4302-bf3a-875fefd60aaf
8351_0,3b39f2f2-0c91-49f4-b3eb-5ae2d4ab0c0d
8766_0,12afa91f-84c2-42c6-baa8-d23d0937150a
8948_1,4b8a18f5-e074-4a3a-a246-04092a13a6d6
8394_0,cf9b414a-21ea-412a-bc83-925cfb44e6a3
8436_1,724a4eb0-ef90-4f06-9e2a-08a7aee56d7b
8431_0,3c8159fb-14c6-428b-94e3-fa2a8d2a35e9
8709_0,d720eea2-2e0f-4445-b75e-f39790f90af6
8870_0,20ba3ed2-542f-4ca7-8018-e4249b29d191
8703_1,842724ef-7218-4f8f-903e-9149be480821
8534_0,b03de05f-9ed9-4054-9918-efeb04777c34
8609_0,7021eff2-16ed-408f-9ede-efbebafa355e
9748_0,8f419fc4-8990-486a-a3b3-0c575488940f
8631_0,ca4d8652-5f62-4702-9473-ec39e41be1e9
10405_0,4c9bdc7d-4bcb-46d3-88a9-1f832f05d58e
8337_1,76921794-221e-4548-8de5-cdf805503822
8647_0,29b2f3ac-8623-4f19-b23b-08badfbc47d1
8422_1,15abd080-5156-45a5-b3cd-77e6d69595df
8719_0,38e8e8ed-e4ae-45cb-a746-ec3efbd11a8b
8585_0,4818fd6c-dfff-4000-bbc5-6f47da4d118d
8697_0,5d7ce289-93a4-4679-b4df-39b6f840c1f3
8832_1,acc1d046-0597-40f7-be01-1bee768d0b1a
9724_1,50e3c39b-c775-46cb-8e8d-eae0b874d4c4
7755_1,3f41f05e-cfe9-435b-820e-a956398da0f2
8667_1,710be2be-de85-4400-a288-5f71112f94d2
8584_0,2c2d9679-a39c-4b20-808f-a37e8aba5d3c
8658_1,2b04ac76-22fc-448c-9313-5de608f27d11
8718_0,2b36fd19-91d7-45f5-990f-f8350ac08ca8
9026_0,09c7c57c-eb75-4fd1-b94f-692c9df0499c
8710_0,b623ccc8-6484-40ce-af20-0f1cdee3ef1b
9127_0,01f7fedf-3437-49b0-a345-1e2def12865f
8620_0,f13eaedf-36c2-497c-a827-4635ddc7b793
9081_1,c0198ada-8894-4f21-af43-c02d7c5c7523
9385_1,d19709e8-e88a-4d8b-80b0-b59434a9828c
9085_1,ca4057fe-af05-4302-bbb3-19ea060e4c35
8740_1,61ca6490-a35b-412f-aae7-ea1d6c607549
7787_1,9b8a70a1-d698-48ab-bf15-406c5832e8ba
8245_1,2537333e-dc04-41ca-8b30-2c2255aaa820
10401_1,daca5c13-feab-4ba1-a092-5ff2a4958215
9197_1,50a8eae7-39b7-47a9-8e0b-966f36ffce7d
8804_1,0281e847-038c-4fc0-ab52-4af8e648b8f5
9136_0,450da8f2-dc6e-42c7-81ad-50010c2286c1
8297_1,bafcfcaf-0710-455d-b973-f4e05ab233ff
9245_0,9f8d36a4-7ceb-481d-8f21-72db12637c6e
8654_0,00d4ea7e-26c8-4abf-aa1d-145c91221124
8694_0,1d267888-97cc-4c8f-b46d-4cb0c87418dc
8645_1,f1c86f22-1c11-4a88-abbd-ad694621fd0c
8643_1,1ff1391a-7b11-497a-ae71-4833e95d53e1
8738_0,849e8b74-b2e1-4a0c-a7f3-e68265e3892a
8869_0,c53ae755-2d95-460a-aa67-b247b9744147
8711_1,7e285978-8d7f-484e-86ce-cf87592c6fa4
8933_1,2c1416f8-ba97-42f7-8992-dc9c4809ac35
8745_1,745a825b-752f-43c4-8fd0-2b581529c439
8314_1,105d5430-b4f2-4978-a99d-7a99632044c3
8857_0,43fb8887-66b5-4dd9-9f7f-75a1f079e3f0
8560_0,caf9752f-d57f-4d87-9a78-2f2b87417183
10146_0,e3923e13-d6f1-44c3-8f74-fdab04218c34
8622_1,939980dd-7876-4f83-bbf6-d82fa5fa3b15
9405_1,4d61491e-dfcf-4770-be69-cd160877571b
9098_1,353f8b95-308b-4c50-82c5-ad0b2c5d9ec6
8486_0,3fdecadc-3bd0-43c9-83bb-a37d71bbfb16
8664_1,8c585111-e3be-46a7-94f2-d46bcdb453da
8946_0,1c41fc1d-571d-4088-b9b6-fb956f8836f9
8802_0,70ebc5a8-7ecb-49bd-b566-201d0510262e
8642_0,3a22d3ea-e5ac-4cd7-b836-808417cd5530
8368_0,ac6ca4be-8206-4cb5-ba36-1b051e78d492
9086_0,e536effa-2bd7-4e3e-8419-a49d591116fe
8686_0,8a6c6ade-0df2-4474-bcff-3d100de4f281
8616_i,9c9d6ef7-2027-42fc-8d11-26e8f905a1c5
8886_0,88cb6aa0-5d2c-4712-8f07-eeb34f5cc644
9659_0,4c5e1d29-ba68-4ff2-85a7-1aaf2395f5c2
8445_0,5775a1f1-e9f8-4c18-9dfc-2b88b8224f7d
8693_i,d1cc3bb0-ffdb-4861-b719-65530cd62b04
8934_0,e7c075ea-87bc-44a6-a5e8-751c8c0fe9fa
10324_0,7fe6fcc3-856d-4624-8fcf-42b529631c0d
8714_i,56950f4b-be53-4c6f-813d-f1d63ed79874
8927_1,06f29960-cc19-4c6e-9f0b-a1a6b44dab82
10032_1,0888f176-1666-45ea-8839-9d0273bd5398
8823_i,3d67f990-d3f7-4081-9092-a8df7391f2f8
8986_0,7a8c7c6f-0191-42cd-af06-fe592241a581
11796_0,0925b295-a861-40f3-98fe-2c7b4c10cf73
8725_0,fa47cb29-8d16-4b2a-af1f-de306dae6b86
8854_0,daf486d2-682d-48ec-98df-7a4936b36b07
8848_0,f8ddbe3b-e40b-439c-bea6-153ad1cdd09a
8670_0,64659466-ab16-44a9-b276-a47b1aea1626
8863_0,d29d1a97-3992-45e0-a276-4cde625a835b
9093_0,3f17e94a-5bcb-4a0b-b072-7f4bb6779fa4
10752_1,72622cb0-0ccb-43df-9690-242dd012ef8e
8967_1,cc5051a8-d416-4ae0-836b-96c8a6689ab8
9058_0,0947d445-8f07-40c1-a131-7aad13542cf5
8862_0,f2a59f1b-3ef9-4b65-ad90-cd20271af9ba
9182_2,bcc5d5c0-f13d-474f-b0e2-2471eafca9d0
13056_2,e4ba15dd-4a89-4319-ad56-83fda29faedf
8881_0,99a22207-a858-472d-8bb1-e955e98d31ae
8610_1,f05425ff-ced7-4863-9edd-0e6f16ef0d66
8872_i,0a2d1ec4-4957-47f0-9956-e942e68bf021
8416_1,df7ce492-d82a-413b-be2d-8fca47f1b934
10005_1,a369fedd-8e29-48da-b331-b133d69c0f41
8663_1,fa2dc913-2370-4c7a-b90e-4643580a6445
9102_0,2f4b246e-a4b0-4b40-8005-92a1a5721b08
8912_i,c4a156a2-5650-48df-a507-32c7c91ca79a
8974_0,303b2471-46b7-4666-8b60-c800b45edcfd
9644_2,da8950da-a09b-4108-b7f4-6ae9a91c57a9
11440_1,8c6a3cf4-0679-4542-9e33-67694a0a0ccd
8905_1,b637d3ce-023b-435d-a593-ec877dad64a9
9787_1,cc5bc783-8814-4ded-badc-9cd1193f33e1
9208_0,a12d2bff-49d9-4821-84e4-73c391548178
9400_1,94aa5092-06ee-4a17-b441-d6cedcab68b0
9005_0,de768afb-0f17-4f4a-a905-79c403a2d482
9031_0,f6267ab3-2dbf-4469-9b79-e696b2af4a62
8952_0,a7ff326f-07e8-4603-a22b-8607838633df
9930_1,76b01ec7-f0c5-4493-82ec-e1142c3fea74
8801_0,902016cb-c92e-4b21-a3ca-f07d7f1cc1df
8613_1,3265f852-59e0-4302-bf3a-875fefd60aaf
9392_0,2cce0ae4-f283-4c5b-8013-ba7c3fde3b65
9387_0,613a26cd-d80b-4c46-80ce-e0e85451c26f
8978_0,7bae47bd-43fb-458c-ac3c-3664f5ffdb31
8991_0,8481110b-1113-46e3-affc-c0fb688df29c
8619_0,1a54accb-1a8f-4427-84f5-0d7e0f3a9798
9151_0,3cd9ef46-45dc-4cc3-bb92-73be2465a0d3
9024_0,4292e35d-2fda-4097-91c1-98eba4038c33
10058_0,d720b8d8-4762-4843-b40c-b98c5ae3792c
9001_i,de9f8ff7-662b-48f5-87ec-1249c2df650c
10364_0,92f7cf01-f045-4b7a-bc7d-df66f8ee5e19
9041_0,70b1c04e-e92d-4be0-a0e7-96bb900d5b95
9310_0,2d412d0c-79ec-4f79-9b26-d27599471d08
9748_1,8f419fc4-8990-486a-a3b3-0c575488940f
10281_0,022e913b-9b17-4a44-8905-2975cf584276
10405_1,4c9bdc7d-4bcb-46d3-88a9-1f832f05d58e
9375_0,7269d695-1793-422a-9bc8-11a9e1aefc45
9072_i,4a7116de-fa65-40b7-b39b-30f900d60f6d
9092_0,1c12c848-727c-4ed3-9835-3a73438f5d98
9477_0,9e91f0e6-0dcf-4371-8e02-cd7ab4c40d84
9228_0,cafb486e-ceb6-46b5-8043-7cdde6955ea6
9790_0,e4b5de6d-090b-4cfd-b95b-1b5f8cb156cd
10431_0,c27b5f90-68d1-4177-a0f6-3d1697c35451
9724_2,50e3c39b-c775-46cb-8e8d-eae0b874d4c4
9107_0,d1be9084-3ec8-46a6-b1ce-ea4048aac832
8667_2,710be2be-de85-4400-a288-5f71112f94d2
9327_0,e6a71de6-0851-464f-aaa5-e761560aa208
8658_2,2b04ac76-22fc-448c-9313-5de608f27d11
9469_0,2b36fd19-91d7-45f5-990f-f8350ac08ca8
9026_1,09c7c57c-eb75-4fd1-b94f-692c9df0499c
9276_0,e816bb9a-f808-4e92-9c52-6dbbec180357
9127_1,01f7fedf-3437-49b0-a345-1e2def12865f
9163_0,68f94cb3-31a2-4fc1-8afd-5830eeb780bf
9188_i,6d64eac0-7aa1-4ebb-8c10-4639d5d2aea0
9196_i,24d61132-ed17-4a6d-be16-8c368572a605
9433_0,7013f0a8-93f0-4911-9c25-98ae3fbd6a06
9385_2,d19709e8-e88a-4d8b-80b0-b59434a9828c
10379_0,fed5a6d4-02ec-4186-9c2e-dd23b10dc458
8916_0,69e56e5d-70db-4b94-8c3b-799f7cfdbb8d
9861_0,a28db27d-841c-4745-bece-cde405dffaf0
9076_0,def6a232-9e47-4fce-90b1-573ae3f76657
10401_2,daca5c13-feab-4ba1-a092-5ff2a4958215
9265_0,2f006039-3092-4cc9-b8c7-bab73773ca1f
9259_i,ca15c847-6f19-4968-b352-86dbcbcd45c3
9990_0,4c1ecc80-3de2-49f3-956f-4451fbcecc0e
9205_0,c2fb716e-fe43-432c-9d66-803aeca4d39a
9847_0,bafcfcaf-0710-455d-b973-f4e05ab233ff
9291_i,4437eec5-97ec-4aab-8d36-d92613c4f07e
9245_1,9f8d36a4-7ceb-481d-8f21-72db12637c6e
9295_i,691348d6-dba8-4dc8-a5e6-72b195b9d799
9459_0,922beff6-9514-470b-a0de-ba3c62c4e135
9036_0,42f95cf9-ef41-4532-b463-71b56591584d
9212_0,5b380c3d-92e4-4f4a-a1c4-e24691fe69e7
11060_0,89eb5b58-f9ed-4b95-9ac2-440285a17eac
9665_0,488d2b2e-4b99-4820-a6ad-b8a7a643e265
9683_0,1d636265-d163-4481-a909-4b398d1e5e28
9591_0,3400c017-4737-4176-89cc-c3e9f81e4390
10142_0,e9be585c-37b9-4821-84b8-3af2e1cec5f3
9536_0,ece3ef4d-0eb9-40d3-8350-aea9f097ff94
9420_i,baa8eb0b-41b4-44a9-beda-0c4785366a58
8560_1,caf9752f-d57f-4d87-9a78-2f2b87417183
9453_i,ed21a506-3e66-4639-8185-10d03ed44775
10146_1,e3923e13-d6f1-44c3-8f74-fdab04218c34
9491_i,328b9836-a85c-4c2f-9c9c-5fd070b9515d
9742_0,0882aa0a-5651-413a-ac53-f66cbd691c4f
9501_i,110db3bd-dfdd-4dc0-9255-fdd8b7f4ffc1
9504_i,f7d48f2f-84e6-4990-8248-2716ed8c532d
9405_2,4d61491e-dfcf-4770-be69-cd160877571b
9098_2,353f8b95-308b-4c50-82c5-ad0b2c5d9ec6
10341_0,62b53206-1d05-4384-a54c-b1afc6231a42
9522_0,2e367bce-e199-453e-966c-89aad814efb4
9962_0,3b5deb18-b085-434f-bdad-e198800905fc
9785_0,66ebe461-999c-487b-84da-4f1fb1ff969e
9575_0,29021947-06ea-4b2b-8650-3c7ed9994e91
13229_0,d7b8b9f9-7eaf-4bf0-97d8-97d140779acf
9574_i,ee2ac93f-90f6-4028-9090-20325f1d0168
9693_0,e536effa-2bd7-4e3e-8419-a49d591116fe
9256_0,0b89546b-0e8b-428e-a671-41c40b183dcf
10065_0,929f329b-5635-422d-abcb-3d9368bbc665
9460_0,2bacbc96-d57d-4b61-b9cf-c651c58b3c70
9659_1,4c5e1d29-ba68-4ff2-85a7-1aaf2395f5c2
9551_0,335d8609-56e4-40f2-9ff0-ee5e37be6ab1
8934_1,e7c075ea-87bc-44a6-a5e8-751c8c0fe9fa
9624_i,f58b449c-25ce-4257-a5cd-c3799bc95284
10324_1,7fe6fcc3-856d-4624-8fcf-42b529631c0d
10167_0,5b45c902-c014-4287-ac70-02c89487db29
9627_i,02879f45-da23-4975-bc56-630d4a3d8fa5
9695_0,be905dd1-9881-461c-88be-ce8a75464b07
10032_2,0888f176-1666-45ea-8839-9d0273bd5398
9784_0,9a7634de-4964-413b-8c85-fec0819b5dab
8986_1,7a8c7c6f-0191-42cd-af06-fe592241a581
11796_1,0925b295-a861-40f3-98fe-2c7b4c10cf73
9760_0,6d7e12be-3108-4f92-a952-ef81314ed673
9976_0,297c5b2f-f015-465d-844c-5e7135b9240e
10041_0,d0539784-0c95-4acc-b83b-d7a3d9367cd6
9997_0,c4937cd0-d904-44fe-b512-1ae36398e4d5
9671_0,7ea20c1f-3e93-458a-be66-78afa1f0881d
10752_2,72622cb0-0ccb-43df-9690-242dd012ef8e
9687_0,ec64854a-c1a7-4f23-950b-27ff4316fedc
9770_0,ee428af5-6c43-4aa2-b2db-82879b257a8e
10550_0,e655dd08-a44e-4ce9-8675-77bc80ec6eaf
13056_3,e4ba15dd-4a89-4319-ad56-83fda29faedf
9783_0,eae841dc-8d10-459b-9f03-d11718bbd1f9
9657_0,27d17f90-1415-4544-852c-753a44b50e5d
9833_0,fe9d2ee0-a22a-4520-8ca5-f42e1c24675d
12697_0,e7d56d6e-f907-4fc1-93a5-b9bd46f47994
10005_2,a369fedd-8e29-48da-b331-b133d69c0f41
9666_0,5dc7e756-26ad-48e9-8d23-f607a057c043
9821_0,2f4b246e-a4b0-4b40-8005-92a1a5721b08
9771_0,39543354-aefd-4584-9d5b-80e12f78088a
9808_0,d6cd77b3-fb54-4131-a865-557f38876f0d
9668_0,3929a755-09df-4c56-bb19-7ae7a2a03844
11440_2,8c6a3cf4-0679-4542-9e33-67694a0a0ccd
9756_0,8f365a79-21a9-4a2c-8668-7e27b906907e
9787_2,cc5bc783-8814-4ded-badc-9cd1193f33e1
9781_i,748e916b-0499-4f14-a78d-c5f3237f8ea9
9841_0,a12d2bff-49d9-4821-84e4-73c391548178
9853_0,688f6e53-5b45-4b54-9f16-934cc464d33d
10183_0,18d5fceb-bc8e-47d5-8c7b-6f6780afc568
9799_0,42b27de6-286d-46e7-8ceb-79a82c1d34e5
9838_0,754a2896-007e-421e-b344-2fe5e44f7777
9930_2,76b01ec7-f0c5-4493-82ec-e1142c3fea74
9769_0,902016cb-c92e-4b21-a3ca-f07d7f1cc1df
10267_0,2cce0ae4-f283-4c5b-8013-ba7c3fde3b65
9901_0,a8061bd6-3d6c-49be-a452-542be7a62066
9903_0,7702cc9f-96ce-414b-884b-93d1ced7a63a
10851_0,121a9839-d927-4705-aa85-b3b4a6484cf0
9850_0,d73db3cf-c4a9-4634-b179-567767c2c907
9697_0,c30a13b4-42b8-4230-81d4-bc1aa7c9f37e
10058_1,d720b8d8-4762-4843-b40c-b98c5ae3792c
9915_0,fdf0a061-b8e0-459f-ab4f-ad5ddeaf8762
10364_1,92f7cf01-f045-4b7a-bc7d-df66f8ee5e19
9885_0,83de9468-7dad-45fb-a15b-51e8a59cb5e2
9870_i,9d6f187d-8cc0-4ef8-b868-15f05533f627
9857_0,8f419fc4-8990-486a-a3b3-0c575488940f
10281_1,022e913b-9b17-4a44-8905-2975cf584276
10405_2,4c9bdc7d-4bcb-46d3-88a9-1f832f05d58e
9804_0,7269d695-1793-422a-9bc8-11a9e1aefc45
9942_i,0e58f7d4-57e7-4aa1-82d8-93112eabb19c
9953_0,b76275a9-631d-4434-87e5-76176145640c
11769_0,75600807-2197-4893-a984-bdf489cd4554
10363_0,713c4360-52c0-4625-aa0e-8cb7642b00a0
10100_0,e1099340-54dc-4f17-a7d3-25aa7589a66c
9960_i,9a1dabae-8eca-4268-a5ec-ac68cf7c1198
9961_i,74ef295d-caae-45a3-aaed-ddb98978791e
10015_0,74f352a5-9994-43d1-91cb-4102aaa79aa7
10431_1,c27b5f90-68d1-4177-a0f6-3d1697c35451
10206_0,db4d3bec-8711-496b-aeba-541533a66379
9998_i,1352633d-9125-4708-abf2-d2dca3ee0e84
11109_0,a7aedff4-fc44-4520-b67a-e5931a07ac70
9656_0,61bfd514-c9f0-4eaa-bb5c-1aaf585242e1
10066_0,e6a71de6-0851-464f-aaa5-e761560aa208
10111_0,21e6268b-0a87-4337-bfcc-2a24174ca6ad
10316_0,ad11adee-54b0-4717-a974-f6edc4d77104
9615_0,72150564-68a1-46f8-89c1-100b788e0bb7
10228_0,6edd4937-83d6-4d19-a3cc-5a0b6f5c2fc2
10121_0,f13eaedf-36c2-497c-a827-4635ddc7b793
9993_0,07357a6d-ec7d-4cfd-be3e-a8ae87e3bc0e
10318_0,3d96cfd8-97cd-4828-814e-0ba3af9cac96
10017_0,3a3d1971-a666-4e83-bc33-851eee2e2d22
10379_1,fed5a6d4-02ec-4186-9c2e-dd23b10dc458
10623_0,8ed6ce8c-e8de-40ea-b3d0-0a5d528fa48f
10122_0,5063300d-4c58-41e7-8979-6b5d8792663f
10401_3,daca5c13-feab-4ba1-a092-5ff2a4958215
11280_0,3302c523-0336-444c-99a7-bc9ad5e0a006
10383_0,0ed65179-2ce8-4f6e-bf72-a7961bcc8be4
9990_1,4c1ecc80-3de2-49f3-956f-4451fbcecc0e
9872_0,7be33b5a-ea93-413d-9db1-c828d966a5ad
10107_i,e8cc7168-48e6-4d97-90e5-61cb144acc7b
10177_0,22822bca-88ea-4098-9bf4-c5d702affc80
11984_0,fefa8c32-2ab5-463c-831a-6614a91485cc
10198_0,dfe866f1-1346-456c-9819-4c0051edd1b1
10150_0,1d2f9e89-6c4e-4733-8984-b39e36aa3f7d
10226_0,4e7c6ef5-b7fc-411d-9d61-d86ef409097b
11238_0,49d28bab-fce7-49ae-b1b8-c1d620e20f05
11060_1,89eb5b58-f9ed-4b95-9ac2-440285a17eac
10247_0,92b576db-76bf-4697-9351-a8bc884249b7
10214_i,6f10cf1e-53ad-44da-b526-0886a9ad6c52
10006_0,4029ea6e-1a99-4119-8367-f42a71736b16
11093_0,51fad278-5b67-4802-b1df-2469bc0823b0
10185_0,4d68433a-e77d-4631-bef3-b316cb87fbc5
10291_0,0143d3d6-7a66-466b-96a8-4ad6bdf849c8
8560_2,caf9752f-d57f-4d87-9a78-2f2b87417183
10475_0,48386112-3408-4248-8b4e-4203f753da27
11248_0,dd3bea6e-2596-46d5-bac9-17cac58aea20
9999_0,0d34db0f-ce7d-4dd2-8e8d-4df83cb47071
10639_0,e7949e54-613f-4a51-9555-a8186b253bdc
10665_0,b5345db2-edc7-4f15-b6f1-f676e356b9e1
10356_0,570f1b44-6890-4395-adfb-f976483b6730
9405_3,4d61491e-dfcf-4770-be69-cd160877571b
9854_0,7c706029-a636-4c75-83d1-f790b9340985
10341_1,62b53206-1d05-4384-a54c-b1afc6231a42
10426_0,fe9f4f10-a2f7-440f-81d9-fa458dd0bff0
10922_0,a774b24e-6471-439b-a725-eaabe208659b
10988_0,5133f89a-a002-4725-b634-d8ecdf99e15a
10390_0,9832c25e-a215-4010-a122-bcbc1ad8efed
13229_1,d7b8b9f9-7eaf-4bf0-97d8-97d140779acf
10284_0,1098c5dc-5aec-4223-895e-9719ca145b47
10575_0,589debf9-9f20-4471-9cba-88d1e73b888d
10624_0,6e82163b-fa8b-4598-9516-c999b465f08a
10434_0,c9c0d3cc-a7b3-4f75-a9d3-1f8f6894c027
12122_0,5a6d5e42-a268-45c5-9041-5cdd505dffa7
10279_0,75782992-387f-4341-a89a-3c7cecda35a3
10795_0,77801a11-1e63-41bf-a4f3-a72964f27b0a
10367_0,f9f2d2b3-f3b9-4639-8f1c-2ac29e45da76
10664_0,af62f98e-788e-4da2-a377-023cb5013368
10911_0,cf76fc9d-4952-4a97-836f-f2bc35cfdcb1
10501_i,2c481957-cd19-4509-83dc-ff53f806e0d5
10857_0,69871146-efe9-4a48-8079-28abec79ab29
11100_0,f49135e6-a8cc-463f-9f8b-0d37b57f1909
11011_0,0f58a656-f4d6-4209-ae9d-ecc803297a2d
11796_2,0925b295-a861-40f3-98fe-2c7b4c10cf73
10979_0,5af83b54-8d44-46bc-b5d3-40d2b31fb056
10626_0,fdce86d7-0fa7-47a1-91a2-5045752458ea
10041_1,d0539784-0c95-4acc-b83b-d7a3d9367cd6
11237_0,d29d1a97-3992-45e0-a276-4cde625a835b
10752_3,72622cb0-0ccb-43df-9690-242dd012ef8e
10631_0,d4a6764f-cef1-47c9-901c-797e2d4430f0
11095_0,f1564a4f-9dc7-42f0-82c6-a3a73fb705db
10983_0,35587755-582a-4d59-9f7a-d4504bd447af
13056_4,e4ba15dd-4a89-4319-ad56-83fda29faedf
10580_0,6d56a682-26ea-4949-9fa7-6d679eab8f67
11721_0,ea3f7334-4ba2-4278-bf8e-fa2bf6fff90d
10644_0,52827c37-ed18-415a-86e9-d96ffa0313e5
12697_1,e7d56d6e-f907-4fc1-93a5-b9bd46f47994
10771_0,60c53a49-e75c-400f-b32f-31018dcd47c5
12653_0,26f0e44b-d1c1-4736-9d49-e5f560cd01e7
10811_0,2f4b246e-a4b0-4b40-8005-92a1a5721b08
10686_i,cf43284c-4e4c-480d-a98a-fecb9d2c7156
10629_0,2456aad3-4a41-48cd-b75a-6d4f8297f09f
10630_0,591fc8ec-55df-4f14-8f19-bf432fa818ba
12130_0,c8ad95b1-64ad-48b8-9c09-bc1ee781f630
11440_3,8c6a3cf4-0679-4542-9e33-67694a0a0ccd
10977_0,2420aaaa-1500-4383-ab1c-a15c8e121bc8
11754_0,c55bd24d-695a-4ebe-9b07-7911c77dc175
10751_0,686cccaa-d063-4e76-8126-b4a75c8d3ddd
11321_0,0815e75a-3be0-48e4-9bec-1589ac7f922d
10633_0,47444483-d434-4cd4-a992-504909a4b2e8
10810_0,78b02855-6c45-4e37-bb4b-16cbfe6adf0f
10790_0,197b4110-8f37-4f4a-bb90-28c36b70f16e
10986_0,241f79ca-583c-4f09-ad85-e78f3fafe0ec
10965_0,17356945-297b-4479-bbe1-118ea2685452
11376_0,5ad4260d-89d5-4b61-967f-67837941d7ef
10777_0,71d64bc6-db16-4c16-85bc-6e10db506a4f
10748_0,6ad19ac2-f095-49aa-83ba-9b028b47c619
10851_1,121a9839-d927-4705-aa85-b3b4a6484cf0
10734_0,bb781b47-6e17-4675-b784-f6546c60a7e6
10901_0,48c5e09e-bc0c-4901-a98f-a4915d041ec1
11201_0,36386fa2-9f77-487f-8b10-ad89ba6664d2
10961_0,a5ca2f4c-0210-42a1-86ff-469a146c553e
11071_0,83f01f08-1147-41ed-b3d1-ad8ebdcc4b04
11173_0,a753b6fd-7ffc-4805-9b15-fa0c78a6b71f
10863_0,ab8a1f8f-40f7-44be-a0e4-4ffe442ef20f
10835_0,8f419fc4-8990-486a-a3b3-0c575488940f
12103_0,b374bf72-bf14-4b80-beb3-903b4ecc2067
10830_0,679519c4-6644-47c2-8ca1-38269739fd25
10916_i,92def9b6-4b81-4786-8f30-9ad73c59db25
10994_0,3f9a68ac-e20c-4c9c-924e-3a2101f984b5
11769_1,75600807-2197-4893-a984-bdf489cd4554
10944_0,08e0aef7-6be5-4ea2-bec2-14c01d7aa924
11739_0,2af13eee-7f8e-40f4-8e1f-4bd9502d2f27
11034_0,92272e8b-ff2e-4f73-94c1-23e83070a865
11050_0,1f78dc79-9f1b-48a5-8d43-f40a3749e87c
10939_0,032f53b1-ea83-4fe4-a93a-3a8353b870ef
10456_0,4f68344a-602f-4433-87e6-945a048877b4
10776_0,c2ab975c-0f00-4640-87b4-aed7e582c968
11109_1,a7aedff4-fc44-4520-b67a-e5931a07ac70
11209_0,015106ee-70e3-49e8-bcd5-4d072148dea3
11920_0,0ce4a3f7-972f-4fab-87eb-fe3d6003c6bc
11043_0,02aa781b-29b8-41bc-9078-302f4df32665
11051_0,cc1ca4e4-e79f-4f03-8ad8-965b34da048c
11260_0,e0dc82fd-60c9-4ee2-8014-5175684a69c1
10886_0,548698bd-3fd2-4405-8c06-805eb3258ee0
10866_0,3c494a9b-2877-4c5f-9f33-68d82a9352f0
11535_0,fc30f5d2-689a-4236-8237-3089a67866ed
11426_0,91b5f904-f56f-4c75-8923-d06a27931c26
11344_0,6f4af9ba-d906-4104-8e41-1a3cf52addc7
10749_0,734e1381-eda0-4b89-acd6-70790126d0d2
11038_0,ac85d0c7-92ce-4598-a978-c727bb33c37a
11280_1,3302c523-0336-444c-99a7-bc9ad5e0a006
11574_0,1764e462-300f-44de-8e75-6b9833d71a95
12083_0,54338cc7-9c0b-49fe-847e-8195a5f27a6d
10793_0,d688c4e9-4661-481c-8ce4-f130c2392edb
11645_0,d112161c-9d69-48da-a0cf-dacd369be39f
11493_0,aa1b21b4-f6de-46f2-9a55-ca8b8223bd0d
11984_1,fefa8c32-2ab5-463c-831a-6614a91485cc
12620_0,415ad729-82c7-42c4-92e5-04f7f0280294
11133_0,3ef8925d-18b6-429b-a643-5ee0582ebcc3
11353_0,7e1046cb-2c6d-4dd3-a3d5-4e505b97b9f7
11238_1,49d28bab-fce7-49ae-b1b8-c1d620e20f05
11060_2,89eb5b58-f9ed-4b95-9ac2-440285a17eac
11267_0,2632231c-8168-4c0b-9d2b-e80e7eaa88bd
11013_0,05909a59-58f5-4808-9c80-ee5dc4325a18
11840_0,6995928b-19a7-4532-8a5d-3895cf81ccb1
11816_0,a160e270-c3e4-4be4-a20e-b48e5a8bc1a9
11241_0,b9e59118-56ce-4691-938a-4b6f60110ea6
11452_0,baa8eb0b-41b4-44a9-beda-0c4785366a58
12880_0,18fb4a7f-1428-432c-b589-af9c01c09c73
11261_0,2c664978-3bf4-4b6d-8d76-69e8014b76e2
12479_0,d287294a-201f-4e6f-9031-e7edd2fc81a1
11394_0,c7903e5c-542b-4175-847e-3cfb6ed86213
11462_0,ed13ff1d-30b3-4978-9152-43fcd99d13de
11357_0,f7d48f2f-84e6-4990-8248-2716ed8c532d
11411_0,407855b3-4c49-44d4-a14c-73a4f6030400
11373_i,d40951ea-c30f-427e-9f69-974006c17fa5
12677_0,96a688cc-9287-4066-b2e4-8fa7c8697481
11113_0,47838349-c6f6-459d-832e-e2e967a95a5f
12230_0,ef94b100-ea6e-4a31-8ca9-32d88def2444
13229_2,d7b8b9f9-7eaf-4bf0-97d8-97d140779acf
11382_0,81d36091-afa1-4f13-8a1f-feeae737bccd
11425_0,40843c61-b737-47f3-810a-af9fa7d4ce27
12540_0,3ba36117-4597-4ce4-a239-3e8a9bfb865d
11447_i,fc721c73-0271-4276-acc7-306a6cb14dc2
11620_0,35f0ad0d-d5d7-4b46-bf1d-fd53665151d5
12122_1,5a6d5e42-a268-45c5-9041-5cdd505dffa7
12055_0,9eef6f87-8bb2-45f3-9553-7f50847466ae
12328_0,0e1132f0-3984-405b-beba-0bdf1f69379b
10879_0,7c64ac13-1c83-42a4-ba2f-74d04451770b
11614_0,68bd6d8d-4c54-4bca-b8a6-c764cdc8a37f
11902_0,cf76fc9d-4952-4a97-836f-f2bc35cfdcb1
11730_0,d6d2be66-d376-431a-8557-abe7cb9a6b7b
11938_0,2ba28cc2-1981-4ffd-8495-a42a014ccf8d
11595_0,f2dfc510-7c7b-4d9a-bde6-4cc4760d1543
11796_3,0925b295-a861-40f3-98fe-2c7b4c10cf73
11579_0,a7bd79e2-40fd-4b47-9ff9-bc24e88c8b48
11750_0,ba201096-7e9e-4660-8c0f-b18c43e1c6c0
12760_0,d7bba9d0-ecc8-47a4-91b4-555e06008526
12139_0,cf7f12c7-0f5f-4384-8e43-f2816cc4f55d
11627_0,06ba513a-b5e1-49b2-8297-bf044a129a9c
12084_0,18b73228-ce63-42b6-9492-c41c8b3a9440
11780_0,76aa875f-caef-4f2f-9769-08f6e80f8eaa
13056_5,e4ba15dd-4a89-4319-ad56-83fda29faedf
11562_0,6d56a682-26ea-4949-9fa7-6d679eab8f67
11721_1,ea3f7334-4ba2-4278-bf8e-fa2bf6fff90d
11334_0,c858f5b5-e4c8-49e8-b5d4-8268ab810e3a
12697_2,e7d56d6e-f907-4fc1-93a5-b9bd46f47994
11604_0,c6ea4c97-f9ce-4e4c-a93d-3b5a61cc5e22
12653_1,26f0e44b-d1c1-4736-9d49-e5f560cd01e7
11668_0,f886ace5-7577-4da2-bc77-de307be7d218
11744_0,e147f23e-a6bb-474a-b48a-6b221c06091c
12199_0,75192df1-8f9c-4fc0-8176-a9e3c3fd8209
12130_1,c8ad95b1-64ad-48b8-9c09-bc1ee781f630
11440_4,8c6a3cf4-0679-4542-9e33-67694a0a0ccd
11664_i,73e08de8-84ed-4821-9f70-fa88decc884a
11775_0,2420aaaa-1500-4383-ab1c-a15c8e121bc8
11754_1,c55bd24d-695a-4ebe-9b07-7911c77dc175
11711_0,bcdb67ee-be81-4d29-b155-e81639057f2a
14441_0,ee862a61-0289-48a8-91b1-a199f6427f36
12149_0,ee0615db-9df7-4097-89b9-e8f41b600904
11844_0,0001578e-105d-417f-b88f-86ac1546cd75
11771_0,4c5dd7cb-e813-4ae2-8050-a44321713b2a
11767_0,17356945-297b-4479-bbe1-118ea2685452
11962_0,5ad4260d-89d5-4b61-967f-67837941d7ef
12106_0,4d3d6412-65fe-441a-ba05-a111e9c785ed
12767_0,4760472c-43f8-4f4d-affc-dbdb720a687e
11712_0,d1e971bb-734c-499e-86e0-134d8ee78615
11820_0,05cf60dc-7856-499a-91af-e3557b0c5b5a
11468_0,db0066a6-feb1-43c7-a796-3ac5e6efa0e8
12293_0,36386fa2-9f77-487f-8b10-ad89ba6664d2
11763_0,2b903e71-ff00-4b94-b84c-2c6334d6f12a
13199_0,fd1a5e2f-4689-4885-86d9-8feeb03f9bab
11950_0,a72de1db-b53f-48cc-bdfc-9c888c0973b2
12136_0,bea2e103-71d5-4561-95bf-518b1a483f64
12205_0,9b1a71fb-ec35-42a4-914b-0b7e604ce4da
12103_1,b374bf72-bf14-4b80-beb3-903b4ecc2067
11727_0,92def9b6-4b81-4786-8f30-9ad73c59db25
11826_0,5574a27c-47dc-48c7-a74f-81108665e70e
11769_2,75600807-2197-4893-a984-bdf489cd4554
11703_0,4402b7c2-c27b-43a3-bf4b-d655276700e3
11961_0,f7810fdd-1834-4900-ac55-2cbcf4803440
11985_0,53029552-7655-400f-9e36-e0c1078f7576
14003_0,009f8957-13f9-45f2-ae1f-b1a76d709907
11286_0,55a6a6b4-32d4-4d9e-8a07-089aec052df3
11783_0,8520c04d-786e-4022-bdb2-ce7a1adac8dc
11919_0,17295f50-7836-42eb-b659-f5a407e7b38d
11917_0,e2c9e1f6-b0b8-4c29-a215-dd5e8d48f127
11920_1,0ce4a3f7-972f-4fab-87eb-fe3d6003c6bc
11882_0,cccfd46b-566a-417a-b51c-2974e9dcfca0
12202_0,6fc74b0a-d104-4c02-b7bc-5c2329fbd311
12744_0,d7a77676-01b0-4cb4-8722-d8a44b3a6915
12441_0,85ec925b-eef8-4f95-9b9c-85ea63642e82
12454_0,4e6dd429-1a02-4d94-abf1-5414ac97046d
12929_0,8bbdcd6c-7853-43a8-ade6-cac55a618f52
11822_0,d87d1fab-65bf-436f-991f-8d6a9afb01dd
12229_0,8333d544-b51f-43f3-a554-9394754deaca
12855_0,0befbbea-ecb2-435d-b532-48ad5a81e167
12206_0,107fcd3a-a1db-436c-90c9-50dcc23a9fb5
12083_1,54338cc7-9c0b-49fe-847e-8195a5f27a6d
10793_1,d688c4e9-4661-481c-8ce4-f130c2392edb
12018_0,d112161c-9d69-48da-a0cf-dacd369be39f
12791_0,0f97ed26-b2b8-4a2f-ad3a-04846c0acbdf
11984_2,fefa8c32-2ab5-463c-831a-6614a91485cc
12620_1,415ad729-82c7-42c4-92e5-04f7f0280294
12044_i,4521e6f1-6912-4a58-bde6-ab6aa48b5034
12092_0,914b362e-b3fa-46e8-a4fa-0367360b2c72
11353_1,7e1046cb-2c6d-4dd3-a3d5-4e505b97b9f7
12233_0,079d128f-0585-4e4b-9d39-7d141c9c9061
12078_i,6b52de79-f239-4b88-ae5f-026ca4fd6a15
11930_0,89eb5b58-f9ed-4b95-9ac2-440285a17eac
12210_0,2632231c-8168-4c0b-9d2b-e80e7eaa88bd
12504_0,05909a59-58f5-4808-9c80-ee5dc4325a18
11840_1,6995928b-19a7-4532-8a5d-3895cf81ccb1
11816_1,a160e270-c3e4-4be4-a20e-b48e5a8bc1a9
12340_0,87ebfaad-9788-4536-9910-690d04a1c929
12456_0,7fa7b2ad-4f48-47ba-bd1d-69b630000b35
12237_i,116af5db-cad1-47e1-a2e2-64379acf6165
12880_1,18fb4a7f-1428-432c-b589-af9c01c09c73
11261_1,2c664978-3bf4-4b6d-8d76-69e8014b76e2
12479_1,d287294a-201f-4e6f-9031-e7edd2fc81a1
12319_0,4cef6a06-7db1-40cc-bb04-f1adad540c7f
12478_0,570f1b44-6890-4395-adfb-f976483b6730
12933_0,77c0f90d-0b11-44c2-8ecd-eea029fd77ad
12425_0,886cd547-1223-45cb-a47a-d209e99508af
12677_1,96a688cc-9287-4066-b2e4-8fa7c8697481
12346_i,fd915b8a-117d-4ece-ae90-b0ccb35a4e4d
12373_0,ef94b100-ea6e-4a31-8ca9-32d88def2444
13229_3,d7b8b9f9-7eaf-4bf0-97d8-97d140779acf
12331_0,8947e847-b32d-4b99-9264-b79feb40d62c
13263_0,f94f2f95-fb30-4266-8491-fc614a11f994
12540_1,3ba36117-4597-4ce4-a239-3e8a9bfb865d
12508_0,6d4eab48-abc1-48df-8903-e41166c7d43c
12377_0,6c78afb0-706a-4f8b-a7d6-be1f7fca0f1a
12122_2,5a6d5e42-a268-45c5-9041-5cdd505dffa7
12402_0,69cd2862-1886-44e2-8210-853f55438391
12424_0,964d16d9-ea84-4b4d-a813-9477e098af5a
13859_0,896abb90-379c-4a93-8452-9a527994c638
12940_0,5c256487-c6a5-49b6-8fda-04ee32658b2b
12942_0,9428c306-d8e2-42c3-aa48-015885ca116e
12503_0,e7e82596-c0b7-41cd-bcc8-6a1e6d5e801b
11595_1,f2dfc510-7c7b-4d9a-bde6-4cc4760d1543
12589_0,234907e7-bb95-4184-90a7-a14ab36ddeac
12760_1,d7bba9d0-ecc8-47a4-91b4-555e06008526
12923_0,bda7c3b1-8cc0-4687-962e-cba53c0494b3
12674_0,b0fd78da-8bb9-4912-901d-9f9dd71ed9ad
13681_0,47e938a0-a738-442b-aa18-36c767047b0c
12525_0,a093eaf5-45fe-4b4a-ba9d-2222f9d77ad6
13056_6,e4ba15dd-4a89-4319-ad56-83fda29faedf
12138_0,cf51fd42-b263-447d-a422-0fc215bca0bf
11721_2,ea3f7334-4ba2-4278-bf8e-fa2bf6fff90d
13504_0,b7fde822-9795-4229-a9b7-8d92ad3b4dea
12697_3,e7d56d6e-f907-4fc1-93a5-b9bd46f47994
13905_0,ccb10c3a-24b7-435a-b768-d9dc224cfd6b
12653_2,26f0e44b-d1c1-4736-9d49-e5f560cd01e7
12529_0,9d089dc7-f2d6-4bde-844b-d3282e483e93
11905_0,b6d2e5de-8665-40de-8779-67bc84ea78c9
12603_0,ab228e90-2dc9-445d-a545-d06eac404b4d
11440_5,8c6a3cf4-0679-4542-9e33-67694a0a0ccd
12790_0,f61f59de-0ff5-4372-8a71-ebaab1782a83
12630_0,88df5552-9edb-4ff9-a954-b6ea51507ea1
12915_0,dfee9a44-1179-4c4d-965e-656f03ad3695
14441_1,ee862a61-0289-48a8-91b1-a199f6427f36
13162_0,601f4ad5-fba6-4e65-aafa-8082fb2b8c99
13375_0,3003ebbe-769a-458a-9378-fa0788a5afe7
12652_0,a845fcca-ba9a-460c-b613-fa754dfe7069
14119_0,fd3c63ad-6549-41d7-b424-604c296a6c63
13301_0,7c6c7cc0-0343-4433-986a-d398290f58e5
12858_0,402d5195-9215-4fab-9b15-a0ac460bdac9
12767_1,4760472c-43f8-4f4d-affc-dbdb720a687e
12670_0,72faada0-ae80-414c-8608-22a7c0f9111f
13529_0,299456cb-b1e6-4216-b0a0-880670e7ee03
13387_0,5ab06e2e-d779-4744-bbdd-47b85b560395
13199_1,fd1a5e2f-4689-4885-86d9-8feeb03f9bab
13343_0,cefbf22e-384a-4dbf-9214-6bfc977c89ee
12667_0,e0b09186-2ea8-48ea-a04f-6f77a698eb8e
12953_0,8f419fc4-8990-486a-a3b3-0c575488940f
12957_0,526f575a-7aea-4f6c-b998-f9474ad4fa37
13675_0,c35a1ba5-b2ca-4fb0-adcb-3ceae5760d06
12577_0,6d012320-afe7-4bb5-8786-35f12cc67995
12818_0,3b902459-670c-4e7a-b9bf-9d51cb4498b0
13550_0,f70f0a3e-05a0-43ce-a65f-14a4670c375e
14003_1,009f8957-13f9-45f2-ae1f-b1a76d709907
13280_0,7057b6d9-5780-46a5-ada1-5aeacdf9ed02
12650_0,d2bbe39e-f95d-4d7c-ae54-e8c76a91fa2e
13230_0,edaf0739-1e1d-407e-9ff9-b15cf74b6a8f
13042_0,02a3e707-09ce-44f8-94b1-91d6ae556060
12913_0,f12ebf7d-bba7-44d1-b5b3-87295a5f8b51
12861_i,c705cfca-a150-4555-9d66-299b703d7b03
13735_0,38b878c9-d4d3-4f5d-901d-3b8fc0a94d95
12929_1,8bbdcd6c-7853-43a8-ade6-cac55a618f52
13881_0,bd21a881-85c6-4f7c-be49-0a1f91721a35
12975_0,77ce7383-5ed8-46d4-88c2-4a2c50fa144f
12705_0,aabb05e4-927b-415a-bbd5-1c4d8489820b
13344_0,1d2efbef-5452-42d2-a71f-2553ed8259de
12732_0,6fc26ec9-0478-4a99-86d9-4773f0c6b28d
12791_1,0f97ed26-b2b8-4a2f-ad3a-04846c0acbdf
13036_0,e5c630a7-d4e4-4451-9890-4b9f8eab5470
13689_0,9a8832ab-f75b-40a2-9869-d538f64a05be
13043_0,5dae0695-ffc5-4242-ae2c-ee98b008bb27
13040_0,b6b1af69-1e64-46b9-9326-71986b4d0a4c
13334_0,108d4464-5bb7-4a8f-979b-ea5287ac2b85
13256_0,e243869b-e2fe-4a64-a13f-b0bd95736fe7
12781_0,99843222-e612-4cab-b77d-c0dd68350a98
13314_0,a479bcc1-c18e-4e01-805d-5928222d010e
11816_2,a160e270-c3e4-4be4-a20e-b48e5a8bc1a9
13867_0,3151fa41-e4ec-41b4-88f9-147f61534f77
13159_0,7fa7b2ad-4f48-47ba-bd1d-69b630000b35
13827_0,411b2c5a-fdfa-46ed-819e-553abb90ab25
13325_0,61204e61-7aa7-4d04-a70d-a766a30ff786
13478_0,d287294a-201f-4e6f-9031-e7edd2fc81a1
13160_0,666cca26-3d34-4119-a86e-30e124681865
12505_0,f7d48f2f-84e6-4990-8248-2716ed8c532d
14023_0,e4cc40d6-2f6f-463d-9a05-f2997fd2d1dd
13077_0,886cd547-1223-45cb-a47a-d209e99508af
12677_2,96a688cc-9287-4066-b2e4-8fa7c8697481
13392_0,fd915b8a-117d-4ece-ae90-b0ccb35a4e4d
14148_0,77b606ac-069f-44ce-a21a-6efdb0a71dea
13229_4,d7b8b9f9-7eaf-4bf0-97d8-97d140779acf
13476_0,f94f2f95-fb30-4266-8491-fc614a11f994
13290_0,9c3ebc1f-c15f-4d5f-95ff-4fcbd87bc34b
13453_0,c83990db-9716-4589-bd44-a6f2ff647148
13859_1,896abb90-379c-4a93-8452-9a527994c638
13417_0,663d695e-1b20-4d2a-8a33-4fce6e76f60c
13442_0,56c1c80c-a438-4764-b8e7-6a5e1194f982
13466_0,18023424-dc63-4d9e-9aed-6ba4d23469e3
14227_0,a2c4e193-ee83-4dd0-9b5e-56f0431cad0b
13681_1,47e938a0-a738-442b-aa18-36c767047b0c
13384_0,c259b382-f46f-4ab5-bd90-09344178de38
14133_0,290b2798-0f01-4fff-894d-cdc1e4ce1243
12753_0,b9c7e18d-f642-4028-b422-5a88f133d5fc
13905_1,ccb10c3a-24b7-435a-b768-d9dc224cfd6b
13596_0,1c9358aa-e8ef-404e-b9c5-a0e2b6cb274f
14084_0,821c7739-1d3b-4e37-972a-0dbea097bc9d
13578_0,3a0494d1-f726-494f-8cd7-cbf0f8450575
13658_0,ece45f1f-0805-4150-9f5f-f22a3eb38887
13830_0,04d89e7a-3bd0-4780-9477-b2c46f898eb2
13577_0,636b1b0d-c6f5-4fc5-ac65-e854a7373ac0
14306_0,dfee9a44-1179-4c4d-965e-656f03ad3695
14441_2,ee862a61-0289-48a8-91b1-a199f6427f36
14106_0,14516649-bcb3-47d5-bb58-de315f26b422
13375_1,3003ebbe-769a-458a-9378-fa0788a5afe7
13662_0,72247a1f-5bfc-4784-8ebc-8b134b8f7dc0
14119_1,fd3c63ad-6549-41d7-b424-604c296a6c63
13719_0,351da48a-5486-45d5-9bff-5bd784ae9a88
14585_0,402d5195-9215-4fab-9b15-a0ac460bdac9
13740_0,9a769b0d-7def-406f-99a8-8b725af2f6c9
13742_0,3dbea2bf-f3de-44be-8268-072e2199884d
13652_0,838af88e-efed-4c9a-8a02-18fb8fea2855
14145_0,81720e48-5cff-4286-a025-488327a24ee5
13751_0,cefbf22e-384a-4dbf-9214-6bfc977c89ee
13207_0,1dc53fb0-a61f-4492-ae3e-72bff6532fad
13604_0,b523cab7-195c-4acc-ae9f-86210db5c61e
13675_1,c35a1ba5-b2ca-4fb0-adcb-3ceae5760d06
13629_0,b12b2487-f515-4c24-b414-962483edf4c4
13531_0,cbaa3940-d238-47dd-b1df-cca83dd9cb59
14017_0,46d9447b-c071-4757-a7b5-fce85e0bed8d
14003_2,009f8957-13f9-45f2-ae1f-b1a76d709907
13890_0,057c9fbc-7ed2-4e9e-beb0-582fbd793dbc
14075_0,4739d851-7699-4bb8-a134-a8f245cc616b
13585_0,d7336854-abd7-49a7-bfe4-a7c231a72994
14006_0,260b5ecb-dce9-48ef-b53c-5b55f1a06300
14497_0,38b878c9-d4d3-4f5d-901d-3b8fc0a94d95
13881_1,bd21a881-85c6-4f7c-be49-0a1f91721a35
14061_0,0b086a79-70f6-4b37-adf1-22ba3a1d9cc6
13964_0,585ecaf4-d7bd-45b1-a259-0bb3e9612a5d
14850_0,ac888c2a-ad8e-45a7-930e-0c418c0077a0
13775_0,5d33e634-70c4-484e-925d-94644b7164e4
13970_0,2ecba8b3-8089-49e8-a4c0-0096b5c0024a
14036_0,73c42a27-b2e5-4f62-83e6-360618c1690f
14112_0,49a6075e-a077-484a-a6eb-7853b873bf11
14608_0,76878d91-4577-452a-a620-0c1f31bf48ec
14023_1,e4cc40d6-2f6f-463d-9a05-f2997fd2d1dd
13077_1,886cd547-1223-45cb-a47a-d209e99508af
14241_0,fd915b8a-117d-4ece-ae90-b0ccb35a4e4d
14359_0,896abb90-379c-4a93-8452-9a527994c638
14438_i,062ae347-57e1-44ed-acad-92965ed61201
14227_1,a2c4e193-ee83-4dd0-9b5e-56f0431cad0b
14692_0,95fcf0d8-4d31-48a8-a3a3-3fc6130ec9f6
14599_0,fc631265-af80-46b1-be3c-9203f825c12a
14640_0,b922a74d-fb08-4a43-a4a7-0114b78f5123
14634_0,dfee9a44-1179-4c4d-965e-656f03ad3695
14441_3,ee862a61-0289-48a8-91b1-a199f6427f36
14620_0,d8899f11-47d0-485f-88fb-88646250ef7a
14585_1,402d5195-9215-4fab-9b15-a0ac460bdac9
14483_0,5260732c-dc43-4d71-a9a1-91b7ffff91df
14737_0,260016ce-c428-4aef-ab77-341f13daea42
14768_0,b12b2487-f515-4c24-b414-962483edf4c4
14843_0,566ca771-157a-4147-b7ac-64b32e61c9a7
14813_0,bf19811c-16f6-4384-8929-5b14915171f8
14734_0,4b22b38b-8e6a-4aab-83db-dd84fc24a029
